id,fusion_mode,available_pillars,missing_pillars,raw_weights,effective_weights,pillar_scores,weighted_contributions,reconstructed_h_score,stored_h_score,absolute_error
gen_0001,PARTIAL_RENORMALIZED,P1,P2+P3,"{""alpha"": 0.45, ""beta"": 0.3, ""gamma"": 0.25}","{""alpha"": 1.0, ""beta"": 0.0, ""gamma"": 0.0}","{""fe"": 0.0021, ""cg"": null, ""cf"": null}","{""p1"": 0.0021, ""p2"": 0.0, ""p3"": 0.0}",0.0021,0.0021,0.0000000000e+00
gen_0002,PARTIAL_RENORMALIZED,P1,P2+P3,"{""alpha"": 0.45, ""beta"": 0.3, ""gamma"": 0.25}","{""alpha"": 1.0, ""beta"": 0.0, ""gamma"": 0.0}","{""fe"": 0.9992, ""cg"": null, ""cf"": null}","{""p1"": 0.9992, ""p2"": 0.0, ""p3"": 0.0}",0.9992,0.9992,0.0000000000e+00
gen_0003,PARTIAL_RENORMALIZED,P1,P2+P3,"{""alpha"": 0.45, ""beta"": 0.3, ""gamma"": 0.25}","{""alpha"": 1.0, ""beta"": 0.0, ""gamma"": 0.0}","{""fe"": 0.05, ""cg"": null, ""cf"": null}","{""p1"": 0.05, ""p2"": 0.0, ""p3"": 0.0}",0.05,0.05,0.0000000000e+00
gen_0004,PARTIAL_RENORMALIZED,P1,P2+P3,"{""alpha"": 0.45, ""beta"": 0.3, ""gamma"": 0.25}","{""alpha"": 1.0, ""beta"": 0.0, ""gamma"": 0.0}","{""fe"": 0.7865, ""cg"": null, ""cf"": null}","{""p1"": 0.7865, ""p2"": 0.0, ""p3"": 0.0}",0.7865,0.7865,0.0000000000e+00
gen_0005,PARTIAL_RENORMALIZED,P1,P2+P3,"{""alpha"": 0.45, ""beta"": 0.3, ""gamma"": 0.25}","{""alpha"": 1.0, ""beta"": 0.0, ""gamma"": 0.0}","{""fe"": 0.0021, ""cg"": null, ""cf"": null}","{""p1"": 0.0021, ""p2"": 0.0, ""p3"": 0.0}",0.0021,0.0021,0.0000000000e+00
gen_0006,PARTIAL_RENORMALIZED,P1,P2+P3,"{""alpha"": 0.45, ""beta"": 0.3, ""gamma"": 0.25}","{""alpha"": 1.0, ""beta"": 0.0, ""gamma"": 0.0}","{""fe"": 0.9992, ""cg"": null, ""cf"": null}","{""p1"": 0.9992, ""p2"": 0.0, ""p3"": 0.0}",0.9992,0.9992,0.0000000000e+00
gen_0007,PARTIAL_RENORMALIZED,P1,P2+P3,"{""alpha"": 0.45, ""beta"": 0.3, ""gamma"": 0.25}","{""alpha"": 1.0, ""beta"": 0.0, ""gamma"": 0.0}","{""fe"": 0.05, ""cg"": null, ""cf"": null}","{""p1"": 0.05, ""p2"": 0.0, ""p3"": 0.0}",0.05,0.05,0.0000000000e+00
gen_0008,PARTIAL_RENORMALIZED,P1,P2+P3,"{""alpha"": 0.45, ""beta"": 0.3, ""gamma"": 0.25}","{""alpha"": 1.0, ""beta"": 0.0, ""gamma"": 0.0}","{""fe"": 0.7865, ""cg"": null, ""cf"": null}","{""p1"": 0.7865, ""p2"": 0.0, ""p3"": 0.0}",0.7865,0.7865,0.0000000000e+00
gen_0009,PARTIAL_RENORMALIZED,P1,P2+P3,"{""alpha"": 0.45, ""beta"": 0.3, ""gamma"": 0.25}","{""alpha"": 1.0, ""beta"": 0.0, ""gamma"": 0.0}","{""fe"": 0.0021, ""cg"": null, ""cf"": null}","{""p1"": 0.0021, ""p2"": 0.0, ""p3"": 0.0}",0.0021,0.0021,0.0000000000e+00
gen_0010,PARTIAL_RENORMALIZED,P1,P2+P3,"{""alpha"": 0.45, ""beta"": 0.3, ""gamma"": 0.25}","{""alpha"": 1.0, ""beta"": 0.0, ""gamma"": 0.0}","{""fe"": 0.9992, ""cg"": null, ""cf"": null}","{""p1"": 0.9992, ""p2"": 0.0, ""p3"": 0.0}",0.9992,0.9992,0.0000000000e+00
gen_0011,PARTIAL_RENORMALIZED,P1,P2+P3,"{""alpha"": 0.45, ""beta"": 0.3, ""gamma"": 0.25}","{""alpha"": 1.0, ""beta"": 0.0, ""gamma"": 0.0}","{""fe"": 0.05, ""cg"": null, ""cf"": null}","{""p1"": 0.05, ""p2"": 0.0, ""p3"": 0.0}",0.05,0.05,0.0000000000e+00
gen_0012,PARTIAL_RENORMALIZED,P1,P2+P3,"{""alpha"": 0.45, ""beta"": 0.3, ""gamma"": 0.25}","{""alpha"": 1.0, ""beta"": 0.0, ""gamma"": 0.0}","{""fe"": 0.7865, ""cg"": null, ""cf"": null}","{""p1"": 0.7865, ""p2"": 0.0, ""p3"": 0.0}",0.7865,0.7865,0.0000000000e+00
gen_0013,PARTIAL_RENORMALIZED,P1,P2+P3,"{""alpha"": 0.45, ""beta"": 0.3, ""gamma"": 0.25}","{""alpha"": 1.0, ""beta"": 0.0, ""gamma"": 0.0}","{""fe"": 0.0021, ""cg"": null, ""cf"": null}","{""p1"": 0.0021, ""p2"": 0.0, ""p3"": 0.0}",0.0021,0.0021,0.0000000000e+00
gen_0014,PARTIAL_RENORMALIZED,P1,P2+P3,"{""alpha"": 0.45, ""beta"": 0.3, ""gamma"": 0.25}","{""alpha"": 1.0, ""beta"": 0.0, ""gamma"": 0.0}","{""fe"": 0.9992, ""cg"": null, ""cf"": null}","{""p1"": 0.9992, ""p2"": 0.0, ""p3"": 0.0}",0.9992,0.9992,0.0000000000e+00
gen_0015,PARTIAL_RENORMALIZED,P1,P2+P3,"{""alpha"": 0.45, ""beta"": 0.3, ""gamma"": 0.25}","{""alpha"": 1.0, ""beta"": 0.0, ""gamma"": 0.0}","{""fe"": 0.05, ""cg"": null, ""cf"": null}","{""p1"": 0.05, ""p2"": 0.0, ""p3"": 0.0}",0.05,0.05,0.0000000000e+00
gen_0016,PARTIAL_RENORMALIZED,P1,P2+P3,"{""alpha"": 0.45, ""beta"": 0.3, ""gamma"": 0.25}","{""alpha"": 1.0, ""beta"": 0.0, ""gamma"": 0.0}","{""fe"": 0.7865, ""cg"": null, ""cf"": null}","{""p1"": 0.7865, ""p2"": 0.0, ""p3"": 0.0}",0.7865,0.7865,0.0000000000e+00
gen_0017,PARTIAL_RENORMALIZED,P1,P2+P3,"{""alpha"": 0.45, ""beta"": 0.3, ""gamma"": 0.25}","{""alpha"": 1.0, ""beta"": 0.0, ""gamma"": 0.0}","{""fe"": 0.0021, ""cg"": null, ""cf"": null}","{""p1"": 0.0021, ""p2"": 0.0, ""p3"": 0.0}",0.0021,0.0021,0.0000000000e+00
gen_0018,PARTIAL_RENORMALIZED,P1,P2+P3,"{""alpha"": 0.45, ""beta"": 0.3, ""gamma"": 0.25}","{""alpha"": 1.0, ""beta"": 0.0, ""gamma"": 0.0}","{""fe"": 0.9992, ""cg"": null, ""cf"": null}","{""p1"": 0.9992, ""p2"": 0.0, ""p3"": 0.0}",0.9992,0.9992,0.0000000000e+00
gen_0019,PARTIAL_RENORMALIZED,P1,P2+P3,"{""alpha"": 0.45, ""beta"": 0.3, ""gamma"": 0.25}","{""alpha"": 1.0, ""beta"": 0.0, ""gamma"": 0.0}","{""fe"": 0.05, ""cg"": null, ""cf"": null}","{""p1"": 0.05, ""p2"": 0.0, ""p3"": 0.0}",0.05,0.05,0.0000000000e+00
gen_0020,PARTIAL_RENORMALIZED,P1,P2+P3,"{""alpha"": 0.45, ""beta"": 0.3, ""gamma"": 0.25}","{""alpha"": 1.0, ""beta"": 0.0, ""gamma"": 0.0}","{""fe"": 0.7865, ""cg"": null, ""cf"": null}","{""p1"": 0.7865, ""p2"": 0.0, ""p3"": 0.0}",0.7865,0.7865,0.0000000000e+00
gen_0021,PARTIAL_RENORMALIZED,P1,P2+P3,"{""alpha"": 0.45, ""beta"": 0.3, ""gamma"": 0.25}","{""alpha"": 1.0, ""beta"": 0.0, ""gamma"": 0.0}","{""fe"": 0.0021, ""cg"": null, ""cf"": null}","{""p1"": 0.0021, ""p2"": 0.0, ""p3"": 0.0}",0.0021,0.0021,0.0000000000e+00
gen_0022,PARTIAL_RENORMALIZED,P1,P2+P3,"{""alpha"": 0.45, ""beta"": 0.3, ""gamma"": 0.25}","{""alpha"": 1.0, ""beta"": 0.0, ""gamma"": 0.0}","{""fe"": 0.9992, ""cg"": null, ""cf"": null}","{""p1"": 0.9992, ""p2"": 0.0, ""p3"": 0.0}",0.9992,0.9992,0.0000000000e+00
gen_0023,PARTIAL_RENORMALIZED,P1,P2+P3,"{""alpha"": 0.45, ""beta"": 0.3, ""gamma"": 0.25}","{""alpha"": 1.0, ""beta"": 0.0, ""gamma"": 0.0}","{""fe"": 0.05, ""cg"": null, ""cf"": null}","{""p1"": 0.05, ""p2"": 0.0, ""p3"": 0.0}",0.05,0.05,0.0000000000e+00
gen_0024,PARTIAL_RENORMALIZED,P1,P2+P3,"{""alpha"": 0.45, ""beta"": 0.3, ""gamma"": 0.25}","{""alpha"": 1.0, ""beta"": 0.0, ""gamma"": 0.0}","{""fe"": 0.7865, ""cg"": null, ""cf"": null}","{""p1"": 0.7865, ""p2"": 0.0, ""p3"": 0.0}",0.7865,0.7865,0.0000000000e+00
gen_0025,PARTIAL_RENORMALIZED,P1,P2+P3,"{""alpha"": 0.45, ""beta"": 0.3, ""gamma"": 0.25}","{""alpha"": 1.0, ""beta"": 0.0, ""gamma"": 0.0}","{""fe"": 0.0021, ""cg"": null, ""cf"": null}","{""p1"": 0.0021, ""p2"": 0.0, ""p3"": 0.0}",0.0021,0.0021,0.0000000000e+00
gen_0026,PARTIAL_RENORMALIZED,P1,P2+P3,"{""alpha"": 0.45, ""beta"": 0.3, ""gamma"": 0.25}","{""alpha"": 1.0, ""beta"": 0.0, ""gamma"": 0.0}","{""fe"": 0.9992, ""cg"": null, ""cf"": null}","{""p1"": 0.9992, ""p2"": 0.0, ""p3"": 0.0}",0.9992,0.9992,0.0000000000e+00
gen_0027,PARTIAL_RENORMALIZED,P1,P2+P3,"{""alpha"": 0.45, ""beta"": 0.3, ""gamma"": 0.25}","{""alpha"": 1.0, ""beta"": 0.0, ""gamma"": 0.0}","{""fe"": 0.05, ""cg"": null, ""cf"": null}","{""p1"": 0.05, ""p2"": 0.0, ""p3"": 0.0}",0.05,0.05,0.0000000000e+00
gen_0028,PARTIAL_RENORMALIZED,P1,P2+P3,"{""alpha"": 0.45, ""beta"": 0.3, ""gamma"": 0.25}","{""alpha"": 1.0, ""beta"": 0.0, ""gamma"": 0.0}","{""fe"": 0.7865, ""cg"": null, ""cf"": null}","{""p1"": 0.7865, ""p2"": 0.0, ""p3"": 0.0}",0.7865,0.7865,0.0000000000e+00
gen_0029,PARTIAL_RENORMALIZED,P1,P2+P3,"{""alpha"": 0.45, ""beta"": 0.3, ""gamma"": 0.25}","{""alpha"": 1.0, ""beta"": 0.0, ""gamma"": 0.0}","{""fe"": 0.0021, ""cg"": null, ""cf"": null}","{""p1"": 0.0021, ""p2"": 0.0, ""p3"": 0.0}",0.0021,0.0021,0.0000000000e+00
gen_0030,PARTIAL_RENORMALIZED,P1,P2+P3,"{""alpha"": 0.45, ""beta"": 0.3, ""gamma"": 0.25}","{""alpha"": 1.0, ""beta"": 0.0, ""gamma"": 0.0}","{""fe"": 0.9992, ""cg"": null, ""cf"": null}","{""p1"": 0.9992, ""p2"": 0.0, ""p3"": 0.0}",0.9992,0.9992,0.0000000000e+00
gen_0031,PARTIAL_RENORMALIZED,P1,P2+P3,"{""alpha"": 0.45, ""beta"": 0.3, ""gamma"": 0.25}","{""alpha"": 1.0, ""beta"": 0.0, ""gamma"": 0.0}","{""fe"": 0.05, ""cg"": null, ""cf"": null}","{""p1"": 0.05, ""p2"": 0.0, ""p3"": 0.0}",0.05,0.05,0.0000000000e+00
gen_0032,PARTIAL_RENORMALIZED,P1,P2+P3,"{""alpha"": 0.45, ""beta"": 0.3, ""gamma"": 0.25}","{""alpha"": 1.0, ""beta"": 0.0, ""gamma"": 0.0}","{""fe"": 0.7865, ""cg"": null, ""cf"": null}","{""p1"": 0.7865, ""p2"": 0.0, ""p3"": 0.0}",0.7865,0.7865,0.0000000000e+00
gen_0033,PARTIAL_RENORMALIZED,P1,P2+P3,"{""alpha"": 0.45, ""beta"": 0.3, ""gamma"": 0.25}","{""alpha"": 1.0, ""beta"": 0.0, ""gamma"": 0.0}","{""fe"": 0.0021, ""cg"": null, ""cf"": null}","{""p1"": 0.0021, ""p2"": 0.0, ""p3"": 0.0}",0.0021,0.0021,0.0000000000e+00
gen_0034,PARTIAL_RENORMALIZED,P1,P2+P3,"{""alpha"": 0.45, ""beta"": 0.3, ""gamma"": 0.25}","{""alpha"": 1.0, ""beta"": 0.0, ""gamma"": 0.0}","{""fe"": 0.9992, ""cg"": null, ""cf"": null}","{""p1"": 0.9992, ""p2"": 0.0, ""p3"": 0.0}",0.9992,0.9992,0.0000000000e+00
gen_0035,PARTIAL_RENORMALIZED,P1,P2+P3,"{""alpha"": 0.45, ""beta"": 0.3, ""gamma"": 0.25}","{""alpha"": 1.0, ""beta"": 0.0, ""gamma"": 0.0}","{""fe"": 0.05, ""cg"": null, ""cf"": null}","{""p1"": 0.05, ""p2"": 0.0, ""p3"": 0.0}",0.05,0.05,0.0000000000e+00
gen_0036,PARTIAL_RENORMALIZED,P1,P2+P3,"{""alpha"": 0.45, ""beta"": 0.3, ""gamma"": 0.25}","{""alpha"": 1.0, ""beta"": 0.0, ""gamma"": 0.0}","{""fe"": 0.7865, ""cg"": null, ""cf"": null}","{""p1"": 0.7865, ""p2"": 0.0, ""p3"": 0.0}",0.7865,0.7865,0.0000000000e+00
gen_0037,PARTIAL_RENORMALIZED,P1,P2+P3,"{""alpha"": 0.45, ""beta"": 0.3, ""gamma"": 0.25}","{""alpha"": 1.0, ""beta"": 0.0, ""gamma"": 0.0}","{""fe"": 0.0021, ""cg"": null, ""cf"": null}","{""p1"": 0.0021, ""p2"": 0.0, ""p3"": 0.0}",0.0021,0.0021,0.0000000000e+00
gen_0038,PARTIAL_RENORMALIZED,P1,P2+P3,"{""alpha"": 0.45, ""beta"": 0.3, ""gamma"": 0.25}","{""alpha"": 1.0, ""beta"": 0.0, ""gamma"": 0.0}","{""fe"": 0.9992, ""cg"": null, ""cf"": null}","{""p1"": 0.9992, ""p2"": 0.0, ""p3"": 0.0}",0.9992,0.9992,0.0000000000e+00
gen_0039,PARTIAL_RENORMALIZED,P1,P2+P3,"{""alpha"": 0.45, ""beta"": 0.3, ""gamma"": 0.25}","{""alpha"": 1.0, ""beta"": 0.0, ""gamma"": 0.0}","{""fe"": 0.05, ""cg"": null, ""cf"": null}","{""p1"": 0.05, ""p2"": 0.0, ""p3"": 0.0}",0.05,0.05,0.0000000000e+00
gen_0040,PARTIAL_RENORMALIZED,P1,P2+P3,"{""alpha"": 0.45, ""beta"": 0.3, ""gamma"": 0.25}","{""alpha"": 1.0, ""beta"": 0.0, ""gamma"": 0.0}","{""fe"": 0.7865, ""cg"": null, ""cf"": null}","{""p1"": 0.7865, ""p2"": 0.0, ""p3"": 0.0}",0.7865,0.7865,0.0000000000e+00
gen_0041,PARTIAL_RENORMALIZED,P1,P2+P3,"{""alpha"": 0.45, ""beta"": 0.3, ""gamma"": 0.25}","{""alpha"": 1.0, ""beta"": 0.0, ""gamma"": 0.0}","{""fe"": 0.0021, ""cg"": null, ""cf"": null}","{""p1"": 0.0021, ""p2"": 0.0, ""p3"": 0.0}",0.0021,0.0021,0.0000000000e+00
gen_0042,PARTIAL_RENORMALIZED,P1,P2+P3,"{""alpha"": 0.45, ""beta"": 0.3, ""gamma"": 0.25}","{""alpha"": 1.0, ""beta"": 0.0, ""gamma"": 0.0}","{""fe"": 0.9992, ""cg"": null, ""cf"": null}","{""p1"": 0.9992, ""p2"": 0.0, ""p3"": 0.0}",0.9992,0.9992,0.0000000000e+00
gen_0043,PARTIAL_RENORMALIZED,P1,P2+P3,"{""alpha"": 0.45, ""beta"": 0.3, ""gamma"": 0.25}","{""alpha"": 1.0, ""beta"": 0.0, ""gamma"": 0.0}","{""fe"": 0.05, ""cg"": null, ""cf"": null}","{""p1"": 0.05, ""p2"": 0.0, ""p3"": 0.0}",0.05,0.05,0.0000000000e+00
gen_0044,PARTIAL_RENORMALIZED,P1,P2+P3,"{""alpha"": 0.45, ""beta"": 0.3, ""gamma"": 0.25}","{""alpha"": 1.0, ""beta"": 0.0, ""gamma"": 0.0}","{""fe"": 0.7865, ""cg"": null, ""cf"": null}","{""p1"": 0.7865, ""p2"": 0.0, ""p3"": 0.0}",0.7865,0.7865,0.0000000000e+00
gen_0045,PARTIAL_RENORMALIZED,P1,P2+P3,"{""alpha"": 0.45, ""beta"": 0.3, ""gamma"": 0.25}","{""alpha"": 1.0, ""beta"": 0.0, ""gamma"": 0.0}","{""fe"": 0.0021, ""cg"": null, ""cf"": null}","{""p1"": 0.0021, ""p2"": 0.0, ""p3"": 0.0}",0.0021,0.0021,0.0000000000e+00
gen_0046,PARTIAL_RENORMALIZED,P1,P2+P3,"{""alpha"": 0.45, ""beta"": 0.3, ""gamma"": 0.25}","{""alpha"": 1.0, ""beta"": 0.0, ""gamma"": 0.0}","{""fe"": 0.9992, ""cg"": null, ""cf"": null}","{""p1"": 0.9992, ""p2"": 0.0, ""p3"": 0.0}",0.9992,0.9992,0.0000000000e+00
gen_0047,PARTIAL_RENORMALIZED,P1,P2+P3,"{""alpha"": 0.45, ""beta"": 0.3, ""gamma"": 0.25}","{""alpha"": 1.0, ""beta"": 0.0, ""gamma"": 0.0}","{""fe"": 0.05, ""cg"": null, ""cf"": null}","{""p1"": 0.05, ""p2"": 0.0, ""p3"": 0.0}",0.05,0.05,0.0000000000e+00
gen_0048,PARTIAL_RENORMALIZED,P1,P2+P3,"{""alpha"": 0.45, ""beta"": 0.3, ""gamma"": 0.25}","{""alpha"": 1.0, ""beta"": 0.0, ""gamma"": 0.0}","{""fe"": 0.7865, ""cg"": null, ""cf"": null}","{""p1"": 0.7865, ""p2"": 0.0, ""p3"": 0.0}",0.7865,0.7865,0.0000000000e+00
gen_0049,PARTIAL_RENORMALIZED,P1,P2+P3,"{""alpha"": 0.45, ""beta"": 0.3, ""gamma"": 0.25}","{""alpha"": 1.0, ""beta"": 0.0, ""gamma"": 0.0}","{""fe"": 0.0021, ""cg"": null, ""cf"": null}","{""p1"": 0.0021, ""p2"": 0.0, ""p3"": 0.0}",0.0021,0.0021,0.0000000000e+00
gen_0050,PARTIAL_RENORMALIZED,P1,P2+P3,"{""alpha"": 0.45, ""beta"": 0.3, ""gamma"": 0.25}","{""alpha"": 1.0, ""beta"": 0.0, ""gamma"": 0.0}","{""fe"": 0.9992, ""cg"": null, ""cf"": null}","{""p1"": 0.9992, ""p2"": 0.0, ""p3"": 0.0}",0.9992,0.9992,0.0000000000e+00
med_0051,PARTIAL_RENORMALIZED,P1,P2+P3,"{""alpha"": 0.45, ""beta"": 0.3, ""gamma"": 0.25}","{""alpha"": 1.0, ""beta"": 0.0, ""gamma"": 0.0}","{""fe"": 0.0047, ""cg"": null, ""cf"": null}","{""p1"": 0.0047, ""p2"": 0.0, ""p3"": 0.0}",0.0047,0.0047,0.0000000000e+00
med_0052,PARTIAL_RENORMALIZED,P1,P2+P3,"{""alpha"": 0.45, ""beta"": 0.3, ""gamma"": 0.25}","{""alpha"": 1.0, ""beta"": 0.0, ""gamma"": 0.0}","{""fe"": 0.5006, ""cg"": null, ""cf"": null}","{""p1"": 0.5006, ""p2"": 0.0, ""p3"": 0.0}",0.5006,0.5006,0.0000000000e+00
med_0053,PARTIAL_RENORMALIZED,P1,P2+P3,"{""alpha"": 0.45, ""beta"": 0.3, ""gamma"": 0.25}","{""alpha"": 1.0, ""beta"": 0.0, ""gamma"": 0.0}","{""fe"": 0.1333, ""cg"": null, ""cf"": null}","{""p1"": 0.1333, ""p2"": 0.0, ""p3"": 0.0}",0.1333,0.1333,0.0000000000e+00
med_0054,PARTIAL_RENORMALIZED,P1,P2+P3,"{""alpha"": 0.45, ""beta"": 0.3, ""gamma"": 0.25}","{""alpha"": 1.0, ""beta"": 0.0, ""gamma"": 0.0}","{""fe"": 1.0, ""cg"": null, ""cf"": null}","{""p1"": 1.0, ""p2"": 0.0, ""p3"": 0.0}",1.0,1.0,0.0000000000e+00
med_0055,PARTIAL_RENORMALIZED,P1,P2+P3,"{""alpha"": 0.45, ""beta"": 0.3, ""gamma"": 0.25}","{""alpha"": 1.0, ""beta"": 0.0, ""gamma"": 0.0}","{""fe"": 0.0047, ""cg"": null, ""cf"": null}","{""p1"": 0.0047, ""p2"": 0.0, ""p3"": 0.0}",0.0047,0.0047,0.0000000000e+00
med_0056,PARTIAL_RENORMALIZED,P1,P2+P3,"{""alpha"": 0.45, ""beta"": 0.3, ""gamma"": 0.25}","{""alpha"": 1.0, ""beta"": 0.0, ""gamma"": 0.0}","{""fe"": 0.5006, ""cg"": null, ""cf"": null}","{""p1"": 0.5006, ""p2"": 0.0, ""p3"": 0.0}",0.5006,0.5006,0.0000000000e+00
med_0057,PARTIAL_RENORMALIZED,P1,P2+P3,"{""alpha"": 0.45, ""beta"": 0.3, ""gamma"": 0.25}","{""alpha"": 1.0, ""beta"": 0.0, ""gamma"": 0.0}","{""fe"": 0.1333, ""cg"": null, ""cf"": null}","{""p1"": 0.1333, ""p2"": 0.0, ""p3"": 0.0}",0.1333,0.1333,0.0000000000e+00
med_0058,PARTIAL_RENORMALIZED,P1,P2+P3,"{""alpha"": 0.45, ""beta"": 0.3, ""gamma"": 0.25}","{""alpha"": 1.0, ""beta"": 0.0, ""gamma"": 0.0}","{""fe"": 1.0, ""cg"": null, ""cf"": null}","{""p1"": 1.0, ""p2"": 0.0, ""p3"": 0.0}",1.0,1.0,0.0000000000e+00
med_0059,PARTIAL_RENORMALIZED,P1,P2+P3,"{""alpha"": 0.45, ""beta"": 0.3, ""gamma"": 0.25}","{""alpha"": 1.0, ""beta"": 0.0, ""gamma"": 0.0}","{""fe"": 0.0047, ""cg"": null, ""cf"": null}","{""p1"": 0.0047, ""p2"": 0.0, ""p3"": 0.0}",0.0047,0.0047,0.0000000000e+00
med_0060,PARTIAL_RENORMALIZED,P1,P2+P3,"{""alpha"": 0.45, ""beta"": 0.3, ""gamma"": 0.25}","{""alpha"": 1.0, ""beta"": 0.0, ""gamma"": 0.0}","{""fe"": 0.5006, ""cg"": null, ""cf"": null}","{""p1"": 0.5006, ""p2"": 0.0, ""p3"": 0.0}",0.5006,0.5006,0.0000000000e+00
med_0061,PARTIAL_RENORMALIZED,P1,P2+P3,"{""alpha"": 0.45, ""beta"": 0.3, ""gamma"": 0.25}","{""alpha"": 1.0, ""beta"": 0.0, ""gamma"": 0.0}","{""fe"": 0.1333, ""cg"": null, ""cf"": null}","{""p1"": 0.1333, ""p2"": 0.0, ""p3"": 0.0}",0.1333,0.1333,0.0000000000e+00
med_0062,PARTIAL_RENORMALIZED,P1,P2+P3,"{""alpha"": 0.45, ""beta"": 0.3, ""gamma"": 0.25}","{""alpha"": 1.0, ""beta"": 0.0, ""gamma"": 0.0}","{""fe"": 1.0, ""cg"": null, ""cf"": null}","{""p1"": 1.0, ""p2"": 0.0, ""p3"": 0.0}",1.0,1.0,0.0000000000e+00
med_0063,PARTIAL_RENORMALIZED,P1,P2+P3,"{""alpha"": 0.45, ""beta"": 0.3, ""gamma"": 0.25}","{""alpha"": 1.0, ""beta"": 0.0, ""gamma"": 0.0}","{""fe"": 0.0047, ""cg"": null, ""cf"": null}","{""p1"": 0.0047, ""p2"": 0.0, ""p3"": 0.0}",0.0047,0.0047,0.0000000000e+00
med_0064,PARTIAL_RENORMALIZED,P1,P2+P3,"{""alpha"": 0.45, ""beta"": 0.3, ""gamma"": 0.25}","{""alpha"": 1.0, ""beta"": 0.0, ""gamma"": 0.0}","{""fe"": 0.5006, ""cg"": null, ""cf"": null}","{""p1"": 0.5006, ""p2"": 0.0, ""p3"": 0.0}",0.5006,0.5006,0.0000000000e+00
med_0065,PARTIAL_RENORMALIZED,P1,P2+P3,"{""alpha"": 0.45, ""beta"": 0.3, ""gamma"": 0.25}","{""alpha"": 1.0, ""beta"": 0.0, ""gamma"": 0.0}","{""fe"": 0.1333, ""cg"": null, ""cf"": null}","{""p1"": 0.1333, ""p2"": 0.0, ""p3"": 0.0}",0.1333,0.1333,0.0000000000e+00
med_0066,PARTIAL_RENORMALIZED,P1,P2+P3,"{""alpha"": 0.45, ""beta"": 0.3, ""gamma"": 0.25}","{""alpha"": 1.0, ""beta"": 0.0, ""gamma"": 0.0}","{""fe"": 1.0, ""cg"": null, ""cf"": null}","{""p1"": 1.0, ""p2"": 0.0, ""p3"": 0.0}",1.0,1.0,0.0000000000e+00
med_0067,PARTIAL_RENORMALIZED,P1,P2+P3,"{""alpha"": 0.45, ""beta"": 0.3, ""gamma"": 0.25}","{""alpha"": 1.0, ""beta"": 0.0, ""gamma"": 0.0}","{""fe"": 0.0047, ""cg"": null, ""cf"": null}","{""p1"": 0.0047, ""p2"": 0.0, ""p3"": 0.0}",0.0047,0.0047,0.0000000000e+00
med_0068,PARTIAL_RENORMALIZED,P1,P2+P3,"{""alpha"": 0.45, ""beta"": 0.3, ""gamma"": 0.25}","{""alpha"": 1.0, ""beta"": 0.0, ""gamma"": 0.0}","{""fe"": 0.5006, ""cg"": null, ""cf"": null}","{""p1"": 0.5006, ""p2"": 0.0, ""p3"": 0.0}",0.5006,0.5006,0.0000000000e+00
med_0069,PARTIAL_RENORMALIZED,P1,P2+P3,"{""alpha"": 0.45, ""beta"": 0.3, ""gamma"": 0.25}","{""alpha"": 1.0, ""beta"": 0.0, ""gamma"": 0.0}","{""fe"": 0.1333, ""cg"": null, ""cf"": null}","{""p1"": 0.1333, ""p2"": 0.0, ""p3"": 0.0}",0.1333,0.1333,0.0000000000e+00
med_0070,PARTIAL_RENORMALIZED,P1,P2+P3,"{""alpha"": 0.45, ""beta"": 0.3, ""gamma"": 0.25}","{""alpha"": 1.0, ""beta"": 0.0, ""gamma"": 0.0}","{""fe"": 1.0, ""cg"": null, ""cf"": null}","{""p1"": 1.0, ""p2"": 0.0, ""p3"": 0.0}",1.0,1.0,0.0000000000e+00
med_0071,PARTIAL_RENORMALIZED,P1,P2+P3,"{""alpha"": 0.45, ""beta"": 0.3, ""gamma"": 0.25}","{""alpha"": 1.0, ""beta"": 0.0, ""gamma"": 0.0}","{""fe"": 0.0047, ""cg"": null, ""cf"": null}","{""p1"": 0.0047, ""p2"": 0.0, ""p3"": 0.0}",0.0047,0.0047,0.0000000000e+00
med_0072,PARTIAL_RENORMALIZED,P1,P2+P3,"{""alpha"": 0.45, ""beta"": 0.3, ""gamma"": 0.25}","{""alpha"": 1.0, ""beta"": 0.0, ""gamma"": 0.0}","{""fe"": 0.5006, ""cg"": null, ""cf"": null}","{""p1"": 0.5006, ""p2"": 0.0, ""p3"": 0.0}",0.5006,0.5006,0.0000000000e+00
med_0073,PARTIAL_RENORMALIZED,P1,P2+P3,"{""alpha"": 0.45, ""beta"": 0.3, ""gamma"": 0.25}","{""alpha"": 1.0, ""beta"": 0.0, ""gamma"": 0.0}","{""fe"": 0.1333, ""cg"": null, ""cf"": null}","{""p1"": 0.1333, ""p2"": 0.0, ""p3"": 0.0}",0.1333,0.1333,0.0000000000e+00
med_0074,PARTIAL_RENORMALIZED,P1,P2+P3,"{""alpha"": 0.45, ""beta"": 0.3, ""gamma"": 0.25}","{""alpha"": 1.0, ""beta"": 0.0, ""gamma"": 0.0}","{""fe"": 1.0, ""cg"": null, ""cf"": null}","{""p1"": 1.0, ""p2"": 0.0, ""p3"": 0.0}",1.0,1.0,0.0000000000e+00
med_0075,PARTIAL_RENORMALIZED,P1,P2+P3,"{""alpha"": 0.45, ""beta"": 0.3, ""gamma"": 0.25}","{""alpha"": 1.0, ""beta"": 0.0, ""gamma"": 0.0}","{""fe"": 0.0047, ""cg"": null, ""cf"": null}","{""p1"": 0.0047, ""p2"": 0.0, ""p3"": 0.0}",0.0047,0.0047,0.0000000000e+00
med_0076,PARTIAL_RENORMALIZED,P1,P2+P3,"{""alpha"": 0.45, ""beta"": 0.3, ""gamma"": 0.25}","{""alpha"": 1.0, ""beta"": 0.0, ""gamma"": 0.0}","{""fe"": 0.5006, ""cg"": null, ""cf"": null}","{""p1"": 0.5006, ""p2"": 0.0, ""p3"": 0.0}",0.5006,0.5006,0.0000000000e+00
med_0077,PARTIAL_RENORMALIZED,P1,P2+P3,"{""alpha"": 0.45, ""beta"": 0.3, ""gamma"": 0.25}","{""alpha"": 1.0, ""beta"": 0.0, ""gamma"": 0.0}","{""fe"": 0.1333, ""cg"": null, ""cf"": null}","{""p1"": 0.1333, ""p2"": 0.0, ""p3"": 0.0}",0.1333,0.1333,0.0000000000e+00
med_0078,PARTIAL_RENORMALIZED,P1,P2+P3,"{""alpha"": 0.45, ""beta"": 0.3, ""gamma"": 0.25}","{""alpha"": 1.0, ""beta"": 0.0, ""gamma"": 0.0}","{""fe"": 1.0, ""cg"": null, ""cf"": null}","{""p1"": 1.0, ""p2"": 0.0, ""p3"": 0.0}",1.0,1.0,0.0000000000e+00
med_0079,PARTIAL_RENORMALIZED,P1,P2+P3,"{""alpha"": 0.45, ""beta"": 0.3, ""gamma"": 0.25}","{""alpha"": 1.0, ""beta"": 0.0, ""gamma"": 0.0}","{""fe"": 0.0047, ""cg"": null, ""cf"": null}","{""p1"": 0.0047, ""p2"": 0.0, ""p3"": 0.0}",0.0047,0.0047,0.0000000000e+00
med_0080,PARTIAL_RENORMALIZED,P1,P2+P3,"{""alpha"": 0.45, ""beta"": 0.3, ""gamma"": 0.25}","{""alpha"": 1.0, ""beta"": 0.0, ""gamma"": 0.0}","{""fe"": 0.5006, ""cg"": null, ""cf"": null}","{""p1"": 0.5006, ""p2"": 0.0, ""p3"": 0.0}",0.5006,0.5006,0.0000000000e+00
med_0081,PARTIAL_RENORMALIZED,P1,P2+P3,"{""alpha"": 0.45, ""beta"": 0.3, ""gamma"": 0.25}","{""alpha"": 1.0, ""beta"": 0.0, ""gamma"": 0.0}","{""fe"": 0.1333, ""cg"": null, ""cf"": null}","{""p1"": 0.1333, ""p2"": 0.0, ""p3"": 0.0}",0.1333,0.1333,0.0000000000e+00
med_0082,PARTIAL_RENORMALIZED,P1,P2+P3,"{""alpha"": 0.45, ""beta"": 0.3, ""gamma"": 0.25}","{""alpha"": 1.0, ""beta"": 0.0, ""gamma"": 0.0}","{""fe"": 1.0, ""cg"": null, ""cf"": null}","{""p1"": 1.0, ""p2"": 0.0, ""p3"": 0.0}",1.0,1.0,0.0000000000e+00
med_0083,PARTIAL_RENORMALIZED,P1,P2+P3,"{""alpha"": 0.45, ""beta"": 0.3, ""gamma"": 0.25}","{""alpha"": 1.0, ""beta"": 0.0, ""gamma"": 0.0}","{""fe"": 0.0047, ""cg"": null, ""cf"": null}","{""p1"": 0.0047, ""p2"": 0.0, ""p3"": 0.0}",0.0047,0.0047,0.0000000000e+00
med_0084,PARTIAL_RENORMALIZED,P1,P2+P3,"{""alpha"": 0.45, ""beta"": 0.3, ""gamma"": 0.25}","{""alpha"": 1.0, ""beta"": 0.0, ""gamma"": 0.0}","{""fe"": 0.5006, ""cg"": null, ""cf"": null}","{""p1"": 0.5006, ""p2"": 0.0, ""p3"": 0.0}",0.5006,0.5006,0.0000000000e+00
med_0085,PARTIAL_RENORMALIZED,P1,P2+P3,"{""alpha"": 0.45, ""beta"": 0.3, ""gamma"": 0.25}","{""alpha"": 1.0, ""beta"": 0.0, ""gamma"": 0.0}","{""fe"": 0.1333, ""cg"": null, ""cf"": null}","{""p1"": 0.1333, ""p2"": 0.0, ""p3"": 0.0}",0.1333,0.1333,0.0000000000e+00
med_0086,PARTIAL_RENORMALIZED,P1,P2+P3,"{""alpha"": 0.45, ""beta"": 0.3, ""gamma"": 0.25}","{""alpha"": 1.0, ""beta"": 0.0, ""gamma"": 0.0}","{""fe"": 1.0, ""cg"": null, ""cf"": null}","{""p1"": 1.0, ""p2"": 0.0, ""p3"": 0.0}",1.0,1.0,0.0000000000e+00
med_0087,PARTIAL_RENORMALIZED,P1,P2+P3,"{""alpha"": 0.45, ""beta"": 0.3, ""gamma"": 0.25}","{""alpha"": 1.0, ""beta"": 0.0, ""gamma"": 0.0}","{""fe"": 0.0047, ""cg"": null, ""cf"": null}","{""p1"": 0.0047, ""p2"": 0.0, ""p3"": 0.0}",0.0047,0.0047,0.0000000000e+00
med_0088,PARTIAL_RENORMALIZED,P1,P2+P3,"{""alpha"": 0.45, ""beta"": 0.3, ""gamma"": 0.25}","{""alpha"": 1.0, ""beta"": 0.0, ""gamma"": 0.0}","{""fe"": 0.5006, ""cg"": null, ""cf"": null}","{""p1"": 0.5006, ""p2"": 0.0, ""p3"": 0.0}",0.5006,0.5006,0.0000000000e+00
med_0089,PARTIAL_RENORMALIZED,P1,P2+P3,"{""alpha"": 0.45, ""beta"": 0.3, ""gamma"": 0.25}","{""alpha"": 1.0, ""beta"": 0.0, ""gamma"": 0.0}","{""fe"": 0.1333, ""cg"": null, ""cf"": null}","{""p1"": 0.1333, ""p2"": 0.0, ""p3"": 0.0}",0.1333,0.1333,0.0000000000e+00
med_0090,PARTIAL_RENORMALIZED,P1,P2+P3,"{""alpha"": 0.45, ""beta"": 0.3, ""gamma"": 0.25}","{""alpha"": 1.0, ""beta"": 0.0, ""gamma"": 0.0}","{""fe"": 1.0, ""cg"": null, ""cf"": null}","{""p1"": 1.0, ""p2"": 0.0, ""p3"": 0.0}",1.0,1.0,0.0000000000e+00
med_0091,PARTIAL_RENORMALIZED,P1,P2+P3,"{""alpha"": 0.45, ""beta"": 0.3, ""gamma"": 0.25}","{""alpha"": 1.0, ""beta"": 0.0, ""gamma"": 0.0}","{""fe"": 0.0047, ""cg"": null, ""cf"": null}","{""p1"": 0.0047, ""p2"": 0.0, ""p3"": 0.0}",0.0047,0.0047,0.0000000000e+00
med_0092,PARTIAL_RENORMALIZED,P1,P2+P3,"{""alpha"": 0.45, ""beta"": 0.3, ""gamma"": 0.25}","{""alpha"": 1.0, ""beta"": 0.0, ""gamma"": 0.0}","{""fe"": 0.5006, ""cg"": null, ""cf"": null}","{""p1"": 0.5006, ""p2"": 0.0, ""p3"": 0.0}",0.5006,0.5006,0.0000000000e+00
med_0093,PARTIAL_RENORMALIZED,P1,P2+P3,"{""alpha"": 0.45, ""beta"": 0.3, ""gamma"": 0.25}","{""alpha"": 1.0, ""beta"": 0.0, ""gamma"": 0.0}","{""fe"": 0.1333, ""cg"": null, ""cf"": null}","{""p1"": 0.1333, ""p2"": 0.0, ""p3"": 0.0}",0.1333,0.1333,0.0000000000e+00
med_0094,PARTIAL_RENORMALIZED,P1,P2+P3,"{""alpha"": 0.45, ""beta"": 0.3, ""gamma"": 0.25}","{""alpha"": 1.0, ""beta"": 0.0, ""gamma"": 0.0}","{""fe"": 1.0, ""cg"": null, ""cf"": null}","{""p1"": 1.0, ""p2"": 0.0, ""p3"": 0.0}",1.0,1.0,0.0000000000e+00
med_0095,PARTIAL_RENORMALIZED,P1,P2+P3,"{""alpha"": 0.45, ""beta"": 0.3, ""gamma"": 0.25}","{""alpha"": 1.0, ""beta"": 0.0, ""gamma"": 0.0}","{""fe"": 0.0047, ""cg"": null, ""cf"": null}","{""p1"": 0.0047, ""p2"": 0.0, ""p3"": 0.0}",0.0047,0.0047,0.0000000000e+00
med_0096,PARTIAL_RENORMALIZED,P1,P2+P3,"{""alpha"": 0.45, ""beta"": 0.3, ""gamma"": 0.25}","{""alpha"": 1.0, ""beta"": 0.0, ""gamma"": 0.0}","{""fe"": 0.5006, ""cg"": null, ""cf"": null}","{""p1"": 0.5006, ""p2"": 0.0, ""p3"": 0.0}",0.5006,0.5006,0.0000000000e+00
med_0097,PARTIAL_RENORMALIZED,P1,P2+P3,"{""alpha"": 0.45, ""beta"": 0.3, ""gamma"": 0.25}","{""alpha"": 1.0, ""beta"": 0.0, ""gamma"": 0.0}","{""fe"": 0.1333, ""cg"": null, ""cf"": null}","{""p1"": 0.1333, ""p2"": 0.0, ""p3"": 0.0}",0.1333,0.1333,0.0000000000e+00
med_0098,PARTIAL_RENORMALIZED,P1,P2+P3,"{""alpha"": 0.45, ""beta"": 0.3, ""gamma"": 0.25}","{""alpha"": 1.0, ""beta"": 0.0, ""gamma"": 0.0}","{""fe"": 1.0, ""cg"": null, ""cf"": null}","{""p1"": 1.0, ""p2"": 0.0, ""p3"": 0.0}",1.0,1.0,0.0000000000e+00
med_0099,PARTIAL_RENORMALIZED,P1,P2+P3,"{""alpha"": 0.45, ""beta"": 0.3, ""gamma"": 0.25}","{""alpha"": 1.0, ""beta"": 0.0, ""gamma"": 0.0}","{""fe"": 0.0047, ""cg"": null, ""cf"": null}","{""p1"": 0.0047, ""p2"": 0.0, ""p3"": 0.0}",0.0047,0.0047,0.0000000000e+00
med_0100,PARTIAL_RENORMALIZED,P1,P2+P3,"{""alpha"": 0.45, ""beta"": 0.3, ""gamma"": 0.25}","{""alpha"": 1.0, ""beta"": 0.0, ""gamma"": 0.0}","{""fe"": 0.5006, ""cg"": null, ""cf"": null}","{""p1"": 0.5006, ""p2"": 0.0, ""p3"": 0.0}",0.5006,0.5006,0.0000000000e+00
law_0101,PARTIAL_RENORMALIZED,P1,P2+P3,"{""alpha"": 0.45, ""beta"": 0.3, ""gamma"": 0.25}","{""alpha"": 1.0, ""beta"": 0.0, ""gamma"": 0.0}","{""fe"": 0.0025, ""cg"": null, ""cf"": null}","{""p1"": 0.0025, ""p2"": 0.0, ""p3"": 0.0}",0.0025,0.0025,0.0000000000e+00
law_0102,PARTIAL_RENORMALIZED,P1,P2+P3,"{""alpha"": 0.45, ""beta"": 0.3, ""gamma"": 0.25}","{""alpha"": 1.0, ""beta"": 0.0, ""gamma"": 0.0}","{""fe"": 0.1571, ""cg"": null, ""cf"": null}","{""p1"": 0.1571, ""p2"": 0.0, ""p3"": 0.0}",0.1571,0.1571,0.0000000000e+00
law_0103,PARTIAL_RENORMALIZED,P1,P2+P3,"{""alpha"": 0.45, ""beta"": 0.3, ""gamma"": 0.25}","{""alpha"": 1.0, ""beta"": 0.0, ""gamma"": 0.0}","{""fe"": 0.1438, ""cg"": null, ""cf"": null}","{""p1"": 0.1438, ""p2"": 0.0, ""p3"": 0.0}",0.1438,0.1438,0.0000000000e+00
law_0104,PARTIAL_RENORMALIZED,P1,P2+P3,"{""alpha"": 0.45, ""beta"": 0.3, ""gamma"": 0.25}","{""alpha"": 1.0, ""beta"": 0.0, ""gamma"": 0.0}","{""fe"": 0.9782, ""cg"": null, ""cf"": null}","{""p1"": 0.9782, ""p2"": 0.0, ""p3"": 0.0}",0.9782,0.9782,0.0000000000e+00
law_0105,PARTIAL_RENORMALIZED,P1,P2+P3,"{""alpha"": 0.45, ""beta"": 0.3, ""gamma"": 0.25}","{""alpha"": 1.0, ""beta"": 0.0, ""gamma"": 0.0}","{""fe"": 0.0025, ""cg"": null, ""cf"": null}","{""p1"": 0.0025, ""p2"": 0.0, ""p3"": 0.0}",0.0025,0.0025,0.0000000000e+00
law_0106,PARTIAL_RENORMALIZED,P1,P2+P3,"{""alpha"": 0.45, ""beta"": 0.3, ""gamma"": 0.25}","{""alpha"": 1.0, ""beta"": 0.0, ""gamma"": 0.0}","{""fe"": 0.1571, ""cg"": null, ""cf"": null}","{""p1"": 0.1571, ""p2"": 0.0, ""p3"": 0.0}",0.1571,0.1571,0.0000000000e+00
law_0107,PARTIAL_RENORMALIZED,P1,P2+P3,"{""alpha"": 0.45, ""beta"": 0.3, ""gamma"": 0.25}","{""alpha"": 1.0, ""beta"": 0.0, ""gamma"": 0.0}","{""fe"": 0.1438, ""cg"": null, ""cf"": null}","{""p1"": 0.1438, ""p2"": 0.0, ""p3"": 0.0}",0.1438,0.1438,0.0000000000e+00
law_0108,PARTIAL_RENORMALIZED,P1,P2+P3,"{""alpha"": 0.45, ""beta"": 0.3, ""gamma"": 0.25}","{""alpha"": 1.0, ""beta"": 0.0, ""gamma"": 0.0}","{""fe"": 0.9782, ""cg"": null, ""cf"": null}","{""p1"": 0.9782, ""p2"": 0.0, ""p3"": 0.0}",0.9782,0.9782,0.0000000000e+00
law_0109,PARTIAL_RENORMALIZED,P1,P2+P3,"{""alpha"": 0.45, ""beta"": 0.3, ""gamma"": 0.25}","{""alpha"": 1.0, ""beta"": 0.0, ""gamma"": 0.0}","{""fe"": 0.0025, ""cg"": null, ""cf"": null}","{""p1"": 0.0025, ""p2"": 0.0, ""p3"": 0.0}",0.0025,0.0025,0.0000000000e+00
law_0110,PARTIAL_RENORMALIZED,P1,P2+P3,"{""alpha"": 0.45, ""beta"": 0.3, ""gamma"": 0.25}","{""alpha"": 1.0, ""beta"": 0.0, ""gamma"": 0.0}","{""fe"": 0.1571, ""cg"": null, ""cf"": null}","{""p1"": 0.1571, ""p2"": 0.0, ""p3"": 0.0}",0.1571,0.1571,0.0000000000e+00
law_0111,PARTIAL_RENORMALIZED,P1,P2+P3,"{""alpha"": 0.45, ""beta"": 0.3, ""gamma"": 0.25}","{""alpha"": 1.0, ""beta"": 0.0, ""gamma"": 0.0}","{""fe"": 0.1438, ""cg"": null, ""cf"": null}","{""p1"": 0.1438, ""p2"": 0.0, ""p3"": 0.0}",0.1438,0.1438,0.0000000000e+00
law_0112,PARTIAL_RENORMALIZED,P1,P2+P3,"{""alpha"": 0.45, ""beta"": 0.3, ""gamma"": 0.25}","{""alpha"": 1.0, ""beta"": 0.0, ""gamma"": 0.0}","{""fe"": 0.9782, ""cg"": null, ""cf"": null}","{""p1"": 0.9782, ""p2"": 0.0, ""p3"": 0.0}",0.9782,0.9782,0.0000000000e+00
law_0113,PARTIAL_RENORMALIZED,P1,P2+P3,"{""alpha"": 0.45, ""beta"": 0.3, ""gamma"": 0.25}","{""alpha"": 1.0, ""beta"": 0.0, ""gamma"": 0.0}","{""fe"": 0.0025, ""cg"": null, ""cf"": null}","{""p1"": 0.0025, ""p2"": 0.0, ""p3"": 0.0}",0.0025,0.0025,0.0000000000e+00
law_0114,PARTIAL_RENORMALIZED,P1,P2+P3,"{""alpha"": 0.45, ""beta"": 0.3, ""gamma"": 0.25}","{""alpha"": 1.0, ""beta"": 0.0, ""gamma"": 0.0}","{""fe"": 0.1571, ""cg"": null, ""cf"": null}","{""p1"": 0.1571, ""p2"": 0.0, ""p3"": 0.0}",0.1571,0.1571,0.0000000000e+00
law_0115,PARTIAL_RENORMALIZED,P1,P2+P3,"{""alpha"": 0.45, ""beta"": 0.3, ""gamma"": 0.25}","{""alpha"": 1.0, ""beta"": 0.0, ""gamma"": 0.0}","{""fe"": 0.1438, ""cg"": null, ""cf"": null}","{""p1"": 0.1438, ""p2"": 0.0, ""p3"": 0.0}",0.1438,0.1438,0.0000000000e+00
law_0116,PARTIAL_RENORMALIZED,P1,P2+P3,"{""alpha"": 0.45, ""beta"": 0.3, ""gamma"": 0.25}","{""alpha"": 1.0, ""beta"": 0.0, ""gamma"": 0.0}","{""fe"": 0.9782, ""cg"": null, ""cf"": null}","{""p1"": 0.9782, ""p2"": 0.0, ""p3"": 0.0}",0.9782,0.9782,0.0000000000e+00
law_0117,PARTIAL_RENORMALIZED,P1,P2+P3,"{""alpha"": 0.45, ""beta"": 0.3, ""gamma"": 0.25}","{""alpha"": 1.0, ""beta"": 0.0, ""gamma"": 0.0}","{""fe"": 0.0025, ""cg"": null, ""cf"": null}","{""p1"": 0.0025, ""p2"": 0.0, ""p3"": 0.0}",0.0025,0.0025,0.0000000000e+00
law_0118,PARTIAL_RENORMALIZED,P1,P2+P3,"{""alpha"": 0.45, ""beta"": 0.3, ""gamma"": 0.25}","{""alpha"": 1.0, ""beta"": 0.0, ""gamma"": 0.0}","{""fe"": 0.1571, ""cg"": null, ""cf"": null}","{""p1"": 0.1571, ""p2"": 0.0, ""p3"": 0.0}",0.1571,0.1571,0.0000000000e+00
law_0119,PARTIAL_RENORMALIZED,P1,P2+P3,"{""alpha"": 0.45, ""beta"": 0.3, ""gamma"": 0.25}","{""alpha"": 1.0, ""beta"": 0.0, ""gamma"": 0.0}","{""fe"": 0.1438, ""cg"": null, ""cf"": null}","{""p1"": 0.1438, ""p2"": 0.0, ""p3"": 0.0}",0.1438,0.1438,0.0000000000e+00
law_0120,PARTIAL_RENORMALIZED,P1,P2+P3,"{""alpha"": 0.45, ""beta"": 0.3, ""gamma"": 0.25}","{""alpha"": 1.0, ""beta"": 0.0, ""gamma"": 0.0}","{""fe"": 0.9782, ""cg"": null, ""cf"": null}","{""p1"": 0.9782, ""p2"": 0.0, ""p3"": 0.0}",0.9782,0.9782,0.0000000000e+00
law_0121,PARTIAL_RENORMALIZED,P1,P2+P3,"{""alpha"": 0.45, ""beta"": 0.3, ""gamma"": 0.25}","{""alpha"": 1.0, ""beta"": 0.0, ""gamma"": 0.0}","{""fe"": 0.0025, ""cg"": null, ""cf"": null}","{""p1"": 0.0025, ""p2"": 0.0, ""p3"": 0.0}",0.0025,0.0025,0.0000000000e+00
law_0122,PARTIAL_RENORMALIZED,P1,P2+P3,"{""alpha"": 0.45, ""beta"": 0.3, ""gamma"": 0.25}","{""alpha"": 1.0, ""beta"": 0.0, ""gamma"": 0.0}","{""fe"": 0.1571, ""cg"": null, ""cf"": null}","{""p1"": 0.1571, ""p2"": 0.0, ""p3"": 0.0}",0.1571,0.1571,0.0000000000e+00
law_0123,PARTIAL_RENORMALIZED,P1,P2+P3,"{""alpha"": 0.45, ""beta"": 0.3, ""gamma"": 0.25}","{""alpha"": 1.0, ""beta"": 0.0, ""gamma"": 0.0}","{""fe"": 0.1438, ""cg"": null, ""cf"": null}","{""p1"": 0.1438, ""p2"": 0.0, ""p3"": 0.0}",0.1438,0.1438,0.0000000000e+00
law_0124,PARTIAL_RENORMALIZED,P1,P2+P3,"{""alpha"": 0.45, ""beta"": 0.3, ""gamma"": 0.25}","{""alpha"": 1.0, ""beta"": 0.0, ""gamma"": 0.0}","{""fe"": 0.9782, ""cg"": null, ""cf"": null}","{""p1"": 0.9782, ""p2"": 0.0, ""p3"": 0.0}",0.9782,0.9782,0.0000000000e+00
law_0125,PARTIAL_RENORMALIZED,P1,P2+P3,"{""alpha"": 0.45, ""beta"": 0.3, ""gamma"": 0.25}","{""alpha"": 1.0, ""beta"": 0.0, ""gamma"": 0.0}","{""fe"": 0.0025, ""cg"": null, ""cf"": null}","{""p1"": 0.0025, ""p2"": 0.0, ""p3"": 0.0}",0.0025,0.0025,0.0000000000e+00
law_0126,PARTIAL_RENORMALIZED,P1,P2+P3,"{""alpha"": 0.45, ""beta"": 0.3, ""gamma"": 0.25}","{""alpha"": 1.0, ""beta"": 0.0, ""gamma"": 0.0}","{""fe"": 0.1571, ""cg"": null, ""cf"": null}","{""p1"": 0.1571, ""p2"": 0.0, ""p3"": 0.0}",0.1571,0.1571,0.0000000000e+00
law_0127,PARTIAL_RENORMALIZED,P1,P2+P3,"{""alpha"": 0.45, ""beta"": 0.3, ""gamma"": 0.25}","{""alpha"": 1.0, ""beta"": 0.0, ""gamma"": 0.0}","{""fe"": 0.1438, ""cg"": null, ""cf"": null}","{""p1"": 0.1438, ""p2"": 0.0, ""p3"": 0.0}",0.1438,0.1438,0.0000000000e+00
law_0128,PARTIAL_RENORMALIZED,P1,P2+P3,"{""alpha"": 0.45, ""beta"": 0.3, ""gamma"": 0.25}","{""alpha"": 1.0, ""beta"": 0.0, ""gamma"": 0.0}","{""fe"": 0.9782, ""cg"": null, ""cf"": null}","{""p1"": 0.9782, ""p2"": 0.0, ""p3"": 0.0}",0.9782,0.9782,0.0000000000e+00
law_0129,PARTIAL_RENORMALIZED,P1,P2+P3,"{""alpha"": 0.45, ""beta"": 0.3, ""gamma"": 0.25}","{""alpha"": 1.0, ""beta"": 0.0, ""gamma"": 0.0}","{""fe"": 0.0025, ""cg"": null, ""cf"": null}","{""p1"": 0.0025, ""p2"": 0.0, ""p3"": 0.0}",0.0025,0.0025,0.0000000000e+00
law_0130,PARTIAL_RENORMALIZED,P1,P2+P3,"{""alpha"": 0.45, ""beta"": 0.3, ""gamma"": 0.25}","{""alpha"": 1.0, ""beta"": 0.0, ""gamma"": 0.0}","{""fe"": 0.1571, ""cg"": null, ""cf"": null}","{""p1"": 0.1571, ""p2"": 0.0, ""p3"": 0.0}",0.1571,0.1571,0.0000000000e+00
law_0131,PARTIAL_RENORMALIZED,P1,P2+P3,"{""alpha"": 0.45, ""beta"": 0.3, ""gamma"": 0.25}","{""alpha"": 1.0, ""beta"": 0.0, ""gamma"": 0.0}","{""fe"": 0.1438, ""cg"": null, ""cf"": null}","{""p1"": 0.1438, ""p2"": 0.0, ""p3"": 0.0}",0.1438,0.1438,0.0000000000e+00
law_0132,PARTIAL_RENORMALIZED,P1,P2+P3,"{""alpha"": 0.45, ""beta"": 0.3, ""gamma"": 0.25}","{""alpha"": 1.0, ""beta"": 0.0, ""gamma"": 0.0}","{""fe"": 0.9782, ""cg"": null, ""cf"": null}","{""p1"": 0.9782, ""p2"": 0.0, ""p3"": 0.0}",0.9782,0.9782,0.0000000000e+00
law_0133,PARTIAL_RENORMALIZED,P1,P2+P3,"{""alpha"": 0.45, ""beta"": 0.3, ""gamma"": 0.25}","{""alpha"": 1.0, ""beta"": 0.0, ""gamma"": 0.0}","{""fe"": 0.0025, ""cg"": null, ""cf"": null}","{""p1"": 0.0025, ""p2"": 0.0, ""p3"": 0.0}",0.0025,0.0025,0.0000000000e+00
law_0134,PARTIAL_RENORMALIZED,P1,P2+P3,"{""alpha"": 0.45, ""beta"": 0.3, ""gamma"": 0.25}","{""alpha"": 1.0, ""beta"": 0.0, ""gamma"": 0.0}","{""fe"": 0.1571, ""cg"": null, ""cf"": null}","{""p1"": 0.1571, ""p2"": 0.0, ""p3"": 0.0}",0.1571,0.1571,0.0000000000e+00
law_0135,PARTIAL_RENORMALIZED,P1,P2+P3,"{""alpha"": 0.45, ""beta"": 0.3, ""gamma"": 0.25}","{""alpha"": 1.0, ""beta"": 0.0, ""gamma"": 0.0}","{""fe"": 0.1438, ""cg"": null, ""cf"": null}","{""p1"": 0.1438, ""p2"": 0.0, ""p3"": 0.0}",0.1438,0.1438,0.0000000000e+00
law_0136,PARTIAL_RENORMALIZED,P1,P2+P3,"{""alpha"": 0.45, ""beta"": 0.3, ""gamma"": 0.25}","{""alpha"": 1.0, ""beta"": 0.0, ""gamma"": 0.0}","{""fe"": 0.9782, ""cg"": null, ""cf"": null}","{""p1"": 0.9782, ""p2"": 0.0, ""p3"": 0.0}",0.9782,0.9782,0.0000000000e+00
law_0137,PARTIAL_RENORMALIZED,P1,P2+P3,"{""alpha"": 0.45, ""beta"": 0.3, ""gamma"": 0.25}","{""alpha"": 1.0, ""beta"": 0.0, ""gamma"": 0.0}","{""fe"": 0.0025, ""cg"": null, ""cf"": null}","{""p1"": 0.0025, ""p2"": 0.0, ""p3"": 0.0}",0.0025,0.0025,0.0000000000e+00
law_0138,PARTIAL_RENORMALIZED,P1,P2+P3,"{""alpha"": 0.45, ""beta"": 0.3, ""gamma"": 0.25}","{""alpha"": 1.0, ""beta"": 0.0, ""gamma"": 0.0}","{""fe"": 0.1571, ""cg"": null, ""cf"": null}","{""p1"": 0.1571, ""p2"": 0.0, ""p3"": 0.0}",0.1571,0.1571,0.0000000000e+00
law_0139,PARTIAL_RENORMALIZED,P1,P2+P3,"{""alpha"": 0.45, ""beta"": 0.3, ""gamma"": 0.25}","{""alpha"": 1.0, ""beta"": 0.0, ""gamma"": 0.0}","{""fe"": 0.1438, ""cg"": null, ""cf"": null}","{""p1"": 0.1438, ""p2"": 0.0, ""p3"": 0.0}",0.1438,0.1438,0.0000000000e+00
law_0140,PARTIAL_RENORMALIZED,P1,P2+P3,"{""alpha"": 0.45, ""beta"": 0.3, ""gamma"": 0.25}","{""alpha"": 1.0, ""beta"": 0.0, ""gamma"": 0.0}","{""fe"": 0.9782, ""cg"": null, ""cf"": null}","{""p1"": 0.9782, ""p2"": 0.0, ""p3"": 0.0}",0.9782,0.9782,0.0000000000e+00
law_0141,PARTIAL_RENORMALIZED,P1,P2+P3,"{""alpha"": 0.45, ""beta"": 0.3, ""gamma"": 0.25}","{""alpha"": 1.0, ""beta"": 0.0, ""gamma"": 0.0}","{""fe"": 0.0025, ""cg"": null, ""cf"": null}","{""p1"": 0.0025, ""p2"": 0.0, ""p3"": 0.0}",0.0025,0.0025,0.0000000000e+00
law_0142,PARTIAL_RENORMALIZED,P1,P2+P3,"{""alpha"": 0.45, ""beta"": 0.3, ""gamma"": 0.25}","{""alpha"": 1.0, ""beta"": 0.0, ""gamma"": 0.0}","{""fe"": 0.1571, ""cg"": null, ""cf"": null}","{""p1"": 0.1571, ""p2"": 0.0, ""p3"": 0.0}",0.1571,0.1571,0.0000000000e+00
law_0143,PARTIAL_RENORMALIZED,P1,P2+P3,"{""alpha"": 0.45, ""beta"": 0.3, ""gamma"": 0.25}","{""alpha"": 1.0, ""beta"": 0.0, ""gamma"": 0.0}","{""fe"": 0.1438, ""cg"": null, ""cf"": null}","{""p1"": 0.1438, ""p2"": 0.0, ""p3"": 0.0}",0.1438,0.1438,0.0000000000e+00
law_0144,PARTIAL_RENORMALIZED,P1,P2+P3,"{""alpha"": 0.45, ""beta"": 0.3, ""gamma"": 0.25}","{""alpha"": 1.0, ""beta"": 0.0, ""gamma"": 0.0}","{""fe"": 0.9782, ""cg"": null, ""cf"": null}","{""p1"": 0.9782, ""p2"": 0.0, ""p3"": 0.0}",0.9782,0.9782,0.0000000000e+00
law_0145,PARTIAL_RENORMALIZED,P1,P2+P3,"{""alpha"": 0.45, ""beta"": 0.3, ""gamma"": 0.25}","{""alpha"": 1.0, ""beta"": 0.0, ""gamma"": 0.0}","{""fe"": 0.0025, ""cg"": null, ""cf"": null}","{""p1"": 0.0025, ""p2"": 0.0, ""p3"": 0.0}",0.0025,0.0025,0.0000000000e+00
law_0146,PARTIAL_RENORMALIZED,P1,P2+P3,"{""alpha"": 0.45, ""beta"": 0.3, ""gamma"": 0.25}","{""alpha"": 1.0, ""beta"": 0.0, ""gamma"": 0.0}","{""fe"": 0.1571, ""cg"": null, ""cf"": null}","{""p1"": 0.1571, ""p2"": 0.0, ""p3"": 0.0}",0.1571,0.1571,0.0000000000e+00
law_0147,PARTIAL_RENORMALIZED,P1,P2+P3,"{""alpha"": 0.45, ""beta"": 0.3, ""gamma"": 0.25}","{""alpha"": 1.0, ""beta"": 0.0, ""gamma"": 0.0}","{""fe"": 0.1438, ""cg"": null, ""cf"": null}","{""p1"": 0.1438, ""p2"": 0.0, ""p3"": 0.0}",0.1438,0.1438,0.0000000000e+00
law_0148,PARTIAL_RENORMALIZED,P1,P2+P3,"{""alpha"": 0.45, ""beta"": 0.3, ""gamma"": 0.25}","{""alpha"": 1.0, ""beta"": 0.0, ""gamma"": 0.0}","{""fe"": 0.9782, ""cg"": null, ""cf"": null}","{""p1"": 0.9782, ""p2"": 0.0, ""p3"": 0.0}",0.9782,0.9782,0.0000000000e+00
law_0149,PARTIAL_RENORMALIZED,P1,P2+P3,"{""alpha"": 0.45, ""beta"": 0.3, ""gamma"": 0.25}","{""alpha"": 1.0, ""beta"": 0.0, ""gamma"": 0.0}","{""fe"": 0.0025, ""cg"": null, ""cf"": null}","{""p1"": 0.0025, ""p2"": 0.0, ""p3"": 0.0}",0.0025,0.0025,0.0000000000e+00
law_0150,PARTIAL_RENORMALIZED,P1,P2+P3,"{""alpha"": 0.45, ""beta"": 0.3, ""gamma"": 0.25}","{""alpha"": 1.0, ""beta"": 0.0, ""gamma"": 0.0}","{""fe"": 0.1571, ""cg"": null, ""cf"": null}","{""p1"": 0.1571, ""p2"": 0.0, ""p3"": 0.0}",0.1571,0.1571,0.0000000000e+00
fin_0151,PARTIAL_RENORMALIZED,P1,P2+P3,"{""alpha"": 0.45, ""beta"": 0.3, ""gamma"": 0.25}","{""alpha"": 1.0, ""beta"": 0.0, ""gamma"": 0.0}","{""fe"": 0.4981, ""cg"": null, ""cf"": null}","{""p1"": 0.4981, ""p2"": 0.0, ""p3"": 0.0}",0.4981,0.4981,0.0000000000e+00
fin_0152,PARTIAL_RENORMALIZED,P1,P2+P3,"{""alpha"": 0.45, ""beta"": 0.3, ""gamma"": 0.25}","{""alpha"": 1.0, ""beta"": 0.0, ""gamma"": 0.0}","{""fe"": 0.175, ""cg"": null, ""cf"": null}","{""p1"": 0.175, ""p2"": 0.0, ""p3"": 0.0}",0.175,0.175,0.0000000000e+00
fin_0153,PARTIAL_RENORMALIZED,P1,P2+P3,"{""alpha"": 0.45, ""beta"": 0.3, ""gamma"": 0.25}","{""alpha"": 1.0, ""beta"": 0.0, ""gamma"": 0.0}","{""fe"": 0.1, ""cg"": null, ""cf"": null}","{""p1"": 0.1, ""p2"": 0.0, ""p3"": 0.0}",0.1,0.1,0.0000000000e+00
fin_0154,PARTIAL_RENORMALIZED,P1,P2+P3,"{""alpha"": 0.45, ""beta"": 0.3, ""gamma"": 0.25}","{""alpha"": 1.0, ""beta"": 0.0, ""gamma"": 0.0}","{""fe"": 0.9762, ""cg"": null, ""cf"": null}","{""p1"": 0.9762, ""p2"": 0.0, ""p3"": 0.0}",0.9762,0.9762,0.0000000000e+00
fin_0155,PARTIAL_RENORMALIZED,P1,P2+P3,"{""alpha"": 0.45, ""beta"": 0.3, ""gamma"": 0.25}","{""alpha"": 1.0, ""beta"": 0.0, ""gamma"": 0.0}","{""fe"": 0.4981, ""cg"": null, ""cf"": null}","{""p1"": 0.4981, ""p2"": 0.0, ""p3"": 0.0}",0.4981,0.4981,0.0000000000e+00
fin_0156,PARTIAL_RENORMALIZED,P1,P2+P3,"{""alpha"": 0.45, ""beta"": 0.3, ""gamma"": 0.25}","{""alpha"": 1.0, ""beta"": 0.0, ""gamma"": 0.0}","{""fe"": 0.175, ""cg"": null, ""cf"": null}","{""p1"": 0.175, ""p2"": 0.0, ""p3"": 0.0}",0.175,0.175,0.0000000000e+00
fin_0157,PARTIAL_RENORMALIZED,P1,P2+P3,"{""alpha"": 0.45, ""beta"": 0.3, ""gamma"": 0.25}","{""alpha"": 1.0, ""beta"": 0.0, ""gamma"": 0.0}","{""fe"": 0.1, ""cg"": null, ""cf"": null}","{""p1"": 0.1, ""p2"": 0.0, ""p3"": 0.0}",0.1,0.1,0.0000000000e+00
fin_0158,PARTIAL_RENORMALIZED,P1,P2+P3,"{""alpha"": 0.45, ""beta"": 0.3, ""gamma"": 0.25}","{""alpha"": 1.0, ""beta"": 0.0, ""gamma"": 0.0}","{""fe"": 0.9762, ""cg"": null, ""cf"": null}","{""p1"": 0.9762, ""p2"": 0.0, ""p3"": 0.0}",0.9762,0.9762,0.0000000000e+00
fin_0159,PARTIAL_RENORMALIZED,P1,P2+P3,"{""alpha"": 0.45, ""beta"": 0.3, ""gamma"": 0.25}","{""alpha"": 1.0, ""beta"": 0.0, ""gamma"": 0.0}","{""fe"": 0.4981, ""cg"": null, ""cf"": null}","{""p1"": 0.4981, ""p2"": 0.0, ""p3"": 0.0}",0.4981,0.4981,0.0000000000e+00
fin_0160,PARTIAL_RENORMALIZED,P1,P2+P3,"{""alpha"": 0.45, ""beta"": 0.3, ""gamma"": 0.25}","{""alpha"": 1.0, ""beta"": 0.0, ""gamma"": 0.0}","{""fe"": 0.175, ""cg"": null, ""cf"": null}","{""p1"": 0.175, ""p2"": 0.0, ""p3"": 0.0}",0.175,0.175,0.0000000000e+00
fin_0161,PARTIAL_RENORMALIZED,P1,P2+P3,"{""alpha"": 0.45, ""beta"": 0.3, ""gamma"": 0.25}","{""alpha"": 1.0, ""beta"": 0.0, ""gamma"": 0.0}","{""fe"": 0.1, ""cg"": null, ""cf"": null}","{""p1"": 0.1, ""p2"": 0.0, ""p3"": 0.0}",0.1,0.1,0.0000000000e+00
fin_0162,PARTIAL_RENORMALIZED,P1,P2+P3,"{""alpha"": 0.45, ""beta"": 0.3, ""gamma"": 0.25}","{""alpha"": 1.0, ""beta"": 0.0, ""gamma"": 0.0}","{""fe"": 0.9762, ""cg"": null, ""cf"": null}","{""p1"": 0.9762, ""p2"": 0.0, ""p3"": 0.0}",0.9762,0.9762,0.0000000000e+00
fin_0163,PARTIAL_RENORMALIZED,P1,P2+P3,"{""alpha"": 0.45, ""beta"": 0.3, ""gamma"": 0.25}","{""alpha"": 1.0, ""beta"": 0.0, ""gamma"": 0.0}","{""fe"": 0.4981, ""cg"": null, ""cf"": null}","{""p1"": 0.4981, ""p2"": 0.0, ""p3"": 0.0}",0.4981,0.4981,0.0000000000e+00
fin_0164,PARTIAL_RENORMALIZED,P1,P2+P3,"{""alpha"": 0.45, ""beta"": 0.3, ""gamma"": 0.25}","{""alpha"": 1.0, ""beta"": 0.0, ""gamma"": 0.0}","{""fe"": 0.175, ""cg"": null, ""cf"": null}","{""p1"": 0.175, ""p2"": 0.0, ""p3"": 0.0}",0.175,0.175,0.0000000000e+00
fin_0165,PARTIAL_RENORMALIZED,P1,P2+P3,"{""alpha"": 0.45, ""beta"": 0.3, ""gamma"": 0.25}","{""alpha"": 1.0, ""beta"": 0.0, ""gamma"": 0.0}","{""fe"": 0.1, ""cg"": null, ""cf"": null}","{""p1"": 0.1, ""p2"": 0.0, ""p3"": 0.0}",0.1,0.1,0.0000000000e+00
fin_0166,PARTIAL_RENORMALIZED,P1,P2+P3,"{""alpha"": 0.45, ""beta"": 0.3, ""gamma"": 0.25}","{""alpha"": 1.0, ""beta"": 0.0, ""gamma"": 0.0}","{""fe"": 0.9762, ""cg"": null, ""cf"": null}","{""p1"": 0.9762, ""p2"": 0.0, ""p3"": 0.0}",0.9762,0.9762,0.0000000000e+00
fin_0167,PARTIAL_RENORMALIZED,P1,P2+P3,"{""alpha"": 0.45, ""beta"": 0.3, ""gamma"": 0.25}","{""alpha"": 1.0, ""beta"": 0.0, ""gamma"": 0.0}","{""fe"": 0.4981, ""cg"": null, ""cf"": null}","{""p1"": 0.4981, ""p2"": 0.0, ""p3"": 0.0}",0.4981,0.4981,0.0000000000e+00
fin_0168,PARTIAL_RENORMALIZED,P1,P2+P3,"{""alpha"": 0.45, ""beta"": 0.3, ""gamma"": 0.25}","{""alpha"": 1.0, ""beta"": 0.0, ""gamma"": 0.0}","{""fe"": 0.175, ""cg"": null, ""cf"": null}","{""p1"": 0.175, ""p2"": 0.0, ""p3"": 0.0}",0.175,0.175,0.0000000000e+00
fin_0169,PARTIAL_RENORMALIZED,P1,P2+P3,"{""alpha"": 0.45, ""beta"": 0.3, ""gamma"": 0.25}","{""alpha"": 1.0, ""beta"": 0.0, ""gamma"": 0.0}","{""fe"": 0.1, ""cg"": null, ""cf"": null}","{""p1"": 0.1, ""p2"": 0.0, ""p3"": 0.0}",0.1,0.1,0.0000000000e+00
fin_0170,PARTIAL_RENORMALIZED,P1,P2+P3,"{""alpha"": 0.45, ""beta"": 0.3, ""gamma"": 0.25}","{""alpha"": 1.0, ""beta"": 0.0, ""gamma"": 0.0}","{""fe"": 0.9762, ""cg"": null, ""cf"": null}","{""p1"": 0.9762, ""p2"": 0.0, ""p3"": 0.0}",0.9762,0.9762,0.0000000000e+00
fin_0171,PARTIAL_RENORMALIZED,P1,P2+P3,"{""alpha"": 0.45, ""beta"": 0.3, ""gamma"": 0.25}","{""alpha"": 1.0, ""beta"": 0.0, ""gamma"": 0.0}","{""fe"": 0.4981, ""cg"": null, ""cf"": null}","{""p1"": 0.4981, ""p2"": 0.0, ""p3"": 0.0}",0.4981,0.4981,0.0000000000e+00
fin_0172,PARTIAL_RENORMALIZED,P1,P2+P3,"{""alpha"": 0.45, ""beta"": 0.3, ""gamma"": 0.25}","{""alpha"": 1.0, ""beta"": 0.0, ""gamma"": 0.0}","{""fe"": 0.175, ""cg"": null, ""cf"": null}","{""p1"": 0.175, ""p2"": 0.0, ""p3"": 0.0}",0.175,0.175,0.0000000000e+00
fin_0173,PARTIAL_RENORMALIZED,P1,P2+P3,"{""alpha"": 0.45, ""beta"": 0.3, ""gamma"": 0.25}","{""alpha"": 1.0, ""beta"": 0.0, ""gamma"": 0.0}","{""fe"": 0.1, ""cg"": null, ""cf"": null}","{""p1"": 0.1, ""p2"": 0.0, ""p3"": 0.0}",0.1,0.1,0.0000000000e+00
fin_0174,PARTIAL_RENORMALIZED,P1,P2+P3,"{""alpha"": 0.45, ""beta"": 0.3, ""gamma"": 0.25}","{""alpha"": 1.0, ""beta"": 0.0, ""gamma"": 0.0}","{""fe"": 0.9762, ""cg"": null, ""cf"": null}","{""p1"": 0.9762, ""p2"": 0.0, ""p3"": 0.0}",0.9762,0.9762,0.0000000000e+00
fin_0175,PARTIAL_RENORMALIZED,P1,P2+P3,"{""alpha"": 0.45, ""beta"": 0.3, ""gamma"": 0.25}","{""alpha"": 1.0, ""beta"": 0.0, ""gamma"": 0.0}","{""fe"": 0.4981, ""cg"": null, ""cf"": null}","{""p1"": 0.4981, ""p2"": 0.0, ""p3"": 0.0}",0.4981,0.4981,0.0000000000e+00
fin_0176,PARTIAL_RENORMALIZED,P1,P2+P3,"{""alpha"": 0.45, ""beta"": 0.3, ""gamma"": 0.25}","{""alpha"": 1.0, ""beta"": 0.0, ""gamma"": 0.0}","{""fe"": 0.175, ""cg"": null, ""cf"": null}","{""p1"": 0.175, ""p2"": 0.0, ""p3"": 0.0}",0.175,0.175,0.0000000000e+00
fin_0177,PARTIAL_RENORMALIZED,P1,P2+P3,"{""alpha"": 0.45, ""beta"": 0.3, ""gamma"": 0.25}","{""alpha"": 1.0, ""beta"": 0.0, ""gamma"": 0.0}","{""fe"": 0.1, ""cg"": null, ""cf"": null}","{""p1"": 0.1, ""p2"": 0.0, ""p3"": 0.0}",0.1,0.1,0.0000000000e+00
fin_0178,PARTIAL_RENORMALIZED,P1,P2+P3,"{""alpha"": 0.45, ""beta"": 0.3, ""gamma"": 0.25}","{""alpha"": 1.0, ""beta"": 0.0, ""gamma"": 0.0}","{""fe"": 0.9762, ""cg"": null, ""cf"": null}","{""p1"": 0.9762, ""p2"": 0.0, ""p3"": 0.0}",0.9762,0.9762,0.0000000000e+00
fin_0179,PARTIAL_RENORMALIZED,P1,P2+P3,"{""alpha"": 0.45, ""beta"": 0.3, ""gamma"": 0.25}","{""alpha"": 1.0, ""beta"": 0.0, ""gamma"": 0.0}","{""fe"": 0.4981, ""cg"": null, ""cf"": null}","{""p1"": 0.4981, ""p2"": 0.0, ""p3"": 0.0}",0.4981,0.4981,0.0000000000e+00
fin_0180,PARTIAL_RENORMALIZED,P1,P2+P3,"{""alpha"": 0.45, ""beta"": 0.3, ""gamma"": 0.25}","{""alpha"": 1.0, ""beta"": 0.0, ""gamma"": 0.0}","{""fe"": 0.175, ""cg"": null, ""cf"": null}","{""p1"": 0.175, ""p2"": 0.0, ""p3"": 0.0}",0.175,0.175,0.0000000000e+00
fin_0181,PARTIAL_RENORMALIZED,P1,P2+P3,"{""alpha"": 0.45, ""beta"": 0.3, ""gamma"": 0.25}","{""alpha"": 1.0, ""beta"": 0.0, ""gamma"": 0.0}","{""fe"": 0.1, ""cg"": null, ""cf"": null}","{""p1"": 0.1, ""p2"": 0.0, ""p3"": 0.0}",0.1,0.1,0.0000000000e+00
fin_0182,PARTIAL_RENORMALIZED,P1,P2+P3,"{""alpha"": 0.45, ""beta"": 0.3, ""gamma"": 0.25}","{""alpha"": 1.0, ""beta"": 0.0, ""gamma"": 0.0}","{""fe"": 0.9762, ""cg"": null, ""cf"": null}","{""p1"": 0.9762, ""p2"": 0.0, ""p3"": 0.0}",0.9762,0.9762,0.0000000000e+00
fin_0183,PARTIAL_RENORMALIZED,P1,P2+P3,"{""alpha"": 0.45, ""beta"": 0.3, ""gamma"": 0.25}","{""alpha"": 1.0, ""beta"": 0.0, ""gamma"": 0.0}","{""fe"": 0.4981, ""cg"": null, ""cf"": null}","{""p1"": 0.4981, ""p2"": 0.0, ""p3"": 0.0}",0.4981,0.4981,0.0000000000e+00
fin_0184,PARTIAL_RENORMALIZED,P1,P2+P3,"{""alpha"": 0.45, ""beta"": 0.3, ""gamma"": 0.25}","{""alpha"": 1.0, ""beta"": 0.0, ""gamma"": 0.0}","{""fe"": 0.175, ""cg"": null, ""cf"": null}","{""p1"": 0.175, ""p2"": 0.0, ""p3"": 0.0}",0.175,0.175,0.0000000000e+00
fin_0185,PARTIAL_RENORMALIZED,P1,P2+P3,"{""alpha"": 0.45, ""beta"": 0.3, ""gamma"": 0.25}","{""alpha"": 1.0, ""beta"": 0.0, ""gamma"": 0.0}","{""fe"": 0.1, ""cg"": null, ""cf"": null}","{""p1"": 0.1, ""p2"": 0.0, ""p3"": 0.0}",0.1,0.1,0.0000000000e+00
fin_0186,PARTIAL_RENORMALIZED,P1,P2+P3,"{""alpha"": 0.45, ""beta"": 0.3, ""gamma"": 0.25}","{""alpha"": 1.0, ""beta"": 0.0, ""gamma"": 0.0}","{""fe"": 0.9762, ""cg"": null, ""cf"": null}","{""p1"": 0.9762, ""p2"": 0.0, ""p3"": 0.0}",0.9762,0.9762,0.0000000000e+00
fin_0187,PARTIAL_RENORMALIZED,P1,P2+P3,"{""alpha"": 0.45, ""beta"": 0.3, ""gamma"": 0.25}","{""alpha"": 1.0, ""beta"": 0.0, ""gamma"": 0.0}","{""fe"": 0.4981, ""cg"": null, ""cf"": null}","{""p1"": 0.4981, ""p2"": 0.0, ""p3"": 0.0}",0.4981,0.4981,0.0000000000e+00
fin_0188,PARTIAL_RENORMALIZED,P1,P2+P3,"{""alpha"": 0.45, ""beta"": 0.3, ""gamma"": 0.25}","{""alpha"": 1.0, ""beta"": 0.0, ""gamma"": 0.0}","{""fe"": 0.175, ""cg"": null, ""cf"": null}","{""p1"": 0.175, ""p2"": 0.0, ""p3"": 0.0}",0.175,0.175,0.0000000000e+00
fin_0189,PARTIAL_RENORMALIZED,P1,P2+P3,"{""alpha"": 0.45, ""beta"": 0.3, ""gamma"": 0.25}","{""alpha"": 1.0, ""beta"": 0.0, ""gamma"": 0.0}","{""fe"": 0.1, ""cg"": null, ""cf"": null}","{""p1"": 0.1, ""p2"": 0.0, ""p3"": 0.0}",0.1,0.1,0.0000000000e+00
fin_0190,PARTIAL_RENORMALIZED,P1,P2+P3,"{""alpha"": 0.45, ""beta"": 0.3, ""gamma"": 0.25}","{""alpha"": 1.0, ""beta"": 0.0, ""gamma"": 0.0}","{""fe"": 0.9762, ""cg"": null, ""cf"": null}","{""p1"": 0.9762, ""p2"": 0.0, ""p3"": 0.0}",0.9762,0.9762,0.0000000000e+00
fin_0191,PARTIAL_RENORMALIZED,P1,P2+P3,"{""alpha"": 0.45, ""beta"": 0.3, ""gamma"": 0.25}","{""alpha"": 1.0, ""beta"": 0.0, ""gamma"": 0.0}","{""fe"": 0.4981, ""cg"": null, ""cf"": null}","{""p1"": 0.4981, ""p2"": 0.0, ""p3"": 0.0}",0.4981,0.4981,0.0000000000e+00
fin_0192,PARTIAL_RENORMALIZED,P1,P2+P3,"{""alpha"": 0.45, ""beta"": 0.3, ""gamma"": 0.25}","{""alpha"": 1.0, ""beta"": 0.0, ""gamma"": 0.0}","{""fe"": 0.175, ""cg"": null, ""cf"": null}","{""p1"": 0.175, ""p2"": 0.0, ""p3"": 0.0}",0.175,0.175,0.0000000000e+00
fin_0193,PARTIAL_RENORMALIZED,P1,P2+P3,"{""alpha"": 0.45, ""beta"": 0.3, ""gamma"": 0.25}","{""alpha"": 1.0, ""beta"": 0.0, ""gamma"": 0.0}","{""fe"": 0.1, ""cg"": null, ""cf"": null}","{""p1"": 0.1, ""p2"": 0.0, ""p3"": 0.0}",0.1,0.1,0.0000000000e+00
fin_0194,PARTIAL_RENORMALIZED,P1,P2+P3,"{""alpha"": 0.45, ""beta"": 0.3, ""gamma"": 0.25}","{""alpha"": 1.0, ""beta"": 0.0, ""gamma"": 0.0}","{""fe"": 0.9762, ""cg"": null, ""cf"": null}","{""p1"": 0.9762, ""p2"": 0.0, ""p3"": 0.0}",0.9762,0.9762,0.0000000000e+00
fin_0195,PARTIAL_RENORMALIZED,P1,P2+P3,"{""alpha"": 0.45, ""beta"": 0.3, ""gamma"": 0.25}","{""alpha"": 1.0, ""beta"": 0.0, ""gamma"": 0.0}","{""fe"": 0.4981, ""cg"": null, ""cf"": null}","{""p1"": 0.4981, ""p2"": 0.0, ""p3"": 0.0}",0.4981,0.4981,0.0000000000e+00
fin_0196,PARTIAL_RENORMALIZED,P1,P2+P3,"{""alpha"": 0.45, ""beta"": 0.3, ""gamma"": 0.25}","{""alpha"": 1.0, ""beta"": 0.0, ""gamma"": 0.0}","{""fe"": 0.175, ""cg"": null, ""cf"": null}","{""p1"": 0.175, ""p2"": 0.0, ""p3"": 0.0}",0.175,0.175,0.0000000000e+00
fin_0197,PARTIAL_RENORMALIZED,P1,P2+P3,"{""alpha"": 0.45, ""beta"": 0.3, ""gamma"": 0.25}","{""alpha"": 1.0, ""beta"": 0.0, ""gamma"": 0.0}","{""fe"": 0.1, ""cg"": null, ""cf"": null}","{""p1"": 0.1, ""p2"": 0.0, ""p3"": 0.0}",0.1,0.1,0.0000000000e+00
fin_0198,PARTIAL_RENORMALIZED,P1,P2+P3,"{""alpha"": 0.45, ""beta"": 0.3, ""gamma"": 0.25}","{""alpha"": 1.0, ""beta"": 0.0, ""gamma"": 0.0}","{""fe"": 0.9762, ""cg"": null, ""cf"": null}","{""p1"": 0.9762, ""p2"": 0.0, ""p3"": 0.0}",0.9762,0.9762,0.0000000000e+00
fin_0199,PARTIAL_RENORMALIZED,P1,P2+P3,"{""alpha"": 0.45, ""beta"": 0.3, ""gamma"": 0.25}","{""alpha"": 1.0, ""beta"": 0.0, ""gamma"": 0.0}","{""fe"": 0.4981, ""cg"": null, ""cf"": null}","{""p1"": 0.4981, ""p2"": 0.0, ""p3"": 0.0}",0.4981,0.4981,0.0000000000e+00
fin_0200,PARTIAL_RENORMALIZED,P1,P2+P3,"{""alpha"": 0.45, ""beta"": 0.3, ""gamma"": 0.25}","{""alpha"": 1.0, ""beta"": 0.0, ""gamma"": 0.0}","{""fe"": 0.175, ""cg"": null, ""cf"": null}","{""p1"": 0.175, ""p2"": 0.0, ""p3"": 0.0}",0.175,0.175,0.0000000000e+00
his_0201,PARTIAL_RENORMALIZED,P1,P2+P3,"{""alpha"": 0.45, ""beta"": 0.3, ""gamma"": 0.25}","{""alpha"": 1.0, ""beta"": 0.0, ""gamma"": 0.0}","{""fe"": 0.0031, ""cg"": null, ""cf"": null}","{""p1"": 0.0031, ""p2"": 0.0, ""p3"": 0.0}",0.0031,0.0031,0.0000000000e+00
his_0202,PARTIAL_RENORMALIZED,P1,P2+P3,"{""alpha"": 0.45, ""beta"": 0.3, ""gamma"": 0.25}","{""alpha"": 1.0, ""beta"": 0.0, ""gamma"": 0.0}","{""fe"": 0.05, ""cg"": null, ""cf"": null}","{""p1"": 0.05, ""p2"": 0.0, ""p3"": 0.0}",0.05,0.05,0.0000000000e+00
his_0203,PARTIAL_RENORMALIZED,P1,P2+P3,"{""alpha"": 0.45, ""beta"": 0.3, ""gamma"": 0.25}","{""alpha"": 1.0, ""beta"": 0.0, ""gamma"": 0.0}","{""fe"": 0.1333, ""cg"": null, ""cf"": null}","{""p1"": 0.1333, ""p2"": 0.0, ""p3"": 0.0}",0.1333,0.1333,0.0000000000e+00
his_0204,PARTIAL_RENORMALIZED,P1,P2+P3,"{""alpha"": 0.45, ""beta"": 0.3, ""gamma"": 0.25}","{""alpha"": 1.0, ""beta"": 0.0, ""gamma"": 0.0}","{""fe"": 0.9991, ""cg"": null, ""cf"": null}","{""p1"": 0.9991, ""p2"": 0.0, ""p3"": 0.0}",0.9991,0.9991,0.0000000000e+00
his_0205,PARTIAL_RENORMALIZED,P1,P2+P3,"{""alpha"": 0.45, ""beta"": 0.3, ""gamma"": 0.25}","{""alpha"": 1.0, ""beta"": 0.0, ""gamma"": 0.0}","{""fe"": 0.0031, ""cg"": null, ""cf"": null}","{""p1"": 0.0031, ""p2"": 0.0, ""p3"": 0.0}",0.0031,0.0031,0.0000000000e+00
his_0206,PARTIAL_RENORMALIZED,P1,P2+P3,"{""alpha"": 0.45, ""beta"": 0.3, ""gamma"": 0.25}","{""alpha"": 1.0, ""beta"": 0.0, ""gamma"": 0.0}","{""fe"": 0.05, ""cg"": null, ""cf"": null}","{""p1"": 0.05, ""p2"": 0.0, ""p3"": 0.0}",0.05,0.05,0.0000000000e+00
his_0207,PARTIAL_RENORMALIZED,P1,P2+P3,"{""alpha"": 0.45, ""beta"": 0.3, ""gamma"": 0.25}","{""alpha"": 1.0, ""beta"": 0.0, ""gamma"": 0.0}","{""fe"": 0.1333, ""cg"": null, ""cf"": null}","{""p1"": 0.1333, ""p2"": 0.0, ""p3"": 0.0}",0.1333,0.1333,0.0000000000e+00
his_0208,PARTIAL_RENORMALIZED,P1,P2+P3,"{""alpha"": 0.45, ""beta"": 0.3, ""gamma"": 0.25}","{""alpha"": 1.0, ""beta"": 0.0, ""gamma"": 0.0}","{""fe"": 0.9991, ""cg"": null, ""cf"": null}","{""p1"": 0.9991, ""p2"": 0.0, ""p3"": 0.0}",0.9991,0.9991,0.0000000000e+00
his_0209,PARTIAL_RENORMALIZED,P1,P2+P3,"{""alpha"": 0.45, ""beta"": 0.3, ""gamma"": 0.25}","{""alpha"": 1.0, ""beta"": 0.0, ""gamma"": 0.0}","{""fe"": 0.0031, ""cg"": null, ""cf"": null}","{""p1"": 0.0031, ""p2"": 0.0, ""p3"": 0.0}",0.0031,0.0031,0.0000000000e+00
his_0210,PARTIAL_RENORMALIZED,P1,P2+P3,"{""alpha"": 0.45, ""beta"": 0.3, ""gamma"": 0.25}","{""alpha"": 1.0, ""beta"": 0.0, ""gamma"": 0.0}","{""fe"": 0.05, ""cg"": null, ""cf"": null}","{""p1"": 0.05, ""p2"": 0.0, ""p3"": 0.0}",0.05,0.05,0.0000000000e+00
his_0211,PARTIAL_RENORMALIZED,P1,P2+P3,"{""alpha"": 0.45, ""beta"": 0.3, ""gamma"": 0.25}","{""alpha"": 1.0, ""beta"": 0.0, ""gamma"": 0.0}","{""fe"": 0.1333, ""cg"": null, ""cf"": null}","{""p1"": 0.1333, ""p2"": 0.0, ""p3"": 0.0}",0.1333,0.1333,0.0000000000e+00
his_0212,PARTIAL_RENORMALIZED,P1,P2+P3,"{""alpha"": 0.45, ""beta"": 0.3, ""gamma"": 0.25}","{""alpha"": 1.0, ""beta"": 0.0, ""gamma"": 0.0}","{""fe"": 0.9991, ""cg"": null, ""cf"": null}","{""p1"": 0.9991, ""p2"": 0.0, ""p3"": 0.0}",0.9991,0.9991,0.0000000000e+00
his_0213,PARTIAL_RENORMALIZED,P1,P2+P3,"{""alpha"": 0.45, ""beta"": 0.3, ""gamma"": 0.25}","{""alpha"": 1.0, ""beta"": 0.0, ""gamma"": 0.0}","{""fe"": 0.0031, ""cg"": null, ""cf"": null}","{""p1"": 0.0031, ""p2"": 0.0, ""p3"": 0.0}",0.0031,0.0031,0.0000000000e+00
his_0214,PARTIAL_RENORMALIZED,P1,P2+P3,"{""alpha"": 0.45, ""beta"": 0.3, ""gamma"": 0.25}","{""alpha"": 1.0, ""beta"": 0.0, ""gamma"": 0.0}","{""fe"": 0.05, ""cg"": null, ""cf"": null}","{""p1"": 0.05, ""p2"": 0.0, ""p3"": 0.0}",0.05,0.05,0.0000000000e+00
his_0215,PARTIAL_RENORMALIZED,P1,P2+P3,"{""alpha"": 0.45, ""beta"": 0.3, ""gamma"": 0.25}","{""alpha"": 1.0, ""beta"": 0.0, ""gamma"": 0.0}","{""fe"": 0.1333, ""cg"": null, ""cf"": null}","{""p1"": 0.1333, ""p2"": 0.0, ""p3"": 0.0}",0.1333,0.1333,0.0000000000e+00
his_0216,PARTIAL_RENORMALIZED,P1,P2+P3,"{""alpha"": 0.45, ""beta"": 0.3, ""gamma"": 0.25}","{""alpha"": 1.0, ""beta"": 0.0, ""gamma"": 0.0}","{""fe"": 0.9991, ""cg"": null, ""cf"": null}","{""p1"": 0.9991, ""p2"": 0.0, ""p3"": 0.0}",0.9991,0.9991,0.0000000000e+00
his_0217,PARTIAL_RENORMALIZED,P1,P2+P3,"{""alpha"": 0.45, ""beta"": 0.3, ""gamma"": 0.25}","{""alpha"": 1.0, ""beta"": 0.0, ""gamma"": 0.0}","{""fe"": 0.0031, ""cg"": null, ""cf"": null}","{""p1"": 0.0031, ""p2"": 0.0, ""p3"": 0.0}",0.0031,0.0031,0.0000000000e+00
his_0218,PARTIAL_RENORMALIZED,P1,P2+P3,"{""alpha"": 0.45, ""beta"": 0.3, ""gamma"": 0.25}","{""alpha"": 1.0, ""beta"": 0.0, ""gamma"": 0.0}","{""fe"": 0.05, ""cg"": null, ""cf"": null}","{""p1"": 0.05, ""p2"": 0.0, ""p3"": 0.0}",0.05,0.05,0.0000000000e+00
his_0219,PARTIAL_RENORMALIZED,P1,P2+P3,"{""alpha"": 0.45, ""beta"": 0.3, ""gamma"": 0.25}","{""alpha"": 1.0, ""beta"": 0.0, ""gamma"": 0.0}","{""fe"": 0.1333, ""cg"": null, ""cf"": null}","{""p1"": 0.1333, ""p2"": 0.0, ""p3"": 0.0}",0.1333,0.1333,0.0000000000e+00
his_0220,PARTIAL_RENORMALIZED,P1,P2+P3,"{""alpha"": 0.45, ""beta"": 0.3, ""gamma"": 0.25}","{""alpha"": 1.0, ""beta"": 0.0, ""gamma"": 0.0}","{""fe"": 0.9991, ""cg"": null, ""cf"": null}","{""p1"": 0.9991, ""p2"": 0.0, ""p3"": 0.0}",0.9991,0.9991,0.0000000000e+00
his_0221,PARTIAL_RENORMALIZED,P1,P2+P3,"{""alpha"": 0.45, ""beta"": 0.3, ""gamma"": 0.25}","{""alpha"": 1.0, ""beta"": 0.0, ""gamma"": 0.0}","{""fe"": 0.0031, ""cg"": null, ""cf"": null}","{""p1"": 0.0031, ""p2"": 0.0, ""p3"": 0.0}",0.0031,0.0031,0.0000000000e+00
his_0222,PARTIAL_RENORMALIZED,P1,P2+P3,"{""alpha"": 0.45, ""beta"": 0.3, ""gamma"": 0.25}","{""alpha"": 1.0, ""beta"": 0.0, ""gamma"": 0.0}","{""fe"": 0.05, ""cg"": null, ""cf"": null}","{""p1"": 0.05, ""p2"": 0.0, ""p3"": 0.0}",0.05,0.05,0.0000000000e+00
his_0223,PARTIAL_RENORMALIZED,P1,P2+P3,"{""alpha"": 0.45, ""beta"": 0.3, ""gamma"": 0.25}","{""alpha"": 1.0, ""beta"": 0.0, ""gamma"": 0.0}","{""fe"": 0.1333, ""cg"": null, ""cf"": null}","{""p1"": 0.1333, ""p2"": 0.0, ""p3"": 0.0}",0.1333,0.1333,0.0000000000e+00
his_0224,PARTIAL_RENORMALIZED,P1,P2+P3,"{""alpha"": 0.45, ""beta"": 0.3, ""gamma"": 0.25}","{""alpha"": 1.0, ""beta"": 0.0, ""gamma"": 0.0}","{""fe"": 0.9991, ""cg"": null, ""cf"": null}","{""p1"": 0.9991, ""p2"": 0.0, ""p3"": 0.0}",0.9991,0.9991,0.0000000000e+00
his_0225,PARTIAL_RENORMALIZED,P1,P2+P3,"{""alpha"": 0.45, ""beta"": 0.3, ""gamma"": 0.25}","{""alpha"": 1.0, ""beta"": 0.0, ""gamma"": 0.0}","{""fe"": 0.0031, ""cg"": null, ""cf"": null}","{""p1"": 0.0031, ""p2"": 0.0, ""p3"": 0.0}",0.0031,0.0031,0.0000000000e+00
his_0226,PARTIAL_RENORMALIZED,P1,P2+P3,"{""alpha"": 0.45, ""beta"": 0.3, ""gamma"": 0.25}","{""alpha"": 1.0, ""beta"": 0.0, ""gamma"": 0.0}","{""fe"": 0.05, ""cg"": null, ""cf"": null}","{""p1"": 0.05, ""p2"": 0.0, ""p3"": 0.0}",0.05,0.05,0.0000000000e+00
his_0227,PARTIAL_RENORMALIZED,P1,P2+P3,"{""alpha"": 0.45, ""beta"": 0.3, ""gamma"": 0.25}","{""alpha"": 1.0, ""beta"": 0.0, ""gamma"": 0.0}","{""fe"": 0.1333, ""cg"": null, ""cf"": null}","{""p1"": 0.1333, ""p2"": 0.0, ""p3"": 0.0}",0.1333,0.1333,0.0000000000e+00
his_0228,PARTIAL_RENORMALIZED,P1,P2+P3,"{""alpha"": 0.45, ""beta"": 0.3, ""gamma"": 0.25}","{""alpha"": 1.0, ""beta"": 0.0, ""gamma"": 0.0}","{""fe"": 0.9991, ""cg"": null, ""cf"": null}","{""p1"": 0.9991, ""p2"": 0.0, ""p3"": 0.0}",0.9991,0.9991,0.0000000000e+00
his_0229,PARTIAL_RENORMALIZED,P1,P2+P3,"{""alpha"": 0.45, ""beta"": 0.3, ""gamma"": 0.25}","{""alpha"": 1.0, ""beta"": 0.0, ""gamma"": 0.0}","{""fe"": 0.0031, ""cg"": null, ""cf"": null}","{""p1"": 0.0031, ""p2"": 0.0, ""p3"": 0.0}",0.0031,0.0031,0.0000000000e+00
his_0230,PARTIAL_RENORMALIZED,P1,P2+P3,"{""alpha"": 0.45, ""beta"": 0.3, ""gamma"": 0.25}","{""alpha"": 1.0, ""beta"": 0.0, ""gamma"": 0.0}","{""fe"": 0.05, ""cg"": null, ""cf"": null}","{""p1"": 0.05, ""p2"": 0.0, ""p3"": 0.0}",0.05,0.05,0.0000000000e+00
his_0231,PARTIAL_RENORMALIZED,P1,P2+P3,"{""alpha"": 0.45, ""beta"": 0.3, ""gamma"": 0.25}","{""alpha"": 1.0, ""beta"": 0.0, ""gamma"": 0.0}","{""fe"": 0.1333, ""cg"": null, ""cf"": null}","{""p1"": 0.1333, ""p2"": 0.0, ""p3"": 0.0}",0.1333,0.1333,0.0000000000e+00
his_0232,PARTIAL_RENORMALIZED,P1,P2+P3,"{""alpha"": 0.45, ""beta"": 0.3, ""gamma"": 0.25}","{""alpha"": 1.0, ""beta"": 0.0, ""gamma"": 0.0}","{""fe"": 0.9991, ""cg"": null, ""cf"": null}","{""p1"": 0.9991, ""p2"": 0.0, ""p3"": 0.0}",0.9991,0.9991,0.0000000000e+00
his_0233,PARTIAL_RENORMALIZED,P1,P2+P3,"{""alpha"": 0.45, ""beta"": 0.3, ""gamma"": 0.25}","{""alpha"": 1.0, ""beta"": 0.0, ""gamma"": 0.0}","{""fe"": 0.0031, ""cg"": null, ""cf"": null}","{""p1"": 0.0031, ""p2"": 0.0, ""p3"": 0.0}",0.0031,0.0031,0.0000000000e+00
his_0234,PARTIAL_RENORMALIZED,P1,P2+P3,"{""alpha"": 0.45, ""beta"": 0.3, ""gamma"": 0.25}","{""alpha"": 1.0, ""beta"": 0.0, ""gamma"": 0.0}","{""fe"": 0.05, ""cg"": null, ""cf"": null}","{""p1"": 0.05, ""p2"": 0.0, ""p3"": 0.0}",0.05,0.05,0.0000000000e+00
his_0235,PARTIAL_RENORMALIZED,P1,P2+P3,"{""alpha"": 0.45, ""beta"": 0.3, ""gamma"": 0.25}","{""alpha"": 1.0, ""beta"": 0.0, ""gamma"": 0.0}","{""fe"": 0.1333, ""cg"": null, ""cf"": null}","{""p1"": 0.1333, ""p2"": 0.0, ""p3"": 0.0}",0.1333,0.1333,0.0000000000e+00
his_0236,PARTIAL_RENORMALIZED,P1,P2+P3,"{""alpha"": 0.45, ""beta"": 0.3, ""gamma"": 0.25}","{""alpha"": 1.0, ""beta"": 0.0, ""gamma"": 0.0}","{""fe"": 0.9991, ""cg"": null, ""cf"": null}","{""p1"": 0.9991, ""p2"": 0.0, ""p3"": 0.0}",0.9991,0.9991,0.0000000000e+00
his_0237,PARTIAL_RENORMALIZED,P1,P2+P3,"{""alpha"": 0.45, ""beta"": 0.3, ""gamma"": 0.25}","{""alpha"": 1.0, ""beta"": 0.0, ""gamma"": 0.0}","{""fe"": 0.0031, ""cg"": null, ""cf"": null}","{""p1"": 0.0031, ""p2"": 0.0, ""p3"": 0.0}",0.0031,0.0031,0.0000000000e+00
his_0238,PARTIAL_RENORMALIZED,P1,P2+P3,"{""alpha"": 0.45, ""beta"": 0.3, ""gamma"": 0.25}","{""alpha"": 1.0, ""beta"": 0.0, ""gamma"": 0.0}","{""fe"": 0.05, ""cg"": null, ""cf"": null}","{""p1"": 0.05, ""p2"": 0.0, ""p3"": 0.0}",0.05,0.05,0.0000000000e+00
his_0239,PARTIAL_RENORMALIZED,P1,P2+P3,"{""alpha"": 0.45, ""beta"": 0.3, ""gamma"": 0.25}","{""alpha"": 1.0, ""beta"": 0.0, ""gamma"": 0.0}","{""fe"": 0.1333, ""cg"": null, ""cf"": null}","{""p1"": 0.1333, ""p2"": 0.0, ""p3"": 0.0}",0.1333,0.1333,0.0000000000e+00
his_0240,PARTIAL_RENORMALIZED,P1,P2+P3,"{""alpha"": 0.45, ""beta"": 0.3, ""gamma"": 0.25}","{""alpha"": 1.0, ""beta"": 0.0, ""gamma"": 0.0}","{""fe"": 0.9991, ""cg"": null, ""cf"": null}","{""p1"": 0.9991, ""p2"": 0.0, ""p3"": 0.0}",0.9991,0.9991,0.0000000000e+00
his_0241,PARTIAL_RENORMALIZED,P1,P2+P3,"{""alpha"": 0.45, ""beta"": 0.3, ""gamma"": 0.25}","{""alpha"": 1.0, ""beta"": 0.0, ""gamma"": 0.0}","{""fe"": 0.0031, ""cg"": null, ""cf"": null}","{""p1"": 0.0031, ""p2"": 0.0, ""p3"": 0.0}",0.0031,0.0031,0.0000000000e+00
his_0242,PARTIAL_RENORMALIZED,P1,P2+P3,"{""alpha"": 0.45, ""beta"": 0.3, ""gamma"": 0.25}","{""alpha"": 1.0, ""beta"": 0.0, ""gamma"": 0.0}","{""fe"": 0.05, ""cg"": null, ""cf"": null}","{""p1"": 0.05, ""p2"": 0.0, ""p3"": 0.0}",0.05,0.05,0.0000000000e+00
his_0243,PARTIAL_RENORMALIZED,P1,P2+P3,"{""alpha"": 0.45, ""beta"": 0.3, ""gamma"": 0.25}","{""alpha"": 1.0, ""beta"": 0.0, ""gamma"": 0.0}","{""fe"": 0.1333, ""cg"": null, ""cf"": null}","{""p1"": 0.1333, ""p2"": 0.0, ""p3"": 0.0}",0.1333,0.1333,0.0000000000e+00
his_0244,PARTIAL_RENORMALIZED,P1,P2+P3,"{""alpha"": 0.45, ""beta"": 0.3, ""gamma"": 0.25}","{""alpha"": 1.0, ""beta"": 0.0, ""gamma"": 0.0}","{""fe"": 0.9991, ""cg"": null, ""cf"": null}","{""p1"": 0.9991, ""p2"": 0.0, ""p3"": 0.0}",0.9991,0.9991,0.0000000000e+00
his_0245,PARTIAL_RENORMALIZED,P1,P2+P3,"{""alpha"": 0.45, ""beta"": 0.3, ""gamma"": 0.25}","{""alpha"": 1.0, ""beta"": 0.0, ""gamma"": 0.0}","{""fe"": 0.0031, ""cg"": null, ""cf"": null}","{""p1"": 0.0031, ""p2"": 0.0, ""p3"": 0.0}",0.0031,0.0031,0.0000000000e+00
his_0246,PARTIAL_RENORMALIZED,P1,P2+P3,"{""alpha"": 0.45, ""beta"": 0.3, ""gamma"": 0.25}","{""alpha"": 1.0, ""beta"": 0.0, ""gamma"": 0.0}","{""fe"": 0.05, ""cg"": null, ""cf"": null}","{""p1"": 0.05, ""p2"": 0.0, ""p3"": 0.0}",0.05,0.05,0.0000000000e+00
his_0247,PARTIAL_RENORMALIZED,P1,P2+P3,"{""alpha"": 0.45, ""beta"": 0.3, ""gamma"": 0.25}","{""alpha"": 1.0, ""beta"": 0.0, ""gamma"": 0.0}","{""fe"": 0.1333, ""cg"": null, ""cf"": null}","{""p1"": 0.1333, ""p2"": 0.0, ""p3"": 0.0}",0.1333,0.1333,0.0000000000e+00
his_0248,PARTIAL_RENORMALIZED,P1,P2+P3,"{""alpha"": 0.45, ""beta"": 0.3, ""gamma"": 0.25}","{""alpha"": 1.0, ""beta"": 0.0, ""gamma"": 0.0}","{""fe"": 0.9991, ""cg"": null, ""cf"": null}","{""p1"": 0.9991, ""p2"": 0.0, ""p3"": 0.0}",0.9991,0.9991,0.0000000000e+00
his_0249,PARTIAL_RENORMALIZED,P1,P2+P3,"{""alpha"": 0.45, ""beta"": 0.3, ""gamma"": 0.25}","{""alpha"": 1.0, ""beta"": 0.0, ""gamma"": 0.0}","{""fe"": 0.0031, ""cg"": null, ""cf"": null}","{""p1"": 0.0031, ""p2"": 0.0, ""p3"": 0.0}",0.0031,0.0031,0.0000000000e+00
his_0250,PARTIAL_RENORMALIZED,P1,P2+P3,"{""alpha"": 0.45, ""beta"": 0.3, ""gamma"": 0.25}","{""alpha"": 1.0, ""beta"": 0.0, ""gamma"": 0.0}","{""fe"": 0.05, ""cg"": null, ""cf"": null}","{""p1"": 0.05, ""p2"": 0.0, ""p3"": 0.0}",0.05,0.05,0.0000000000e+00
sci_0251,PARTIAL_RENORMALIZED,P1,P2+P3,"{""alpha"": 0.45, ""beta"": 0.3, ""gamma"": 0.25}","{""alpha"": 1.0, ""beta"": 0.0, ""gamma"": 0.0}","{""fe"": 0.1, ""cg"": null, ""cf"": null}","{""p1"": 0.1, ""p2"": 0.0, ""p3"": 0.0}",0.1,0.1,0.0000000000e+00
sci_0252,PARTIAL_RENORMALIZED,P1,P2+P3,"{""alpha"": 0.45, ""beta"": 0.3, ""gamma"": 0.25}","{""alpha"": 1.0, ""beta"": 0.0, ""gamma"": 0.0}","{""fe"": 1.0, ""cg"": null, ""cf"": null}","{""p1"": 1.0, ""p2"": 0.0, ""p3"": 0.0}",1.0,1.0,0.0000000000e+00
sci_0253,PARTIAL_RENORMALIZED,P1,P2+P3,"{""alpha"": 0.45, ""beta"": 0.3, ""gamma"": 0.25}","{""alpha"": 1.0, ""beta"": 0.0, ""gamma"": 0.0}","{""fe"": 0.0135, ""cg"": null, ""cf"": null}","{""p1"": 0.0135, ""p2"": 0.0, ""p3"": 0.0}",0.0135,0.0135,0.0000000000e+00
sci_0254,PARTIAL_RENORMALIZED,P1,P2+P3,"{""alpha"": 0.45, ""beta"": 0.3, ""gamma"": 0.25}","{""alpha"": 1.0, ""beta"": 0.0, ""gamma"": 0.0}","{""fe"": 0.4609, ""cg"": null, ""cf"": null}","{""p1"": 0.4609, ""p2"": 0.0, ""p3"": 0.0}",0.4609,0.4609,0.0000000000e+00
sci_0255,PARTIAL_RENORMALIZED,P1,P2+P3,"{""alpha"": 0.45, ""beta"": 0.3, ""gamma"": 0.25}","{""alpha"": 1.0, ""beta"": 0.0, ""gamma"": 0.0}","{""fe"": 0.1, ""cg"": null, ""cf"": null}","{""p1"": 0.1, ""p2"": 0.0, ""p3"": 0.0}",0.1,0.1,0.0000000000e+00
sci_0256,PARTIAL_RENORMALIZED,P1,P2+P3,"{""alpha"": 0.45, ""beta"": 0.3, ""gamma"": 0.25}","{""alpha"": 1.0, ""beta"": 0.0, ""gamma"": 0.0}","{""fe"": 1.0, ""cg"": null, ""cf"": null}","{""p1"": 1.0, ""p2"": 0.0, ""p3"": 0.0}",1.0,1.0,0.0000000000e+00
sci_0257,PARTIAL_RENORMALIZED,P1,P2+P3,"{""alpha"": 0.45, ""beta"": 0.3, ""gamma"": 0.25}","{""alpha"": 1.0, ""beta"": 0.0, ""gamma"": 0.0}","{""fe"": 0.0135, ""cg"": null, ""cf"": null}","{""p1"": 0.0135, ""p2"": 0.0, ""p3"": 0.0}",0.0135,0.0135,0.0000000000e+00
sci_0258,PARTIAL_RENORMALIZED,P1,P2+P3,"{""alpha"": 0.45, ""beta"": 0.3, ""gamma"": 0.25}","{""alpha"": 1.0, ""beta"": 0.0, ""gamma"": 0.0}","{""fe"": 0.4609, ""cg"": null, ""cf"": null}","{""p1"": 0.4609, ""p2"": 0.0, ""p3"": 0.0}",0.4609,0.4609,0.0000000000e+00
sci_0259,PARTIAL_RENORMALIZED,P1,P2+P3,"{""alpha"": 0.45, ""beta"": 0.3, ""gamma"": 0.25}","{""alpha"": 1.0, ""beta"": 0.0, ""gamma"": 0.0}","{""fe"": 0.1, ""cg"": null, ""cf"": null}","{""p1"": 0.1, ""p2"": 0.0, ""p3"": 0.0}",0.1,0.1,0.0000000000e+00
sci_0260,PARTIAL_RENORMALIZED,P1,P2+P3,"{""alpha"": 0.45, ""beta"": 0.3, ""gamma"": 0.25}","{""alpha"": 1.0, ""beta"": 0.0, ""gamma"": 0.0}","{""fe"": 1.0, ""cg"": null, ""cf"": null}","{""p1"": 1.0, ""p2"": 0.0, ""p3"": 0.0}",1.0,1.0,0.0000000000e+00
sci_0261,PARTIAL_RENORMALIZED,P1,P2+P3,"{""alpha"": 0.45, ""beta"": 0.3, ""gamma"": 0.25}","{""alpha"": 1.0, ""beta"": 0.0, ""gamma"": 0.0}","{""fe"": 0.0135, ""cg"": null, ""cf"": null}","{""p1"": 0.0135, ""p2"": 0.0, ""p3"": 0.0}",0.0135,0.0135,0.0000000000e+00
sci_0262,PARTIAL_RENORMALIZED,P1,P2+P3,"{""alpha"": 0.45, ""beta"": 0.3, ""gamma"": 0.25}","{""alpha"": 1.0, ""beta"": 0.0, ""gamma"": 0.0}","{""fe"": 0.4609, ""cg"": null, ""cf"": null}","{""p1"": 0.4609, ""p2"": 0.0, ""p3"": 0.0}",0.4609,0.4609,0.0000000000e+00
sci_0263,PARTIAL_RENORMALIZED,P1,P2+P3,"{""alpha"": 0.45, ""beta"": 0.3, ""gamma"": 0.25}","{""alpha"": 1.0, ""beta"": 0.0, ""gamma"": 0.0}","{""fe"": 0.1, ""cg"": null, ""cf"": null}","{""p1"": 0.1, ""p2"": 0.0, ""p3"": 0.0}",0.1,0.1,0.0000000000e+00
sci_0264,PARTIAL_RENORMALIZED,P1,P2+P3,"{""alpha"": 0.45, ""beta"": 0.3, ""gamma"": 0.25}","{""alpha"": 1.0, ""beta"": 0.0, ""gamma"": 0.0}","{""fe"": 1.0, ""cg"": null, ""cf"": null}","{""p1"": 1.0, ""p2"": 0.0, ""p3"": 0.0}",1.0,1.0,0.0000000000e+00
sci_0265,PARTIAL_RENORMALIZED,P1,P2+P3,"{""alpha"": 0.45, ""beta"": 0.3, ""gamma"": 0.25}","{""alpha"": 1.0, ""beta"": 0.0, ""gamma"": 0.0}","{""fe"": 0.0135, ""cg"": null, ""cf"": null}","{""p1"": 0.0135, ""p2"": 0.0, ""p3"": 0.0}",0.0135,0.0135,0.0000000000e+00
sci_0266,PARTIAL_RENORMALIZED,P1,P2+P3,"{""alpha"": 0.45, ""beta"": 0.3, ""gamma"": 0.25}","{""alpha"": 1.0, ""beta"": 0.0, ""gamma"": 0.0}","{""fe"": 0.4609, ""cg"": null, ""cf"": null}","{""p1"": 0.4609, ""p2"": 0.0, ""p3"": 0.0}",0.4609,0.4609,0.0000000000e+00
sci_0267,PARTIAL_RENORMALIZED,P1,P2+P3,"{""alpha"": 0.45, ""beta"": 0.3, ""gamma"": 0.25}","{""alpha"": 1.0, ""beta"": 0.0, ""gamma"": 0.0}","{""fe"": 0.1, ""cg"": null, ""cf"": null}","{""p1"": 0.1, ""p2"": 0.0, ""p3"": 0.0}",0.1,0.1,0.0000000000e+00
sci_0268,PARTIAL_RENORMALIZED,P1,P2+P3,"{""alpha"": 0.45, ""beta"": 0.3, ""gamma"": 0.25}","{""alpha"": 1.0, ""beta"": 0.0, ""gamma"": 0.0}","{""fe"": 1.0, ""cg"": null, ""cf"": null}","{""p1"": 1.0, ""p2"": 0.0, ""p3"": 0.0}",1.0,1.0,0.0000000000e+00
sci_0269,PARTIAL_RENORMALIZED,P1,P2+P3,"{""alpha"": 0.45, ""beta"": 0.3, ""gamma"": 0.25}","{""alpha"": 1.0, ""beta"": 0.0, ""gamma"": 0.0}","{""fe"": 0.0135, ""cg"": null, ""cf"": null}","{""p1"": 0.0135, ""p2"": 0.0, ""p3"": 0.0}",0.0135,0.0135,0.0000000000e+00
sci_0270,PARTIAL_RENORMALIZED,P1,P2+P3,"{""alpha"": 0.45, ""beta"": 0.3, ""gamma"": 0.25}","{""alpha"": 1.0, ""beta"": 0.0, ""gamma"": 0.0}","{""fe"": 0.4609, ""cg"": null, ""cf"": null}","{""p1"": 0.4609, ""p2"": 0.0, ""p3"": 0.0}",0.4609,0.4609,0.0000000000e+00
sci_0271,PARTIAL_RENORMALIZED,P1,P2+P3,"{""alpha"": 0.45, ""beta"": 0.3, ""gamma"": 0.25}","{""alpha"": 1.0, ""beta"": 0.0, ""gamma"": 0.0}","{""fe"": 0.1, ""cg"": null, ""cf"": null}","{""p1"": 0.1, ""p2"": 0.0, ""p3"": 0.0}",0.1,0.1,0.0000000000e+00
sci_0272,PARTIAL_RENORMALIZED,P1,P2+P3,"{""alpha"": 0.45, ""beta"": 0.3, ""gamma"": 0.25}","{""alpha"": 1.0, ""beta"": 0.0, ""gamma"": 0.0}","{""fe"": 1.0, ""cg"": null, ""cf"": null}","{""p1"": 1.0, ""p2"": 0.0, ""p3"": 0.0}",1.0,1.0,0.0000000000e+00
sci_0273,PARTIAL_RENORMALIZED,P1,P2+P3,"{""alpha"": 0.45, ""beta"": 0.3, ""gamma"": 0.25}","{""alpha"": 1.0, ""beta"": 0.0, ""gamma"": 0.0}","{""fe"": 0.0135, ""cg"": null, ""cf"": null}","{""p1"": 0.0135, ""p2"": 0.0, ""p3"": 0.0}",0.0135,0.0135,0.0000000000e+00
sci_0274,PARTIAL_RENORMALIZED,P1,P2+P3,"{""alpha"": 0.45, ""beta"": 0.3, ""gamma"": 0.25}","{""alpha"": 1.0, ""beta"": 0.0, ""gamma"": 0.0}","{""fe"": 0.4609, ""cg"": null, ""cf"": null}","{""p1"": 0.4609, ""p2"": 0.0, ""p3"": 0.0}",0.4609,0.4609,0.0000000000e+00
sci_0275,PARTIAL_RENORMALIZED,P1,P2+P3,"{""alpha"": 0.45, ""beta"": 0.3, ""gamma"": 0.25}","{""alpha"": 1.0, ""beta"": 0.0, ""gamma"": 0.0}","{""fe"": 0.1, ""cg"": null, ""cf"": null}","{""p1"": 0.1, ""p2"": 0.0, ""p3"": 0.0}",0.1,0.1,0.0000000000e+00
sci_0276,PARTIAL_RENORMALIZED,P1,P2+P3,"{""alpha"": 0.45, ""beta"": 0.3, ""gamma"": 0.25}","{""alpha"": 1.0, ""beta"": 0.0, ""gamma"": 0.0}","{""fe"": 1.0, ""cg"": null, ""cf"": null}","{""p1"": 1.0, ""p2"": 0.0, ""p3"": 0.0}",1.0,1.0,0.0000000000e+00
sci_0277,PARTIAL_RENORMALIZED,P1,P2+P3,"{""alpha"": 0.45, ""beta"": 0.3, ""gamma"": 0.25}","{""alpha"": 1.0, ""beta"": 0.0, ""gamma"": 0.0}","{""fe"": 0.0135, ""cg"": null, ""cf"": null}","{""p1"": 0.0135, ""p2"": 0.0, ""p3"": 0.0}",0.0135,0.0135,0.0000000000e+00
sci_0278,PARTIAL_RENORMALIZED,P1,P2+P3,"{""alpha"": 0.45, ""beta"": 0.3, ""gamma"": 0.25}","{""alpha"": 1.0, ""beta"": 0.0, ""gamma"": 0.0}","{""fe"": 0.4609, ""cg"": null, ""cf"": null}","{""p1"": 0.4609, ""p2"": 0.0, ""p3"": 0.0}",0.4609,0.4609,0.0000000000e+00
sci_0279,PARTIAL_RENORMALIZED,P1,P2+P3,"{""alpha"": 0.45, ""beta"": 0.3, ""gamma"": 0.25}","{""alpha"": 1.0, ""beta"": 0.0, ""gamma"": 0.0}","{""fe"": 0.1, ""cg"": null, ""cf"": null}","{""p1"": 0.1, ""p2"": 0.0, ""p3"": 0.0}",0.1,0.1,0.0000000000e+00
sci_0280,PARTIAL_RENORMALIZED,P1,P2+P3,"{""alpha"": 0.45, ""beta"": 0.3, ""gamma"": 0.25}","{""alpha"": 1.0, ""beta"": 0.0, ""gamma"": 0.0}","{""fe"": 1.0, ""cg"": null, ""cf"": null}","{""p1"": 1.0, ""p2"": 0.0, ""p3"": 0.0}",1.0,1.0,0.0000000000e+00
sci_0281,PARTIAL_RENORMALIZED,P1,P2+P3,"{""alpha"": 0.45, ""beta"": 0.3, ""gamma"": 0.25}","{""alpha"": 1.0, ""beta"": 0.0, ""gamma"": 0.0}","{""fe"": 0.0135, ""cg"": null, ""cf"": null}","{""p1"": 0.0135, ""p2"": 0.0, ""p3"": 0.0}",0.0135,0.0135,0.0000000000e+00
sci_0282,PARTIAL_RENORMALIZED,P1,P2+P3,"{""alpha"": 0.45, ""beta"": 0.3, ""gamma"": 0.25}","{""alpha"": 1.0, ""beta"": 0.0, ""gamma"": 0.0}","{""fe"": 0.4609, ""cg"": null, ""cf"": null}","{""p1"": 0.4609, ""p2"": 0.0, ""p3"": 0.0}",0.4609,0.4609,0.0000000000e+00
sci_0283,PARTIAL_RENORMALIZED,P1,P2+P3,"{""alpha"": 0.45, ""beta"": 0.3, ""gamma"": 0.25}","{""alpha"": 1.0, ""beta"": 0.0, ""gamma"": 0.0}","{""fe"": 0.1, ""cg"": null, ""cf"": null}","{""p1"": 0.1, ""p2"": 0.0, ""p3"": 0.0}",0.1,0.1,0.0000000000e+00
sci_0284,PARTIAL_RENORMALIZED,P1,P2+P3,"{""alpha"": 0.45, ""beta"": 0.3, ""gamma"": 0.25}","{""alpha"": 1.0, ""beta"": 0.0, ""gamma"": 0.0}","{""fe"": 1.0, ""cg"": null, ""cf"": null}","{""p1"": 1.0, ""p2"": 0.0, ""p3"": 0.0}",1.0,1.0,0.0000000000e+00
sci_0285,PARTIAL_RENORMALIZED,P1,P2+P3,"{""alpha"": 0.45, ""beta"": 0.3, ""gamma"": 0.25}","{""alpha"": 1.0, ""beta"": 0.0, ""gamma"": 0.0}","{""fe"": 0.0135, ""cg"": null, ""cf"": null}","{""p1"": 0.0135, ""p2"": 0.0, ""p3"": 0.0}",0.0135,0.0135,0.0000000000e+00
sci_0286,PARTIAL_RENORMALIZED,P1,P2+P3,"{""alpha"": 0.45, ""beta"": 0.3, ""gamma"": 0.25}","{""alpha"": 1.0, ""beta"": 0.0, ""gamma"": 0.0}","{""fe"": 0.4609, ""cg"": null, ""cf"": null}","{""p1"": 0.4609, ""p2"": 0.0, ""p3"": 0.0}",0.4609,0.4609,0.0000000000e+00
sci_0287,PARTIAL_RENORMALIZED,P1,P2+P3,"{""alpha"": 0.45, ""beta"": 0.3, ""gamma"": 0.25}","{""alpha"": 1.0, ""beta"": 0.0, ""gamma"": 0.0}","{""fe"": 0.1, ""cg"": null, ""cf"": null}","{""p1"": 0.1, ""p2"": 0.0, ""p3"": 0.0}",0.1,0.1,0.0000000000e+00
sci_0288,PARTIAL_RENORMALIZED,P1,P2+P3,"{""alpha"": 0.45, ""beta"": 0.3, ""gamma"": 0.25}","{""alpha"": 1.0, ""beta"": 0.0, ""gamma"": 0.0}","{""fe"": 1.0, ""cg"": null, ""cf"": null}","{""p1"": 1.0, ""p2"": 0.0, ""p3"": 0.0}",1.0,1.0,0.0000000000e+00
sci_0289,PARTIAL_RENORMALIZED,P1,P2+P3,"{""alpha"": 0.45, ""beta"": 0.3, ""gamma"": 0.25}","{""alpha"": 1.0, ""beta"": 0.0, ""gamma"": 0.0}","{""fe"": 0.0135, ""cg"": null, ""cf"": null}","{""p1"": 0.0135, ""p2"": 0.0, ""p3"": 0.0}",0.0135,0.0135,0.0000000000e+00
sci_0290,PARTIAL_RENORMALIZED,P1,P2+P3,"{""alpha"": 0.45, ""beta"": 0.3, ""gamma"": 0.25}","{""alpha"": 1.0, ""beta"": 0.0, ""gamma"": 0.0}","{""fe"": 0.4609, ""cg"": null, ""cf"": null}","{""p1"": 0.4609, ""p2"": 0.0, ""p3"": 0.0}",0.4609,0.4609,0.0000000000e+00
sci_0291,PARTIAL_RENORMALIZED,P1,P2+P3,"{""alpha"": 0.45, ""beta"": 0.3, ""gamma"": 0.25}","{""alpha"": 1.0, ""beta"": 0.0, ""gamma"": 0.0}","{""fe"": 0.1, ""cg"": null, ""cf"": null}","{""p1"": 0.1, ""p2"": 0.0, ""p3"": 0.0}",0.1,0.1,0.0000000000e+00
sci_0292,PARTIAL_RENORMALIZED,P1,P2+P3,"{""alpha"": 0.45, ""beta"": 0.3, ""gamma"": 0.25}","{""alpha"": 1.0, ""beta"": 0.0, ""gamma"": 0.0}","{""fe"": 1.0, ""cg"": null, ""cf"": null}","{""p1"": 1.0, ""p2"": 0.0, ""p3"": 0.0}",1.0,1.0,0.0000000000e+00
sci_0293,PARTIAL_RENORMALIZED,P1,P2+P3,"{""alpha"": 0.45, ""beta"": 0.3, ""gamma"": 0.25}","{""alpha"": 1.0, ""beta"": 0.0, ""gamma"": 0.0}","{""fe"": 0.0135, ""cg"": null, ""cf"": null}","{""p1"": 0.0135, ""p2"": 0.0, ""p3"": 0.0}",0.0135,0.0135,0.0000000000e+00
sci_0294,PARTIAL_RENORMALIZED,P1,P2+P3,"{""alpha"": 0.45, ""beta"": 0.3, ""gamma"": 0.25}","{""alpha"": 1.0, ""beta"": 0.0, ""gamma"": 0.0}","{""fe"": 0.4609, ""cg"": null, ""cf"": null}","{""p1"": 0.4609, ""p2"": 0.0, ""p3"": 0.0}",0.4609,0.4609,0.0000000000e+00
sci_0295,PARTIAL_RENORMALIZED,P1,P2+P3,"{""alpha"": 0.45, ""beta"": 0.3, ""gamma"": 0.25}","{""alpha"": 1.0, ""beta"": 0.0, ""gamma"": 0.0}","{""fe"": 0.1, ""cg"": null, ""cf"": null}","{""p1"": 0.1, ""p2"": 0.0, ""p3"": 0.0}",0.1,0.1,0.0000000000e+00
sci_0296,PARTIAL_RENORMALIZED,P1,P2+P3,"{""alpha"": 0.45, ""beta"": 0.3, ""gamma"": 0.25}","{""alpha"": 1.0, ""beta"": 0.0, ""gamma"": 0.0}","{""fe"": 1.0, ""cg"": null, ""cf"": null}","{""p1"": 1.0, ""p2"": 0.0, ""p3"": 0.0}",1.0,1.0,0.0000000000e+00
sci_0297,PARTIAL_RENORMALIZED,P1,P2+P3,"{""alpha"": 0.45, ""beta"": 0.3, ""gamma"": 0.25}","{""alpha"": 1.0, ""beta"": 0.0, ""gamma"": 0.0}","{""fe"": 0.0135, ""cg"": null, ""cf"": null}","{""p1"": 0.0135, ""p2"": 0.0, ""p3"": 0.0}",0.0135,0.0135,0.0000000000e+00
sci_0298,PARTIAL_RENORMALIZED,P1,P2+P3,"{""alpha"": 0.45, ""beta"": 0.3, ""gamma"": 0.25}","{""alpha"": 1.0, ""beta"": 0.0, ""gamma"": 0.0}","{""fe"": 0.4609, ""cg"": null, ""cf"": null}","{""p1"": 0.4609, ""p2"": 0.0, ""p3"": 0.0}",0.4609,0.4609,0.0000000000e+00
sci_0299,PARTIAL_RENORMALIZED,P1,P2+P3,"{""alpha"": 0.45, ""beta"": 0.3, ""gamma"": 0.25}","{""alpha"": 1.0, ""beta"": 0.0, ""gamma"": 0.0}","{""fe"": 0.1, ""cg"": null, ""cf"": null}","{""p1"": 0.1, ""p2"": 0.0, ""p3"": 0.0}",0.1,0.1,0.0000000000e+00
sci_0300,PARTIAL_RENORMALIZED,P1,P2+P3,"{""alpha"": 0.45, ""beta"": 0.3, ""gamma"": 0.25}","{""alpha"": 1.0, ""beta"": 0.0, ""gamma"": 0.0}","{""fe"": 1.0, ""cg"": null, ""cf"": null}","{""p1"": 1.0, ""p2"": 0.0, ""p3"": 0.0}",1.0,1.0,0.0000000000e+00
com_0301,PARTIAL_RENORMALIZED,P1,P2+P3,"{""alpha"": 0.45, ""beta"": 0.3, ""gamma"": 0.25}","{""alpha"": 1.0, ""beta"": 0.0, ""gamma"": 0.0}","{""fe"": 0.4999, ""cg"": null, ""cf"": null}","{""p1"": 0.4999, ""p2"": 0.0, ""p3"": 0.0}",0.4999,0.4999,0.0000000000e+00
com_0302,PARTIAL_RENORMALIZED,P1,P2+P3,"{""alpha"": 0.45, ""beta"": 0.3, ""gamma"": 0.25}","{""alpha"": 1.0, ""beta"": 0.0, ""gamma"": 0.0}","{""fe"": 0.9927, ""cg"": null, ""cf"": null}","{""p1"": 0.9927, ""p2"": 0.0, ""p3"": 0.0}",0.9927,0.9927,0.0000000000e+00
com_0303,PARTIAL_RENORMALIZED,P1,P2+P3,"{""alpha"": 0.45, ""beta"": 0.3, ""gamma"": 0.25}","{""alpha"": 1.0, ""beta"": 0.0, ""gamma"": 0.0}","{""fe"": 0.1125, ""cg"": null, ""cf"": null}","{""p1"": 0.1125, ""p2"": 0.0, ""p3"": 0.0}",0.1125,0.1125,0.0000000000e+00
com_0304,PARTIAL_RENORMALIZED,P1,P2+P3,"{""alpha"": 0.45, ""beta"": 0.3, ""gamma"": 0.25}","{""alpha"": 1.0, ""beta"": 0.0, ""gamma"": 0.0}","{""fe"": 0.15, ""cg"": null, ""cf"": null}","{""p1"": 0.15, ""p2"": 0.0, ""p3"": 0.0}",0.15,0.15,0.0000000000e+00
com_0305,PARTIAL_RENORMALIZED,P1,P2+P3,"{""alpha"": 0.45, ""beta"": 0.3, ""gamma"": 0.25}","{""alpha"": 1.0, ""beta"": 0.0, ""gamma"": 0.0}","{""fe"": 0.4999, ""cg"": null, ""cf"": null}","{""p1"": 0.4999, ""p2"": 0.0, ""p3"": 0.0}",0.4999,0.4999,0.0000000000e+00
com_0306,PARTIAL_RENORMALIZED,P1,P2+P3,"{""alpha"": 0.45, ""beta"": 0.3, ""gamma"": 0.25}","{""alpha"": 1.0, ""beta"": 0.0, ""gamma"": 0.0}","{""fe"": 0.9927, ""cg"": null, ""cf"": null}","{""p1"": 0.9927, ""p2"": 0.0, ""p3"": 0.0}",0.9927,0.9927,0.0000000000e+00
com_0307,PARTIAL_RENORMALIZED,P1,P2+P3,"{""alpha"": 0.45, ""beta"": 0.3, ""gamma"": 0.25}","{""alpha"": 1.0, ""beta"": 0.0, ""gamma"": 0.0}","{""fe"": 0.1125, ""cg"": null, ""cf"": null}","{""p1"": 0.1125, ""p2"": 0.0, ""p3"": 0.0}",0.1125,0.1125,0.0000000000e+00
com_0308,PARTIAL_RENORMALIZED,P1,P2+P3,"{""alpha"": 0.45, ""beta"": 0.3, ""gamma"": 0.25}","{""alpha"": 1.0, ""beta"": 0.0, ""gamma"": 0.0}","{""fe"": 0.15, ""cg"": null, ""cf"": null}","{""p1"": 0.15, ""p2"": 0.0, ""p3"": 0.0}",0.15,0.15,0.0000000000e+00
com_0309,PARTIAL_RENORMALIZED,P1,P2+P3,"{""alpha"": 0.45, ""beta"": 0.3, ""gamma"": 0.25}","{""alpha"": 1.0, ""beta"": 0.0, ""gamma"": 0.0}","{""fe"": 0.4999, ""cg"": null, ""cf"": null}","{""p1"": 0.4999, ""p2"": 0.0, ""p3"": 0.0}",0.4999,0.4999,0.0000000000e+00
com_0310,PARTIAL_RENORMALIZED,P1,P2+P3,"{""alpha"": 0.45, ""beta"": 0.3, ""gamma"": 0.25}","{""alpha"": 1.0, ""beta"": 0.0, ""gamma"": 0.0}","{""fe"": 0.9927, ""cg"": null, ""cf"": null}","{""p1"": 0.9927, ""p2"": 0.0, ""p3"": 0.0}",0.9927,0.9927,0.0000000000e+00
com_0311,PARTIAL_RENORMALIZED,P1,P2+P3,"{""alpha"": 0.45, ""beta"": 0.3, ""gamma"": 0.25}","{""alpha"": 1.0, ""beta"": 0.0, ""gamma"": 0.0}","{""fe"": 0.1125, ""cg"": null, ""cf"": null}","{""p1"": 0.1125, ""p2"": 0.0, ""p3"": 0.0}",0.1125,0.1125,0.0000000000e+00
com_0312,PARTIAL_RENORMALIZED,P1,P2+P3,"{""alpha"": 0.45, ""beta"": 0.3, ""gamma"": 0.25}","{""alpha"": 1.0, ""beta"": 0.0, ""gamma"": 0.0}","{""fe"": 0.15, ""cg"": null, ""cf"": null}","{""p1"": 0.15, ""p2"": 0.0, ""p3"": 0.0}",0.15,0.15,0.0000000000e+00
com_0313,PARTIAL_RENORMALIZED,P1,P2+P3,"{""alpha"": 0.45, ""beta"": 0.3, ""gamma"": 0.25}","{""alpha"": 1.0, ""beta"": 0.0, ""gamma"": 0.0}","{""fe"": 0.4999, ""cg"": null, ""cf"": null}","{""p1"": 0.4999, ""p2"": 0.0, ""p3"": 0.0}",0.4999,0.4999,0.0000000000e+00
com_0314,PARTIAL_RENORMALIZED,P1,P2+P3,"{""alpha"": 0.45, ""beta"": 0.3, ""gamma"": 0.25}","{""alpha"": 1.0, ""beta"": 0.0, ""gamma"": 0.0}","{""fe"": 0.9927, ""cg"": null, ""cf"": null}","{""p1"": 0.9927, ""p2"": 0.0, ""p3"": 0.0}",0.9927,0.9927,0.0000000000e+00
com_0315,PARTIAL_RENORMALIZED,P1,P2+P3,"{""alpha"": 0.45, ""beta"": 0.3, ""gamma"": 0.25}","{""alpha"": 1.0, ""beta"": 0.0, ""gamma"": 0.0}","{""fe"": 0.1125, ""cg"": null, ""cf"": null}","{""p1"": 0.1125, ""p2"": 0.0, ""p3"": 0.0}",0.1125,0.1125,0.0000000000e+00
com_0316,PARTIAL_RENORMALIZED,P1,P2+P3,"{""alpha"": 0.45, ""beta"": 0.3, ""gamma"": 0.25}","{""alpha"": 1.0, ""beta"": 0.0, ""gamma"": 0.0}","{""fe"": 0.15, ""cg"": null, ""cf"": null}","{""p1"": 0.15, ""p2"": 0.0, ""p3"": 0.0}",0.15,0.15,0.0000000000e+00
com_0317,PARTIAL_RENORMALIZED,P1,P2+P3,"{""alpha"": 0.45, ""beta"": 0.3, ""gamma"": 0.25}","{""alpha"": 1.0, ""beta"": 0.0, ""gamma"": 0.0}","{""fe"": 0.4999, ""cg"": null, ""cf"": null}","{""p1"": 0.4999, ""p2"": 0.0, ""p3"": 0.0}",0.4999,0.4999,0.0000000000e+00
com_0318,PARTIAL_RENORMALIZED,P1,P2+P3,"{""alpha"": 0.45, ""beta"": 0.3, ""gamma"": 0.25}","{""alpha"": 1.0, ""beta"": 0.0, ""gamma"": 0.0}","{""fe"": 0.9927, ""cg"": null, ""cf"": null}","{""p1"": 0.9927, ""p2"": 0.0, ""p3"": 0.0}",0.9927,0.9927,0.0000000000e+00
com_0319,PARTIAL_RENORMALIZED,P1,P2+P3,"{""alpha"": 0.45, ""beta"": 0.3, ""gamma"": 0.25}","{""alpha"": 1.0, ""beta"": 0.0, ""gamma"": 0.0}","{""fe"": 0.1125, ""cg"": null, ""cf"": null}","{""p1"": 0.1125, ""p2"": 0.0, ""p3"": 0.0}",0.1125,0.1125,0.0000000000e+00
com_0320,PARTIAL_RENORMALIZED,P1,P2+P3,"{""alpha"": 0.45, ""beta"": 0.3, ""gamma"": 0.25}","{""alpha"": 1.0, ""beta"": 0.0, ""gamma"": 0.0}","{""fe"": 0.15, ""cg"": null, ""cf"": null}","{""p1"": 0.15, ""p2"": 0.0, ""p3"": 0.0}",0.15,0.15,0.0000000000e+00
com_0321,PARTIAL_RENORMALIZED,P1,P2+P3,"{""alpha"": 0.45, ""beta"": 0.3, ""gamma"": 0.25}","{""alpha"": 1.0, ""beta"": 0.0, ""gamma"": 0.0}","{""fe"": 0.4999, ""cg"": null, ""cf"": null}","{""p1"": 0.4999, ""p2"": 0.0, ""p3"": 0.0}",0.4999,0.4999,0.0000000000e+00
com_0322,PARTIAL_RENORMALIZED,P1,P2+P3,"{""alpha"": 0.45, ""beta"": 0.3, ""gamma"": 0.25}","{""alpha"": 1.0, ""beta"": 0.0, ""gamma"": 0.0}","{""fe"": 0.9927, ""cg"": null, ""cf"": null}","{""p1"": 0.9927, ""p2"": 0.0, ""p3"": 0.0}",0.9927,0.9927,0.0000000000e+00
com_0323,PARTIAL_RENORMALIZED,P1,P2+P3,"{""alpha"": 0.45, ""beta"": 0.3, ""gamma"": 0.25}","{""alpha"": 1.0, ""beta"": 0.0, ""gamma"": 0.0}","{""fe"": 0.1125, ""cg"": null, ""cf"": null}","{""p1"": 0.1125, ""p2"": 0.0, ""p3"": 0.0}",0.1125,0.1125,0.0000000000e+00
com_0324,PARTIAL_RENORMALIZED,P1,P2+P3,"{""alpha"": 0.45, ""beta"": 0.3, ""gamma"": 0.25}","{""alpha"": 1.0, ""beta"": 0.0, ""gamma"": 0.0}","{""fe"": 0.15, ""cg"": null, ""cf"": null}","{""p1"": 0.15, ""p2"": 0.0, ""p3"": 0.0}",0.15,0.15,0.0000000000e+00
com_0325,PARTIAL_RENORMALIZED,P1,P2+P3,"{""alpha"": 0.45, ""beta"": 0.3, ""gamma"": 0.25}","{""alpha"": 1.0, ""beta"": 0.0, ""gamma"": 0.0}","{""fe"": 0.4999, ""cg"": null, ""cf"": null}","{""p1"": 0.4999, ""p2"": 0.0, ""p3"": 0.0}",0.4999,0.4999,0.0000000000e+00
com_0326,PARTIAL_RENORMALIZED,P1,P2+P3,"{""alpha"": 0.45, ""beta"": 0.3, ""gamma"": 0.25}","{""alpha"": 1.0, ""beta"": 0.0, ""gamma"": 0.0}","{""fe"": 0.9927, ""cg"": null, ""cf"": null}","{""p1"": 0.9927, ""p2"": 0.0, ""p3"": 0.0}",0.9927,0.9927,0.0000000000e+00
com_0327,PARTIAL_RENORMALIZED,P1,P2+P3,"{""alpha"": 0.45, ""beta"": 0.3, ""gamma"": 0.25}","{""alpha"": 1.0, ""beta"": 0.0, ""gamma"": 0.0}","{""fe"": 0.1125, ""cg"": null, ""cf"": null}","{""p1"": 0.1125, ""p2"": 0.0, ""p3"": 0.0}",0.1125,0.1125,0.0000000000e+00
com_0328,PARTIAL_RENORMALIZED,P1,P2+P3,"{""alpha"": 0.45, ""beta"": 0.3, ""gamma"": 0.25}","{""alpha"": 1.0, ""beta"": 0.0, ""gamma"": 0.0}","{""fe"": 0.15, ""cg"": null, ""cf"": null}","{""p1"": 0.15, ""p2"": 0.0, ""p3"": 0.0}",0.15,0.15,0.0000000000e+00
com_0329,PARTIAL_RENORMALIZED,P1,P2+P3,"{""alpha"": 0.45, ""beta"": 0.3, ""gamma"": 0.25}","{""alpha"": 1.0, ""beta"": 0.0, ""gamma"": 0.0}","{""fe"": 0.4999, ""cg"": null, ""cf"": null}","{""p1"": 0.4999, ""p2"": 0.0, ""p3"": 0.0}",0.4999,0.4999,0.0000000000e+00
com_0330,PARTIAL_RENORMALIZED,P1,P2+P3,"{""alpha"": 0.45, ""beta"": 0.3, ""gamma"": 0.25}","{""alpha"": 1.0, ""beta"": 0.0, ""gamma"": 0.0}","{""fe"": 0.9927, ""cg"": null, ""cf"": null}","{""p1"": 0.9927, ""p2"": 0.0, ""p3"": 0.0}",0.9927,0.9927,0.0000000000e+00
com_0331,PARTIAL_RENORMALIZED,P1,P2+P3,"{""alpha"": 0.45, ""beta"": 0.3, ""gamma"": 0.25}","{""alpha"": 1.0, ""beta"": 0.0, ""gamma"": 0.0}","{""fe"": 0.1125, ""cg"": null, ""cf"": null}","{""p1"": 0.1125, ""p2"": 0.0, ""p3"": 0.0}",0.1125,0.1125,0.0000000000e+00
com_0332,PARTIAL_RENORMALIZED,P1,P2+P3,"{""alpha"": 0.45, ""beta"": 0.3, ""gamma"": 0.25}","{""alpha"": 1.0, ""beta"": 0.0, ""gamma"": 0.0}","{""fe"": 0.15, ""cg"": null, ""cf"": null}","{""p1"": 0.15, ""p2"": 0.0, ""p3"": 0.0}",0.15,0.15,0.0000000000e+00
com_0333,PARTIAL_RENORMALIZED,P1,P2+P3,"{""alpha"": 0.45, ""beta"": 0.3, ""gamma"": 0.25}","{""alpha"": 1.0, ""beta"": 0.0, ""gamma"": 0.0}","{""fe"": 0.4999, ""cg"": null, ""cf"": null}","{""p1"": 0.4999, ""p2"": 0.0, ""p3"": 0.0}",0.4999,0.4999,0.0000000000e+00
com_0334,PARTIAL_RENORMALIZED,P1,P2+P3,"{""alpha"": 0.45, ""beta"": 0.3, ""gamma"": 0.25}","{""alpha"": 1.0, ""beta"": 0.0, ""gamma"": 0.0}","{""fe"": 0.9927, ""cg"": null, ""cf"": null}","{""p1"": 0.9927, ""p2"": 0.0, ""p3"": 0.0}",0.9927,0.9927,0.0000000000e+00
com_0335,PARTIAL_RENORMALIZED,P1,P2+P3,"{""alpha"": 0.45, ""beta"": 0.3, ""gamma"": 0.25}","{""alpha"": 1.0, ""beta"": 0.0, ""gamma"": 0.0}","{""fe"": 0.1125, ""cg"": null, ""cf"": null}","{""p1"": 0.1125, ""p2"": 0.0, ""p3"": 0.0}",0.1125,0.1125,0.0000000000e+00
com_0336,PARTIAL_RENORMALIZED,P1,P2+P3,"{""alpha"": 0.45, ""beta"": 0.3, ""gamma"": 0.25}","{""alpha"": 1.0, ""beta"": 0.0, ""gamma"": 0.0}","{""fe"": 0.15, ""cg"": null, ""cf"": null}","{""p1"": 0.15, ""p2"": 0.0, ""p3"": 0.0}",0.15,0.15,0.0000000000e+00
com_0337,PARTIAL_RENORMALIZED,P1,P2+P3,"{""alpha"": 0.45, ""beta"": 0.3, ""gamma"": 0.25}","{""alpha"": 1.0, ""beta"": 0.0, ""gamma"": 0.0}","{""fe"": 0.4999, ""cg"": null, ""cf"": null}","{""p1"": 0.4999, ""p2"": 0.0, ""p3"": 0.0}",0.4999,0.4999,0.0000000000e+00
com_0338,PARTIAL_RENORMALIZED,P1,P2+P3,"{""alpha"": 0.45, ""beta"": 0.3, ""gamma"": 0.25}","{""alpha"": 1.0, ""beta"": 0.0, ""gamma"": 0.0}","{""fe"": 0.9927, ""cg"": null, ""cf"": null}","{""p1"": 0.9927, ""p2"": 0.0, ""p3"": 0.0}",0.9927,0.9927,0.0000000000e+00
com_0339,PARTIAL_RENORMALIZED,P1,P2+P3,"{""alpha"": 0.45, ""beta"": 0.3, ""gamma"": 0.25}","{""alpha"": 1.0, ""beta"": 0.0, ""gamma"": 0.0}","{""fe"": 0.1125, ""cg"": null, ""cf"": null}","{""p1"": 0.1125, ""p2"": 0.0, ""p3"": 0.0}",0.1125,0.1125,0.0000000000e+00
com_0340,PARTIAL_RENORMALIZED,P1,P2+P3,"{""alpha"": 0.45, ""beta"": 0.3, ""gamma"": 0.25}","{""alpha"": 1.0, ""beta"": 0.0, ""gamma"": 0.0}","{""fe"": 0.15, ""cg"": null, ""cf"": null}","{""p1"": 0.15, ""p2"": 0.0, ""p3"": 0.0}",0.15,0.15,0.0000000000e+00
com_0341,PARTIAL_RENORMALIZED,P1,P2+P3,"{""alpha"": 0.45, ""beta"": 0.3, ""gamma"": 0.25}","{""alpha"": 1.0, ""beta"": 0.0, ""gamma"": 0.0}","{""fe"": 0.4999, ""cg"": null, ""cf"": null}","{""p1"": 0.4999, ""p2"": 0.0, ""p3"": 0.0}",0.4999,0.4999,0.0000000000e+00
com_0342,PARTIAL_RENORMALIZED,P1,P2+P3,"{""alpha"": 0.45, ""beta"": 0.3, ""gamma"": 0.25}","{""alpha"": 1.0, ""beta"": 0.0, ""gamma"": 0.0}","{""fe"": 0.9927, ""cg"": null, ""cf"": null}","{""p1"": 0.9927, ""p2"": 0.0, ""p3"": 0.0}",0.9927,0.9927,0.0000000000e+00
com_0343,PARTIAL_RENORMALIZED,P1,P2+P3,"{""alpha"": 0.45, ""beta"": 0.3, ""gamma"": 0.25}","{""alpha"": 1.0, ""beta"": 0.0, ""gamma"": 0.0}","{""fe"": 0.1125, ""cg"": null, ""cf"": null}","{""p1"": 0.1125, ""p2"": 0.0, ""p3"": 0.0}",0.1125,0.1125,0.0000000000e+00
com_0344,PARTIAL_RENORMALIZED,P1,P2+P3,"{""alpha"": 0.45, ""beta"": 0.3, ""gamma"": 0.25}","{""alpha"": 1.0, ""beta"": 0.0, ""gamma"": 0.0}","{""fe"": 0.15, ""cg"": null, ""cf"": null}","{""p1"": 0.15, ""p2"": 0.0, ""p3"": 0.0}",0.15,0.15,0.0000000000e+00
com_0345,PARTIAL_RENORMALIZED,P1,P2+P3,"{""alpha"": 0.45, ""beta"": 0.3, ""gamma"": 0.25}","{""alpha"": 1.0, ""beta"": 0.0, ""gamma"": 0.0}","{""fe"": 0.4999, ""cg"": null, ""cf"": null}","{""p1"": 0.4999, ""p2"": 0.0, ""p3"": 0.0}",0.4999,0.4999,0.0000000000e+00
com_0346,PARTIAL_RENORMALIZED,P1,P2+P3,"{""alpha"": 0.45, ""beta"": 0.3, ""gamma"": 0.25}","{""alpha"": 1.0, ""beta"": 0.0, ""gamma"": 0.0}","{""fe"": 0.9927, ""cg"": null, ""cf"": null}","{""p1"": 0.9927, ""p2"": 0.0, ""p3"": 0.0}",0.9927,0.9927,0.0000000000e+00
com_0347,PARTIAL_RENORMALIZED,P1,P2+P3,"{""alpha"": 0.45, ""beta"": 0.3, ""gamma"": 0.25}","{""alpha"": 1.0, ""beta"": 0.0, ""gamma"": 0.0}","{""fe"": 0.1125, ""cg"": null, ""cf"": null}","{""p1"": 0.1125, ""p2"": 0.0, ""p3"": 0.0}",0.1125,0.1125,0.0000000000e+00
com_0348,PARTIAL_RENORMALIZED,P1,P2+P3,"{""alpha"": 0.45, ""beta"": 0.3, ""gamma"": 0.25}","{""alpha"": 1.0, ""beta"": 0.0, ""gamma"": 0.0}","{""fe"": 0.15, ""cg"": null, ""cf"": null}","{""p1"": 0.15, ""p2"": 0.0, ""p3"": 0.0}",0.15,0.15,0.0000000000e+00
com_0349,PARTIAL_RENORMALIZED,P1,P2+P3,"{""alpha"": 0.45, ""beta"": 0.3, ""gamma"": 0.25}","{""alpha"": 1.0, ""beta"": 0.0, ""gamma"": 0.0}","{""fe"": 0.4999, ""cg"": null, ""cf"": null}","{""p1"": 0.4999, ""p2"": 0.0, ""p3"": 0.0}",0.4999,0.4999,0.0000000000e+00
com_0350,PARTIAL_RENORMALIZED,P1,P2+P3,"{""alpha"": 0.45, ""beta"": 0.3, ""gamma"": 0.25}","{""alpha"": 1.0, ""beta"": 0.0, ""gamma"": 0.0}","{""fe"": 0.9927, ""cg"": null, ""cf"": null}","{""p1"": 0.9927, ""p2"": 0.0, ""p3"": 0.0}",0.9927,0.9927,0.0000000000e+00
phy_0351,PARTIAL_RENORMALIZED,P1,P2+P3,"{""alpha"": 0.45, ""beta"": 0.3, ""gamma"": 0.25}","{""alpha"": 1.0, ""beta"": 0.0, ""gamma"": 0.0}","{""fe"": 0.505, ""cg"": null, ""cf"": null}","{""p1"": 0.505, ""p2"": 0.0, ""p3"": 0.0}",0.505,0.505,0.0000000000e+00
phy_0352,PARTIAL_RENORMALIZED,P1,P2+P3,"{""alpha"": 0.45, ""beta"": 0.3, ""gamma"": 0.25}","{""alpha"": 1.0, ""beta"": 0.0, ""gamma"": 0.0}","{""fe"": 0.9982, ""cg"": null, ""cf"": null}","{""p1"": 0.9982, ""p2"": 0.0, ""p3"": 0.0}",0.9982,0.9982,0.0000000000e+00
phy_0353,PARTIAL_RENORMALIZED,P1,P2+P3,"{""alpha"": 0.45, ""beta"": 0.3, ""gamma"": 0.25}","{""alpha"": 1.0, ""beta"": 0.0, ""gamma"": 0.0}","{""fe"": 0.1019, ""cg"": null, ""cf"": null}","{""p1"": 0.1019, ""p2"": 0.0, ""p3"": 0.0}",0.1019,0.1019,0.0000000000e+00
phy_0354,PARTIAL_RENORMALIZED,P1,P2+P3,"{""alpha"": 0.45, ""beta"": 0.3, ""gamma"": 0.25}","{""alpha"": 1.0, ""beta"": 0.0, ""gamma"": 0.0}","{""fe"": 0.9943, ""cg"": null, ""cf"": null}","{""p1"": 0.9943, ""p2"": 0.0, ""p3"": 0.0}",0.9943,0.9943,0.0000000000e+00
phy_0355,PARTIAL_RENORMALIZED,P1,P2+P3,"{""alpha"": 0.45, ""beta"": 0.3, ""gamma"": 0.25}","{""alpha"": 1.0, ""beta"": 0.0, ""gamma"": 0.0}","{""fe"": 0.505, ""cg"": null, ""cf"": null}","{""p1"": 0.505, ""p2"": 0.0, ""p3"": 0.0}",0.505,0.505,0.0000000000e+00
phy_0356,PARTIAL_RENORMALIZED,P1,P2+P3,"{""alpha"": 0.45, ""beta"": 0.3, ""gamma"": 0.25}","{""alpha"": 1.0, ""beta"": 0.0, ""gamma"": 0.0}","{""fe"": 0.9982, ""cg"": null, ""cf"": null}","{""p1"": 0.9982, ""p2"": 0.0, ""p3"": 0.0}",0.9982,0.9982,0.0000000000e+00
phy_0357,PARTIAL_RENORMALIZED,P1,P2+P3,"{""alpha"": 0.45, ""beta"": 0.3, ""gamma"": 0.25}","{""alpha"": 1.0, ""beta"": 0.0, ""gamma"": 0.0}","{""fe"": 0.1019, ""cg"": null, ""cf"": null}","{""p1"": 0.1019, ""p2"": 0.0, ""p3"": 0.0}",0.1019,0.1019,0.0000000000e+00
phy_0358,PARTIAL_RENORMALIZED,P1,P2+P3,"{""alpha"": 0.45, ""beta"": 0.3, ""gamma"": 0.25}","{""alpha"": 1.0, ""beta"": 0.0, ""gamma"": 0.0}","{""fe"": 0.9943, ""cg"": null, ""cf"": null}","{""p1"": 0.9943, ""p2"": 0.0, ""p3"": 0.0}",0.9943,0.9943,0.0000000000e+00
phy_0359,PARTIAL_RENORMALIZED,P1,P2+P3,"{""alpha"": 0.45, ""beta"": 0.3, ""gamma"": 0.25}","{""alpha"": 1.0, ""beta"": 0.0, ""gamma"": 0.0}","{""fe"": 0.505, ""cg"": null, ""cf"": null}","{""p1"": 0.505, ""p2"": 0.0, ""p3"": 0.0}",0.505,0.505,0.0000000000e+00
phy_0360,PARTIAL_RENORMALIZED,P1,P2+P3,"{""alpha"": 0.45, ""beta"": 0.3, ""gamma"": 0.25}","{""alpha"": 1.0, ""beta"": 0.0, ""gamma"": 0.0}","{""fe"": 0.9982, ""cg"": null, ""cf"": null}","{""p1"": 0.9982, ""p2"": 0.0, ""p3"": 0.0}",0.9982,0.9982,0.0000000000e+00
phy_0361,PARTIAL_RENORMALIZED,P1,P2+P3,"{""alpha"": 0.45, ""beta"": 0.3, ""gamma"": 0.25}","{""alpha"": 1.0, ""beta"": 0.0, ""gamma"": 0.0}","{""fe"": 0.1019, ""cg"": null, ""cf"": null}","{""p1"": 0.1019, ""p2"": 0.0, ""p3"": 0.0}",0.1019,0.1019,0.0000000000e+00
phy_0362,PARTIAL_RENORMALIZED,P1,P2+P3,"{""alpha"": 0.45, ""beta"": 0.3, ""gamma"": 0.25}","{""alpha"": 1.0, ""beta"": 0.0, ""gamma"": 0.0}","{""fe"": 0.9943, ""cg"": null, ""cf"": null}","{""p1"": 0.9943, ""p2"": 0.0, ""p3"": 0.0}",0.9943,0.9943,0.0000000000e+00
phy_0363,PARTIAL_RENORMALIZED,P1,P2+P3,"{""alpha"": 0.45, ""beta"": 0.3, ""gamma"": 0.25}","{""alpha"": 1.0, ""beta"": 0.0, ""gamma"": 0.0}","{""fe"": 0.505, ""cg"": null, ""cf"": null}","{""p1"": 0.505, ""p2"": 0.0, ""p3"": 0.0}",0.505,0.505,0.0000000000e+00
phy_0364,PARTIAL_RENORMALIZED,P1,P2+P3,"{""alpha"": 0.45, ""beta"": 0.3, ""gamma"": 0.25}","{""alpha"": 1.0, ""beta"": 0.0, ""gamma"": 0.0}","{""fe"": 0.9982, ""cg"": null, ""cf"": null}","{""p1"": 0.9982, ""p2"": 0.0, ""p3"": 0.0}",0.9982,0.9982,0.0000000000e+00
phy_0365,PARTIAL_RENORMALIZED,P1,P2+P3,"{""alpha"": 0.45, ""beta"": 0.3, ""gamma"": 0.25}","{""alpha"": 1.0, ""beta"": 0.0, ""gamma"": 0.0}","{""fe"": 0.1019, ""cg"": null, ""cf"": null}","{""p1"": 0.1019, ""p2"": 0.0, ""p3"": 0.0}",0.1019,0.1019,0.0000000000e+00
phy_0366,PARTIAL_RENORMALIZED,P1,P2+P3,"{""alpha"": 0.45, ""beta"": 0.3, ""gamma"": 0.25}","{""alpha"": 1.0, ""beta"": 0.0, ""gamma"": 0.0}","{""fe"": 0.9943, ""cg"": null, ""cf"": null}","{""p1"": 0.9943, ""p2"": 0.0, ""p3"": 0.0}",0.9943,0.9943,0.0000000000e+00
phy_0367,PARTIAL_RENORMALIZED,P1,P2+P3,"{""alpha"": 0.45, ""beta"": 0.3, ""gamma"": 0.25}","{""alpha"": 1.0, ""beta"": 0.0, ""gamma"": 0.0}","{""fe"": 0.505, ""cg"": null, ""cf"": null}","{""p1"": 0.505, ""p2"": 0.0, ""p3"": 0.0}",0.505,0.505,0.0000000000e+00
phy_0368,PARTIAL_RENORMALIZED,P1,P2+P3,"{""alpha"": 0.45, ""beta"": 0.3, ""gamma"": 0.25}","{""alpha"": 1.0, ""beta"": 0.0, ""gamma"": 0.0}","{""fe"": 0.9982, ""cg"": null, ""cf"": null}","{""p1"": 0.9982, ""p2"": 0.0, ""p3"": 0.0}",0.9982,0.9982,0.0000000000e+00
phy_0369,PARTIAL_RENORMALIZED,P1,P2+P3,"{""alpha"": 0.45, ""beta"": 0.3, ""gamma"": 0.25}","{""alpha"": 1.0, ""beta"": 0.0, ""gamma"": 0.0}","{""fe"": 0.1019, ""cg"": null, ""cf"": null}","{""p1"": 0.1019, ""p2"": 0.0, ""p3"": 0.0}",0.1019,0.1019,0.0000000000e+00
phy_0370,PARTIAL_RENORMALIZED,P1,P2+P3,"{""alpha"": 0.45, ""beta"": 0.3, ""gamma"": 0.25}","{""alpha"": 1.0, ""beta"": 0.0, ""gamma"": 0.0}","{""fe"": 0.9943, ""cg"": null, ""cf"": null}","{""p1"": 0.9943, ""p2"": 0.0, ""p3"": 0.0}",0.9943,0.9943,0.0000000000e+00
phy_0371,PARTIAL_RENORMALIZED,P1,P2+P3,"{""alpha"": 0.45, ""beta"": 0.3, ""gamma"": 0.25}","{""alpha"": 1.0, ""beta"": 0.0, ""gamma"": 0.0}","{""fe"": 0.505, ""cg"": null, ""cf"": null}","{""p1"": 0.505, ""p2"": 0.0, ""p3"": 0.0}",0.505,0.505,0.0000000000e+00
phy_0372,PARTIAL_RENORMALIZED,P1,P2+P3,"{""alpha"": 0.45, ""beta"": 0.3, ""gamma"": 0.25}","{""alpha"": 1.0, ""beta"": 0.0, ""gamma"": 0.0}","{""fe"": 0.9982, ""cg"": null, ""cf"": null}","{""p1"": 0.9982, ""p2"": 0.0, ""p3"": 0.0}",0.9982,0.9982,0.0000000000e+00
phy_0373,PARTIAL_RENORMALIZED,P1,P2+P3,"{""alpha"": 0.45, ""beta"": 0.3, ""gamma"": 0.25}","{""alpha"": 1.0, ""beta"": 0.0, ""gamma"": 0.0}","{""fe"": 0.1019, ""cg"": null, ""cf"": null}","{""p1"": 0.1019, ""p2"": 0.0, ""p3"": 0.0}",0.1019,0.1019,0.0000000000e+00
phy_0374,PARTIAL_RENORMALIZED,P1,P2+P3,"{""alpha"": 0.45, ""beta"": 0.3, ""gamma"": 0.25}","{""alpha"": 1.0, ""beta"": 0.0, ""gamma"": 0.0}","{""fe"": 0.9943, ""cg"": null, ""cf"": null}","{""p1"": 0.9943, ""p2"": 0.0, ""p3"": 0.0}",0.9943,0.9943,0.0000000000e+00
phy_0375,PARTIAL_RENORMALIZED,P1,P2+P3,"{""alpha"": 0.45, ""beta"": 0.3, ""gamma"": 0.25}","{""alpha"": 1.0, ""beta"": 0.0, ""gamma"": 0.0}","{""fe"": 0.505, ""cg"": null, ""cf"": null}","{""p1"": 0.505, ""p2"": 0.0, ""p3"": 0.0}",0.505,0.505,0.0000000000e+00
phy_0376,PARTIAL_RENORMALIZED,P1,P2+P3,"{""alpha"": 0.45, ""beta"": 0.3, ""gamma"": 0.25}","{""alpha"": 1.0, ""beta"": 0.0, ""gamma"": 0.0}","{""fe"": 0.9982, ""cg"": null, ""cf"": null}","{""p1"": 0.9982, ""p2"": 0.0, ""p3"": 0.0}",0.9982,0.9982,0.0000000000e+00
phy_0377,PARTIAL_RENORMALIZED,P1,P2+P3,"{""alpha"": 0.45, ""beta"": 0.3, ""gamma"": 0.25}","{""alpha"": 1.0, ""beta"": 0.0, ""gamma"": 0.0}","{""fe"": 0.1019, ""cg"": null, ""cf"": null}","{""p1"": 0.1019, ""p2"": 0.0, ""p3"": 0.0}",0.1019,0.1019,0.0000000000e+00
phy_0378,PARTIAL_RENORMALIZED,P1,P2+P3,"{""alpha"": 0.45, ""beta"": 0.3, ""gamma"": 0.25}","{""alpha"": 1.0, ""beta"": 0.0, ""gamma"": 0.0}","{""fe"": 0.9943, ""cg"": null, ""cf"": null}","{""p1"": 0.9943, ""p2"": 0.0, ""p3"": 0.0}",0.9943,0.9943,0.0000000000e+00
phy_0379,PARTIAL_RENORMALIZED,P1,P2+P3,"{""alpha"": 0.45, ""beta"": 0.3, ""gamma"": 0.25}","{""alpha"": 1.0, ""beta"": 0.0, ""gamma"": 0.0}","{""fe"": 0.505, ""cg"": null, ""cf"": null}","{""p1"": 0.505, ""p2"": 0.0, ""p3"": 0.0}",0.505,0.505,0.0000000000e+00
phy_0380,PARTIAL_RENORMALIZED,P1,P2+P3,"{""alpha"": 0.45, ""beta"": 0.3, ""gamma"": 0.25}","{""alpha"": 1.0, ""beta"": 0.0, ""gamma"": 0.0}","{""fe"": 0.9982, ""cg"": null, ""cf"": null}","{""p1"": 0.9982, ""p2"": 0.0, ""p3"": 0.0}",0.9982,0.9982,0.0000000000e+00
phy_0381,PARTIAL_RENORMALIZED,P1,P2+P3,"{""alpha"": 0.45, ""beta"": 0.3, ""gamma"": 0.25}","{""alpha"": 1.0, ""beta"": 0.0, ""gamma"": 0.0}","{""fe"": 0.1019, ""cg"": null, ""cf"": null}","{""p1"": 0.1019, ""p2"": 0.0, ""p3"": 0.0}",0.1019,0.1019,0.0000000000e+00
phy_0382,PARTIAL_RENORMALIZED,P1,P2+P3,"{""alpha"": 0.45, ""beta"": 0.3, ""gamma"": 0.25}","{""alpha"": 1.0, ""beta"": 0.0, ""gamma"": 0.0}","{""fe"": 0.9943, ""cg"": null, ""cf"": null}","{""p1"": 0.9943, ""p2"": 0.0, ""p3"": 0.0}",0.9943,0.9943,0.0000000000e+00
phy_0383,PARTIAL_RENORMALIZED,P1,P2+P3,"{""alpha"": 0.45, ""beta"": 0.3, ""gamma"": 0.25}","{""alpha"": 1.0, ""beta"": 0.0, ""gamma"": 0.0}","{""fe"": 0.505, ""cg"": null, ""cf"": null}","{""p1"": 0.505, ""p2"": 0.0, ""p3"": 0.0}",0.505,0.505,0.0000000000e+00
phy_0384,PARTIAL_RENORMALIZED,P1,P2+P3,"{""alpha"": 0.45, ""beta"": 0.3, ""gamma"": 0.25}","{""alpha"": 1.0, ""beta"": 0.0, ""gamma"": 0.0}","{""fe"": 0.9982, ""cg"": null, ""cf"": null}","{""p1"": 0.9982, ""p2"": 0.0, ""p3"": 0.0}",0.9982,0.9982,0.0000000000e+00
phy_0385,PARTIAL_RENORMALIZED,P1,P2+P3,"{""alpha"": 0.45, ""beta"": 0.3, ""gamma"": 0.25}","{""alpha"": 1.0, ""beta"": 0.0, ""gamma"": 0.0}","{""fe"": 0.1019, ""cg"": null, ""cf"": null}","{""p1"": 0.1019, ""p2"": 0.0, ""p3"": 0.0}",0.1019,0.1019,0.0000000000e+00
phy_0386,PARTIAL_RENORMALIZED,P1,P2+P3,"{""alpha"": 0.45, ""beta"": 0.3, ""gamma"": 0.25}","{""alpha"": 1.0, ""beta"": 0.0, ""gamma"": 0.0}","{""fe"": 0.9943, ""cg"": null, ""cf"": null}","{""p1"": 0.9943, ""p2"": 0.0, ""p3"": 0.0}",0.9943,0.9943,0.0000000000e+00
phy_0387,PARTIAL_RENORMALIZED,P1,P2+P3,"{""alpha"": 0.45, ""beta"": 0.3, ""gamma"": 0.25}","{""alpha"": 1.0, ""beta"": 0.0, ""gamma"": 0.0}","{""fe"": 0.505, ""cg"": null, ""cf"": null}","{""p1"": 0.505, ""p2"": 0.0, ""p3"": 0.0}",0.505,0.505,0.0000000000e+00
phy_0388,PARTIAL_RENORMALIZED,P1,P2+P3,"{""alpha"": 0.45, ""beta"": 0.3, ""gamma"": 0.25}","{""alpha"": 1.0, ""beta"": 0.0, ""gamma"": 0.0}","{""fe"": 0.9982, ""cg"": null, ""cf"": null}","{""p1"": 0.9982, ""p2"": 0.0, ""p3"": 0.0}",0.9982,0.9982,0.0000000000e+00
phy_0389,PARTIAL_RENORMALIZED,P1,P2+P3,"{""alpha"": 0.45, ""beta"": 0.3, ""gamma"": 0.25}","{""alpha"": 1.0, ""beta"": 0.0, ""gamma"": 0.0}","{""fe"": 0.1019, ""cg"": null, ""cf"": null}","{""p1"": 0.1019, ""p2"": 0.0, ""p3"": 0.0}",0.1019,0.1019,0.0000000000e+00
phy_0390,PARTIAL_RENORMALIZED,P1,P2+P3,"{""alpha"": 0.45, ""beta"": 0.3, ""gamma"": 0.25}","{""alpha"": 1.0, ""beta"": 0.0, ""gamma"": 0.0}","{""fe"": 0.9943, ""cg"": null, ""cf"": null}","{""p1"": 0.9943, ""p2"": 0.0, ""p3"": 0.0}",0.9943,0.9943,0.0000000000e+00
phy_0391,PARTIAL_RENORMALIZED,P1,P2+P3,"{""alpha"": 0.45, ""beta"": 0.3, ""gamma"": 0.25}","{""alpha"": 1.0, ""beta"": 0.0, ""gamma"": 0.0}","{""fe"": 0.505, ""cg"": null, ""cf"": null}","{""p1"": 0.505, ""p2"": 0.0, ""p3"": 0.0}",0.505,0.505,0.0000000000e+00
phy_0392,PARTIAL_RENORMALIZED,P1,P2+P3,"{""alpha"": 0.45, ""beta"": 0.3, ""gamma"": 0.25}","{""alpha"": 1.0, ""beta"": 0.0, ""gamma"": 0.0}","{""fe"": 0.9982, ""cg"": null, ""cf"": null}","{""p1"": 0.9982, ""p2"": 0.0, ""p3"": 0.0}",0.9982,0.9982,0.0000000000e+00
phy_0393,PARTIAL_RENORMALIZED,P1,P2+P3,"{""alpha"": 0.45, ""beta"": 0.3, ""gamma"": 0.25}","{""alpha"": 1.0, ""beta"": 0.0, ""gamma"": 0.0}","{""fe"": 0.1019, ""cg"": null, ""cf"": null}","{""p1"": 0.1019, ""p2"": 0.0, ""p3"": 0.0}",0.1019,0.1019,0.0000000000e+00
phy_0394,PARTIAL_RENORMALIZED,P1,P2+P3,"{""alpha"": 0.45, ""beta"": 0.3, ""gamma"": 0.25}","{""alpha"": 1.0, ""beta"": 0.0, ""gamma"": 0.0}","{""fe"": 0.9943, ""cg"": null, ""cf"": null}","{""p1"": 0.9943, ""p2"": 0.0, ""p3"": 0.0}",0.9943,0.9943,0.0000000000e+00
phy_0395,PARTIAL_RENORMALIZED,P1,P2+P3,"{""alpha"": 0.45, ""beta"": 0.3, ""gamma"": 0.25}","{""alpha"": 1.0, ""beta"": 0.0, ""gamma"": 0.0}","{""fe"": 0.505, ""cg"": null, ""cf"": null}","{""p1"": 0.505, ""p2"": 0.0, ""p3"": 0.0}",0.505,0.505,0.0000000000e+00
phy_0396,PARTIAL_RENORMALIZED,P1,P2+P3,"{""alpha"": 0.45, ""beta"": 0.3, ""gamma"": 0.25}","{""alpha"": 1.0, ""beta"": 0.0, ""gamma"": 0.0}","{""fe"": 0.9982, ""cg"": null, ""cf"": null}","{""p1"": 0.9982, ""p2"": 0.0, ""p3"": 0.0}",0.9982,0.9982,0.0000000000e+00
phy_0397,PARTIAL_RENORMALIZED,P1,P2+P3,"{""alpha"": 0.45, ""beta"": 0.3, ""gamma"": 0.25}","{""alpha"": 1.0, ""beta"": 0.0, ""gamma"": 0.0}","{""fe"": 0.1019, ""cg"": null, ""cf"": null}","{""p1"": 0.1019, ""p2"": 0.0, ""p3"": 0.0}",0.1019,0.1019,0.0000000000e+00
phy_0398,PARTIAL_RENORMALIZED,P1,P2+P3,"{""alpha"": 0.45, ""beta"": 0.3, ""gamma"": 0.25}","{""alpha"": 1.0, ""beta"": 0.0, ""gamma"": 0.0}","{""fe"": 0.9943, ""cg"": null, ""cf"": null}","{""p1"": 0.9943, ""p2"": 0.0, ""p3"": 0.0}",0.9943,0.9943,0.0000000000e+00
phy_0399,PARTIAL_RENORMALIZED,P1,P2+P3,"{""alpha"": 0.45, ""beta"": 0.3, ""gamma"": 0.25}","{""alpha"": 1.0, ""beta"": 0.0, ""gamma"": 0.0}","{""fe"": 0.505, ""cg"": null, ""cf"": null}","{""p1"": 0.505, ""p2"": 0.0, ""p3"": 0.0}",0.505,0.505,0.0000000000e+00
phy_0400,PARTIAL_RENORMALIZED,P1,P2+P3,"{""alpha"": 0.45, ""beta"": 0.3, ""gamma"": 0.25}","{""alpha"": 1.0, ""beta"": 0.0, ""gamma"": 0.0}","{""fe"": 0.9982, ""cg"": null, ""cf"": null}","{""p1"": 0.9982, ""p2"": 0.0, ""p3"": 0.0}",0.9982,0.9982,0.0000000000e+00
bio_0401,PARTIAL_RENORMALIZED,P1,P2+P3,"{""alpha"": 0.45, ""beta"": 0.3, ""gamma"": 0.25}","{""alpha"": 1.0, ""beta"": 0.0, ""gamma"": 0.0}","{""fe"": 0.4909, ""cg"": null, ""cf"": null}","{""p1"": 0.4909, ""p2"": 0.0, ""p3"": 0.0}",0.4909,0.4909,0.0000000000e+00
bio_0402,PARTIAL_RENORMALIZED,P1,P2+P3,"{""alpha"": 0.45, ""beta"": 0.3, ""gamma"": 0.25}","{""alpha"": 1.0, ""beta"": 0.0, ""gamma"": 0.0}","{""fe"": 0.998, ""cg"": null, ""cf"": null}","{""p1"": 0.998, ""p2"": 0.0, ""p3"": 0.0}",0.998,0.998,0.0000000000e+00
bio_0403,PARTIAL_RENORMALIZED,P1,P2+P3,"{""alpha"": 0.45, ""beta"": 0.3, ""gamma"": 0.25}","{""alpha"": 1.0, ""beta"": 0.0, ""gamma"": 0.0}","{""fe"": 0.0161, ""cg"": null, ""cf"": null}","{""p1"": 0.0161, ""p2"": 0.0, ""p3"": 0.0}",0.0161,0.0161,0.0000000000e+00
bio_0404,PARTIAL_RENORMALIZED,P1,P2+P3,"{""alpha"": 0.45, ""beta"": 0.3, ""gamma"": 0.25}","{""alpha"": 1.0, ""beta"": 0.0, ""gamma"": 0.0}","{""fe"": 0.9944, ""cg"": null, ""cf"": null}","{""p1"": 0.9944, ""p2"": 0.0, ""p3"": 0.0}",0.9944,0.9944,0.0000000000e+00
bio_0405,PARTIAL_RENORMALIZED,P1,P2+P3,"{""alpha"": 0.45, ""beta"": 0.3, ""gamma"": 0.25}","{""alpha"": 1.0, ""beta"": 0.0, ""gamma"": 0.0}","{""fe"": 0.4909, ""cg"": null, ""cf"": null}","{""p1"": 0.4909, ""p2"": 0.0, ""p3"": 0.0}",0.4909,0.4909,0.0000000000e+00
bio_0406,PARTIAL_RENORMALIZED,P1,P2+P3,"{""alpha"": 0.45, ""beta"": 0.3, ""gamma"": 0.25}","{""alpha"": 1.0, ""beta"": 0.0, ""gamma"": 0.0}","{""fe"": 0.998, ""cg"": null, ""cf"": null}","{""p1"": 0.998, ""p2"": 0.0, ""p3"": 0.0}",0.998,0.998,0.0000000000e+00
bio_0407,PARTIAL_RENORMALIZED,P1,P2+P3,"{""alpha"": 0.45, ""beta"": 0.3, ""gamma"": 0.25}","{""alpha"": 1.0, ""beta"": 0.0, ""gamma"": 0.0}","{""fe"": 0.0161, ""cg"": null, ""cf"": null}","{""p1"": 0.0161, ""p2"": 0.0, ""p3"": 0.0}",0.0161,0.0161,0.0000000000e+00
bio_0408,PARTIAL_RENORMALIZED,P1,P2+P3,"{""alpha"": 0.45, ""beta"": 0.3, ""gamma"": 0.25}","{""alpha"": 1.0, ""beta"": 0.0, ""gamma"": 0.0}","{""fe"": 0.9944, ""cg"": null, ""cf"": null}","{""p1"": 0.9944, ""p2"": 0.0, ""p3"": 0.0}",0.9944,0.9944,0.0000000000e+00
bio_0409,PARTIAL_RENORMALIZED,P1,P2+P3,"{""alpha"": 0.45, ""beta"": 0.3, ""gamma"": 0.25}","{""alpha"": 1.0, ""beta"": 0.0, ""gamma"": 0.0}","{""fe"": 0.4909, ""cg"": null, ""cf"": null}","{""p1"": 0.4909, ""p2"": 0.0, ""p3"": 0.0}",0.4909,0.4909,0.0000000000e+00
bio_0410,PARTIAL_RENORMALIZED,P1,P2+P3,"{""alpha"": 0.45, ""beta"": 0.3, ""gamma"": 0.25}","{""alpha"": 1.0, ""beta"": 0.0, ""gamma"": 0.0}","{""fe"": 0.998, ""cg"": null, ""cf"": null}","{""p1"": 0.998, ""p2"": 0.0, ""p3"": 0.0}",0.998,0.998,0.0000000000e+00
bio_0411,PARTIAL_RENORMALIZED,P1,P2+P3,"{""alpha"": 0.45, ""beta"": 0.3, ""gamma"": 0.25}","{""alpha"": 1.0, ""beta"": 0.0, ""gamma"": 0.0}","{""fe"": 0.0161, ""cg"": null, ""cf"": null}","{""p1"": 0.0161, ""p2"": 0.0, ""p3"": 0.0}",0.0161,0.0161,0.0000000000e+00
bio_0412,PARTIAL_RENORMALIZED,P1,P2+P3,"{""alpha"": 0.45, ""beta"": 0.3, ""gamma"": 0.25}","{""alpha"": 1.0, ""beta"": 0.0, ""gamma"": 0.0}","{""fe"": 0.9944, ""cg"": null, ""cf"": null}","{""p1"": 0.9944, ""p2"": 0.0, ""p3"": 0.0}",0.9944,0.9944,0.0000000000e+00
bio_0413,PARTIAL_RENORMALIZED,P1,P2+P3,"{""alpha"": 0.45, ""beta"": 0.3, ""gamma"": 0.25}","{""alpha"": 1.0, ""beta"": 0.0, ""gamma"": 0.0}","{""fe"": 0.4909, ""cg"": null, ""cf"": null}","{""p1"": 0.4909, ""p2"": 0.0, ""p3"": 0.0}",0.4909,0.4909,0.0000000000e+00
bio_0414,PARTIAL_RENORMALIZED,P1,P2+P3,"{""alpha"": 0.45, ""beta"": 0.3, ""gamma"": 0.25}","{""alpha"": 1.0, ""beta"": 0.0, ""gamma"": 0.0}","{""fe"": 0.998, ""cg"": null, ""cf"": null}","{""p1"": 0.998, ""p2"": 0.0, ""p3"": 0.0}",0.998,0.998,0.0000000000e+00
bio_0415,PARTIAL_RENORMALIZED,P1,P2+P3,"{""alpha"": 0.45, ""beta"": 0.3, ""gamma"": 0.25}","{""alpha"": 1.0, ""beta"": 0.0, ""gamma"": 0.0}","{""fe"": 0.0161, ""cg"": null, ""cf"": null}","{""p1"": 0.0161, ""p2"": 0.0, ""p3"": 0.0}",0.0161,0.0161,0.0000000000e+00
bio_0416,PARTIAL_RENORMALIZED,P1,P2+P3,"{""alpha"": 0.45, ""beta"": 0.3, ""gamma"": 0.25}","{""alpha"": 1.0, ""beta"": 0.0, ""gamma"": 0.0}","{""fe"": 0.9944, ""cg"": null, ""cf"": null}","{""p1"": 0.9944, ""p2"": 0.0, ""p3"": 0.0}",0.9944,0.9944,0.0000000000e+00
bio_0417,PARTIAL_RENORMALIZED,P1,P2+P3,"{""alpha"": 0.45, ""beta"": 0.3, ""gamma"": 0.25}","{""alpha"": 1.0, ""beta"": 0.0, ""gamma"": 0.0}","{""fe"": 0.4909, ""cg"": null, ""cf"": null}","{""p1"": 0.4909, ""p2"": 0.0, ""p3"": 0.0}",0.4909,0.4909,0.0000000000e+00
bio_0418,PARTIAL_RENORMALIZED,P1,P2+P3,"{""alpha"": 0.45, ""beta"": 0.3, ""gamma"": 0.25}","{""alpha"": 1.0, ""beta"": 0.0, ""gamma"": 0.0}","{""fe"": 0.998, ""cg"": null, ""cf"": null}","{""p1"": 0.998, ""p2"": 0.0, ""p3"": 0.0}",0.998,0.998,0.0000000000e+00
bio_0419,PARTIAL_RENORMALIZED,P1,P2+P3,"{""alpha"": 0.45, ""beta"": 0.3, ""gamma"": 0.25}","{""alpha"": 1.0, ""beta"": 0.0, ""gamma"": 0.0}","{""fe"": 0.0161, ""cg"": null, ""cf"": null}","{""p1"": 0.0161, ""p2"": 0.0, ""p3"": 0.0}",0.0161,0.0161,0.0000000000e+00
bio_0420,PARTIAL_RENORMALIZED,P1,P2+P3,"{""alpha"": 0.45, ""beta"": 0.3, ""gamma"": 0.25}","{""alpha"": 1.0, ""beta"": 0.0, ""gamma"": 0.0}","{""fe"": 0.9944, ""cg"": null, ""cf"": null}","{""p1"": 0.9944, ""p2"": 0.0, ""p3"": 0.0}",0.9944,0.9944,0.0000000000e+00
bio_0421,PARTIAL_RENORMALIZED,P1,P2+P3,"{""alpha"": 0.45, ""beta"": 0.3, ""gamma"": 0.25}","{""alpha"": 1.0, ""beta"": 0.0, ""gamma"": 0.0}","{""fe"": 0.4909, ""cg"": null, ""cf"": null}","{""p1"": 0.4909, ""p2"": 0.0, ""p3"": 0.0}",0.4909,0.4909,0.0000000000e+00
bio_0422,PARTIAL_RENORMALIZED,P1,P2+P3,"{""alpha"": 0.45, ""beta"": 0.3, ""gamma"": 0.25}","{""alpha"": 1.0, ""beta"": 0.0, ""gamma"": 0.0}","{""fe"": 0.998, ""cg"": null, ""cf"": null}","{""p1"": 0.998, ""p2"": 0.0, ""p3"": 0.0}",0.998,0.998,0.0000000000e+00
bio_0423,PARTIAL_RENORMALIZED,P1,P2+P3,"{""alpha"": 0.45, ""beta"": 0.3, ""gamma"": 0.25}","{""alpha"": 1.0, ""beta"": 0.0, ""gamma"": 0.0}","{""fe"": 0.0161, ""cg"": null, ""cf"": null}","{""p1"": 0.0161, ""p2"": 0.0, ""p3"": 0.0}",0.0161,0.0161,0.0000000000e+00
bio_0424,PARTIAL_RENORMALIZED,P1,P2+P3,"{""alpha"": 0.45, ""beta"": 0.3, ""gamma"": 0.25}","{""alpha"": 1.0, ""beta"": 0.0, ""gamma"": 0.0}","{""fe"": 0.9944, ""cg"": null, ""cf"": null}","{""p1"": 0.9944, ""p2"": 0.0, ""p3"": 0.0}",0.9944,0.9944,0.0000000000e+00
bio_0425,PARTIAL_RENORMALIZED,P1,P2+P3,"{""alpha"": 0.45, ""beta"": 0.3, ""gamma"": 0.25}","{""alpha"": 1.0, ""beta"": 0.0, ""gamma"": 0.0}","{""fe"": 0.4909, ""cg"": null, ""cf"": null}","{""p1"": 0.4909, ""p2"": 0.0, ""p3"": 0.0}",0.4909,0.4909,0.0000000000e+00
bio_0426,PARTIAL_RENORMALIZED,P1,P2+P3,"{""alpha"": 0.45, ""beta"": 0.3, ""gamma"": 0.25}","{""alpha"": 1.0, ""beta"": 0.0, ""gamma"": 0.0}","{""fe"": 0.998, ""cg"": null, ""cf"": null}","{""p1"": 0.998, ""p2"": 0.0, ""p3"": 0.0}",0.998,0.998,0.0000000000e+00
bio_0427,PARTIAL_RENORMALIZED,P1,P2+P3,"{""alpha"": 0.45, ""beta"": 0.3, ""gamma"": 0.25}","{""alpha"": 1.0, ""beta"": 0.0, ""gamma"": 0.0}","{""fe"": 0.0161, ""cg"": null, ""cf"": null}","{""p1"": 0.0161, ""p2"": 0.0, ""p3"": 0.0}",0.0161,0.0161,0.0000000000e+00
bio_0428,PARTIAL_RENORMALIZED,P1,P2+P3,"{""alpha"": 0.45, ""beta"": 0.3, ""gamma"": 0.25}","{""alpha"": 1.0, ""beta"": 0.0, ""gamma"": 0.0}","{""fe"": 0.9944, ""cg"": null, ""cf"": null}","{""p1"": 0.9944, ""p2"": 0.0, ""p3"": 0.0}",0.9944,0.9944,0.0000000000e+00
bio_0429,PARTIAL_RENORMALIZED,P1,P2+P3,"{""alpha"": 0.45, ""beta"": 0.3, ""gamma"": 0.25}","{""alpha"": 1.0, ""beta"": 0.0, ""gamma"": 0.0}","{""fe"": 0.4909, ""cg"": null, ""cf"": null}","{""p1"": 0.4909, ""p2"": 0.0, ""p3"": 0.0}",0.4909,0.4909,0.0000000000e+00
bio_0430,PARTIAL_RENORMALIZED,P1,P2+P3,"{""alpha"": 0.45, ""beta"": 0.3, ""gamma"": 0.25}","{""alpha"": 1.0, ""beta"": 0.0, ""gamma"": 0.0}","{""fe"": 0.998, ""cg"": null, ""cf"": null}","{""p1"": 0.998, ""p2"": 0.0, ""p3"": 0.0}",0.998,0.998,0.0000000000e+00
bio_0431,PARTIAL_RENORMALIZED,P1,P2+P3,"{""alpha"": 0.45, ""beta"": 0.3, ""gamma"": 0.25}","{""alpha"": 1.0, ""beta"": 0.0, ""gamma"": 0.0}","{""fe"": 0.0161, ""cg"": null, ""cf"": null}","{""p1"": 0.0161, ""p2"": 0.0, ""p3"": 0.0}",0.0161,0.0161,0.0000000000e+00
bio_0432,PARTIAL_RENORMALIZED,P1,P2+P3,"{""alpha"": 0.45, ""beta"": 0.3, ""gamma"": 0.25}","{""alpha"": 1.0, ""beta"": 0.0, ""gamma"": 0.0}","{""fe"": 0.9944, ""cg"": null, ""cf"": null}","{""p1"": 0.9944, ""p2"": 0.0, ""p3"": 0.0}",0.9944,0.9944,0.0000000000e+00
bio_0433,PARTIAL_RENORMALIZED,P1,P2+P3,"{""alpha"": 0.45, ""beta"": 0.3, ""gamma"": 0.25}","{""alpha"": 1.0, ""beta"": 0.0, ""gamma"": 0.0}","{""fe"": 0.4909, ""cg"": null, ""cf"": null}","{""p1"": 0.4909, ""p2"": 0.0, ""p3"": 0.0}",0.4909,0.4909,0.0000000000e+00
bio_0434,PARTIAL_RENORMALIZED,P1,P2+P3,"{""alpha"": 0.45, ""beta"": 0.3, ""gamma"": 0.25}","{""alpha"": 1.0, ""beta"": 0.0, ""gamma"": 0.0}","{""fe"": 0.998, ""cg"": null, ""cf"": null}","{""p1"": 0.998, ""p2"": 0.0, ""p3"": 0.0}",0.998,0.998,0.0000000000e+00
bio_0435,PARTIAL_RENORMALIZED,P1,P2+P3,"{""alpha"": 0.45, ""beta"": 0.3, ""gamma"": 0.25}","{""alpha"": 1.0, ""beta"": 0.0, ""gamma"": 0.0}","{""fe"": 0.0161, ""cg"": null, ""cf"": null}","{""p1"": 0.0161, ""p2"": 0.0, ""p3"": 0.0}",0.0161,0.0161,0.0000000000e+00
bio_0436,PARTIAL_RENORMALIZED,P1,P2+P3,"{""alpha"": 0.45, ""beta"": 0.3, ""gamma"": 0.25}","{""alpha"": 1.0, ""beta"": 0.0, ""gamma"": 0.0}","{""fe"": 0.9944, ""cg"": null, ""cf"": null}","{""p1"": 0.9944, ""p2"": 0.0, ""p3"": 0.0}",0.9944,0.9944,0.0000000000e+00
bio_0437,PARTIAL_RENORMALIZED,P1,P2+P3,"{""alpha"": 0.45, ""beta"": 0.3, ""gamma"": 0.25}","{""alpha"": 1.0, ""beta"": 0.0, ""gamma"": 0.0}","{""fe"": 0.4909, ""cg"": null, ""cf"": null}","{""p1"": 0.4909, ""p2"": 0.0, ""p3"": 0.0}",0.4909,0.4909,0.0000000000e+00
bio_0438,PARTIAL_RENORMALIZED,P1,P2+P3,"{""alpha"": 0.45, ""beta"": 0.3, ""gamma"": 0.25}","{""alpha"": 1.0, ""beta"": 0.0, ""gamma"": 0.0}","{""fe"": 0.998, ""cg"": null, ""cf"": null}","{""p1"": 0.998, ""p2"": 0.0, ""p3"": 0.0}",0.998,0.998,0.0000000000e+00
bio_0439,PARTIAL_RENORMALIZED,P1,P2+P3,"{""alpha"": 0.45, ""beta"": 0.3, ""gamma"": 0.25}","{""alpha"": 1.0, ""beta"": 0.0, ""gamma"": 0.0}","{""fe"": 0.0161, ""cg"": null, ""cf"": null}","{""p1"": 0.0161, ""p2"": 0.0, ""p3"": 0.0}",0.0161,0.0161,0.0000000000e+00
bio_0440,PARTIAL_RENORMALIZED,P1,P2+P3,"{""alpha"": 0.45, ""beta"": 0.3, ""gamma"": 0.25}","{""alpha"": 1.0, ""beta"": 0.0, ""gamma"": 0.0}","{""fe"": 0.9944, ""cg"": null, ""cf"": null}","{""p1"": 0.9944, ""p2"": 0.0, ""p3"": 0.0}",0.9944,0.9944,0.0000000000e+00
bio_0441,PARTIAL_RENORMALIZED,P1,P2+P3,"{""alpha"": 0.45, ""beta"": 0.3, ""gamma"": 0.25}","{""alpha"": 1.0, ""beta"": 0.0, ""gamma"": 0.0}","{""fe"": 0.4909, ""cg"": null, ""cf"": null}","{""p1"": 0.4909, ""p2"": 0.0, ""p3"": 0.0}",0.4909,0.4909,0.0000000000e+00
bio_0442,PARTIAL_RENORMALIZED,P1,P2+P3,"{""alpha"": 0.45, ""beta"": 0.3, ""gamma"": 0.25}","{""alpha"": 1.0, ""beta"": 0.0, ""gamma"": 0.0}","{""fe"": 0.998, ""cg"": null, ""cf"": null}","{""p1"": 0.998, ""p2"": 0.0, ""p3"": 0.0}",0.998,0.998,0.0000000000e+00
bio_0443,PARTIAL_RENORMALIZED,P1,P2+P3,"{""alpha"": 0.45, ""beta"": 0.3, ""gamma"": 0.25}","{""alpha"": 1.0, ""beta"": 0.0, ""gamma"": 0.0}","{""fe"": 0.0161, ""cg"": null, ""cf"": null}","{""p1"": 0.0161, ""p2"": 0.0, ""p3"": 0.0}",0.0161,0.0161,0.0000000000e+00
bio_0444,PARTIAL_RENORMALIZED,P1,P2+P3,"{""alpha"": 0.45, ""beta"": 0.3, ""gamma"": 0.25}","{""alpha"": 1.0, ""beta"": 0.0, ""gamma"": 0.0}","{""fe"": 0.9944, ""cg"": null, ""cf"": null}","{""p1"": 0.9944, ""p2"": 0.0, ""p3"": 0.0}",0.9944,0.9944,0.0000000000e+00
bio_0445,PARTIAL_RENORMALIZED,P1,P2+P3,"{""alpha"": 0.45, ""beta"": 0.3, ""gamma"": 0.25}","{""alpha"": 1.0, ""beta"": 0.0, ""gamma"": 0.0}","{""fe"": 0.4909, ""cg"": null, ""cf"": null}","{""p1"": 0.4909, ""p2"": 0.0, ""p3"": 0.0}",0.4909,0.4909,0.0000000000e+00
bio_0446,PARTIAL_RENORMALIZED,P1,P2+P3,"{""alpha"": 0.45, ""beta"": 0.3, ""gamma"": 0.25}","{""alpha"": 1.0, ""beta"": 0.0, ""gamma"": 0.0}","{""fe"": 0.998, ""cg"": null, ""cf"": null}","{""p1"": 0.998, ""p2"": 0.0, ""p3"": 0.0}",0.998,0.998,0.0000000000e+00
bio_0447,PARTIAL_RENORMALIZED,P1,P2+P3,"{""alpha"": 0.45, ""beta"": 0.3, ""gamma"": 0.25}","{""alpha"": 1.0, ""beta"": 0.0, ""gamma"": 0.0}","{""fe"": 0.0161, ""cg"": null, ""cf"": null}","{""p1"": 0.0161, ""p2"": 0.0, ""p3"": 0.0}",0.0161,0.0161,0.0000000000e+00
bio_0448,PARTIAL_RENORMALIZED,P1,P2+P3,"{""alpha"": 0.45, ""beta"": 0.3, ""gamma"": 0.25}","{""alpha"": 1.0, ""beta"": 0.0, ""gamma"": 0.0}","{""fe"": 0.9944, ""cg"": null, ""cf"": null}","{""p1"": 0.9944, ""p2"": 0.0, ""p3"": 0.0}",0.9944,0.9944,0.0000000000e+00
bio_0449,PARTIAL_RENORMALIZED,P1,P2+P3,"{""alpha"": 0.45, ""beta"": 0.3, ""gamma"": 0.25}","{""alpha"": 1.0, ""beta"": 0.0, ""gamma"": 0.0}","{""fe"": 0.4909, ""cg"": null, ""cf"": null}","{""p1"": 0.4909, ""p2"": 0.0, ""p3"": 0.0}",0.4909,0.4909,0.0000000000e+00
bio_0450,PARTIAL_RENORMALIZED,P1,P2+P3,"{""alpha"": 0.45, ""beta"": 0.3, ""gamma"": 0.25}","{""alpha"": 1.0, ""beta"": 0.0, ""gamma"": 0.0}","{""fe"": 0.998, ""cg"": null, ""cf"": null}","{""p1"": 0.998, ""p2"": 0.0, ""p3"": 0.0}",0.998,0.998,0.0000000000e+00
che_0451,PARTIAL_RENORMALIZED,P1,P2+P3,"{""alpha"": 0.45, ""beta"": 0.3, ""gamma"": 0.25}","{""alpha"": 1.0, ""beta"": 0.0, ""gamma"": 0.0}","{""fe"": 0.5024, ""cg"": null, ""cf"": null}","{""p1"": 0.5024, ""p2"": 0.0, ""p3"": 0.0}",0.5024,0.5024,0.0000000000e+00
che_0452,PARTIAL_RENORMALIZED,P1,P2+P3,"{""alpha"": 0.45, ""beta"": 0.3, ""gamma"": 0.25}","{""alpha"": 1.0, ""beta"": 0.0, ""gamma"": 0.0}","{""fe"": 1.0, ""cg"": null, ""cf"": null}","{""p1"": 1.0, ""p2"": 0.0, ""p3"": 0.0}",1.0,1.0,0.0000000000e+00
che_0453,PARTIAL_RENORMALIZED,P1,P2+P3,"{""alpha"": 0.45, ""beta"": 0.3, ""gamma"": 0.25}","{""alpha"": 1.0, ""beta"": 0.0, ""gamma"": 0.0}","{""fe"": 0.0095, ""cg"": null, ""cf"": null}","{""p1"": 0.0095, ""p2"": 0.0, ""p3"": 0.0}",0.0095,0.0095,0.0000000000e+00
che_0454,PARTIAL_RENORMALIZED,P1,P2+P3,"{""alpha"": 0.45, ""beta"": 0.3, ""gamma"": 0.25}","{""alpha"": 1.0, ""beta"": 0.0, ""gamma"": 0.0}","{""fe"": 0.5003, ""cg"": null, ""cf"": null}","{""p1"": 0.5003, ""p2"": 0.0, ""p3"": 0.0}",0.5003,0.5003,0.0000000000e+00
che_0455,PARTIAL_RENORMALIZED,P1,P2+P3,"{""alpha"": 0.45, ""beta"": 0.3, ""gamma"": 0.25}","{""alpha"": 1.0, ""beta"": 0.0, ""gamma"": 0.0}","{""fe"": 0.5024, ""cg"": null, ""cf"": null}","{""p1"": 0.5024, ""p2"": 0.0, ""p3"": 0.0}",0.5024,0.5024,0.0000000000e+00
che_0456,PARTIAL_RENORMALIZED,P1,P2+P3,"{""alpha"": 0.45, ""beta"": 0.3, ""gamma"": 0.25}","{""alpha"": 1.0, ""beta"": 0.0, ""gamma"": 0.0}","{""fe"": 1.0, ""cg"": null, ""cf"": null}","{""p1"": 1.0, ""p2"": 0.0, ""p3"": 0.0}",1.0,1.0,0.0000000000e+00
che_0457,PARTIAL_RENORMALIZED,P1,P2+P3,"{""alpha"": 0.45, ""beta"": 0.3, ""gamma"": 0.25}","{""alpha"": 1.0, ""beta"": 0.0, ""gamma"": 0.0}","{""fe"": 0.0095, ""cg"": null, ""cf"": null}","{""p1"": 0.0095, ""p2"": 0.0, ""p3"": 0.0}",0.0095,0.0095,0.0000000000e+00
che_0458,PARTIAL_RENORMALIZED,P1,P2+P3,"{""alpha"": 0.45, ""beta"": 0.3, ""gamma"": 0.25}","{""alpha"": 1.0, ""beta"": 0.0, ""gamma"": 0.0}","{""fe"": 0.5003, ""cg"": null, ""cf"": null}","{""p1"": 0.5003, ""p2"": 0.0, ""p3"": 0.0}",0.5003,0.5003,0.0000000000e+00
che_0459,PARTIAL_RENORMALIZED,P1,P2+P3,"{""alpha"": 0.45, ""beta"": 0.3, ""gamma"": 0.25}","{""alpha"": 1.0, ""beta"": 0.0, ""gamma"": 0.0}","{""fe"": 0.5024, ""cg"": null, ""cf"": null}","{""p1"": 0.5024, ""p2"": 0.0, ""p3"": 0.0}",0.5024,0.5024,0.0000000000e+00
che_0460,PARTIAL_RENORMALIZED,P1,P2+P3,"{""alpha"": 0.45, ""beta"": 0.3, ""gamma"": 0.25}","{""alpha"": 1.0, ""beta"": 0.0, ""gamma"": 0.0}","{""fe"": 1.0, ""cg"": null, ""cf"": null}","{""p1"": 1.0, ""p2"": 0.0, ""p3"": 0.0}",1.0,1.0,0.0000000000e+00
che_0461,PARTIAL_RENORMALIZED,P1,P2+P3,"{""alpha"": 0.45, ""beta"": 0.3, ""gamma"": 0.25}","{""alpha"": 1.0, ""beta"": 0.0, ""gamma"": 0.0}","{""fe"": 0.0095, ""cg"": null, ""cf"": null}","{""p1"": 0.0095, ""p2"": 0.0, ""p3"": 0.0}",0.0095,0.0095,0.0000000000e+00
che_0462,PARTIAL_RENORMALIZED,P1,P2+P3,"{""alpha"": 0.45, ""beta"": 0.3, ""gamma"": 0.25}","{""alpha"": 1.0, ""beta"": 0.0, ""gamma"": 0.0}","{""fe"": 0.5003, ""cg"": null, ""cf"": null}","{""p1"": 0.5003, ""p2"": 0.0, ""p3"": 0.0}",0.5003,0.5003,0.0000000000e+00
che_0463,PARTIAL_RENORMALIZED,P1,P2+P3,"{""alpha"": 0.45, ""beta"": 0.3, ""gamma"": 0.25}","{""alpha"": 1.0, ""beta"": 0.0, ""gamma"": 0.0}","{""fe"": 0.5024, ""cg"": null, ""cf"": null}","{""p1"": 0.5024, ""p2"": 0.0, ""p3"": 0.0}",0.5024,0.5024,0.0000000000e+00
che_0464,PARTIAL_RENORMALIZED,P1,P2+P3,"{""alpha"": 0.45, ""beta"": 0.3, ""gamma"": 0.25}","{""alpha"": 1.0, ""beta"": 0.0, ""gamma"": 0.0}","{""fe"": 1.0, ""cg"": null, ""cf"": null}","{""p1"": 1.0, ""p2"": 0.0, ""p3"": 0.0}",1.0,1.0,0.0000000000e+00
che_0465,PARTIAL_RENORMALIZED,P1,P2+P3,"{""alpha"": 0.45, ""beta"": 0.3, ""gamma"": 0.25}","{""alpha"": 1.0, ""beta"": 0.0, ""gamma"": 0.0}","{""fe"": 0.0095, ""cg"": null, ""cf"": null}","{""p1"": 0.0095, ""p2"": 0.0, ""p3"": 0.0}",0.0095,0.0095,0.0000000000e+00
che_0466,PARTIAL_RENORMALIZED,P1,P2+P3,"{""alpha"": 0.45, ""beta"": 0.3, ""gamma"": 0.25}","{""alpha"": 1.0, ""beta"": 0.0, ""gamma"": 0.0}","{""fe"": 0.5003, ""cg"": null, ""cf"": null}","{""p1"": 0.5003, ""p2"": 0.0, ""p3"": 0.0}",0.5003,0.5003,0.0000000000e+00
che_0467,PARTIAL_RENORMALIZED,P1,P2+P3,"{""alpha"": 0.45, ""beta"": 0.3, ""gamma"": 0.25}","{""alpha"": 1.0, ""beta"": 0.0, ""gamma"": 0.0}","{""fe"": 0.5024, ""cg"": null, ""cf"": null}","{""p1"": 0.5024, ""p2"": 0.0, ""p3"": 0.0}",0.5024,0.5024,0.0000000000e+00
che_0468,PARTIAL_RENORMALIZED,P1,P2+P3,"{""alpha"": 0.45, ""beta"": 0.3, ""gamma"": 0.25}","{""alpha"": 1.0, ""beta"": 0.0, ""gamma"": 0.0}","{""fe"": 1.0, ""cg"": null, ""cf"": null}","{""p1"": 1.0, ""p2"": 0.0, ""p3"": 0.0}",1.0,1.0,0.0000000000e+00
che_0469,PARTIAL_RENORMALIZED,P1,P2+P3,"{""alpha"": 0.45, ""beta"": 0.3, ""gamma"": 0.25}","{""alpha"": 1.0, ""beta"": 0.0, ""gamma"": 0.0}","{""fe"": 0.0095, ""cg"": null, ""cf"": null}","{""p1"": 0.0095, ""p2"": 0.0, ""p3"": 0.0}",0.0095,0.0095,0.0000000000e+00
che_0470,PARTIAL_RENORMALIZED,P1,P2+P3,"{""alpha"": 0.45, ""beta"": 0.3, ""gamma"": 0.25}","{""alpha"": 1.0, ""beta"": 0.0, ""gamma"": 0.0}","{""fe"": 0.5003, ""cg"": null, ""cf"": null}","{""p1"": 0.5003, ""p2"": 0.0, ""p3"": 0.0}",0.5003,0.5003,0.0000000000e+00
che_0471,PARTIAL_RENORMALIZED,P1,P2+P3,"{""alpha"": 0.45, ""beta"": 0.3, ""gamma"": 0.25}","{""alpha"": 1.0, ""beta"": 0.0, ""gamma"": 0.0}","{""fe"": 0.5024, ""cg"": null, ""cf"": null}","{""p1"": 0.5024, ""p2"": 0.0, ""p3"": 0.0}",0.5024,0.5024,0.0000000000e+00
che_0472,PARTIAL_RENORMALIZED,P1,P2+P3,"{""alpha"": 0.45, ""beta"": 0.3, ""gamma"": 0.25}","{""alpha"": 1.0, ""beta"": 0.0, ""gamma"": 0.0}","{""fe"": 1.0, ""cg"": null, ""cf"": null}","{""p1"": 1.0, ""p2"": 0.0, ""p3"": 0.0}",1.0,1.0,0.0000000000e+00
che_0473,PARTIAL_RENORMALIZED,P1,P2+P3,"{""alpha"": 0.45, ""beta"": 0.3, ""gamma"": 0.25}","{""alpha"": 1.0, ""beta"": 0.0, ""gamma"": 0.0}","{""fe"": 0.0095, ""cg"": null, ""cf"": null}","{""p1"": 0.0095, ""p2"": 0.0, ""p3"": 0.0}",0.0095,0.0095,0.0000000000e+00
che_0474,PARTIAL_RENORMALIZED,P1,P2+P3,"{""alpha"": 0.45, ""beta"": 0.3, ""gamma"": 0.25}","{""alpha"": 1.0, ""beta"": 0.0, ""gamma"": 0.0}","{""fe"": 0.5003, ""cg"": null, ""cf"": null}","{""p1"": 0.5003, ""p2"": 0.0, ""p3"": 0.0}",0.5003,0.5003,0.0000000000e+00
che_0475,PARTIAL_RENORMALIZED,P1,P2+P3,"{""alpha"": 0.45, ""beta"": 0.3, ""gamma"": 0.25}","{""alpha"": 1.0, ""beta"": 0.0, ""gamma"": 0.0}","{""fe"": 0.5024, ""cg"": null, ""cf"": null}","{""p1"": 0.5024, ""p2"": 0.0, ""p3"": 0.0}",0.5024,0.5024,0.0000000000e+00
che_0476,PARTIAL_RENORMALIZED,P1,P2+P3,"{""alpha"": 0.45, ""beta"": 0.3, ""gamma"": 0.25}","{""alpha"": 1.0, ""beta"": 0.0, ""gamma"": 0.0}","{""fe"": 1.0, ""cg"": null, ""cf"": null}","{""p1"": 1.0, ""p2"": 0.0, ""p3"": 0.0}",1.0,1.0,0.0000000000e+00
che_0477,PARTIAL_RENORMALIZED,P1,P2+P3,"{""alpha"": 0.45, ""beta"": 0.3, ""gamma"": 0.25}","{""alpha"": 1.0, ""beta"": 0.0, ""gamma"": 0.0}","{""fe"": 0.0095, ""cg"": null, ""cf"": null}","{""p1"": 0.0095, ""p2"": 0.0, ""p3"": 0.0}",0.0095,0.0095,0.0000000000e+00
che_0478,PARTIAL_RENORMALIZED,P1,P2+P3,"{""alpha"": 0.45, ""beta"": 0.3, ""gamma"": 0.25}","{""alpha"": 1.0, ""beta"": 0.0, ""gamma"": 0.0}","{""fe"": 0.5003, ""cg"": null, ""cf"": null}","{""p1"": 0.5003, ""p2"": 0.0, ""p3"": 0.0}",0.5003,0.5003,0.0000000000e+00
che_0479,PARTIAL_RENORMALIZED,P1,P2+P3,"{""alpha"": 0.45, ""beta"": 0.3, ""gamma"": 0.25}","{""alpha"": 1.0, ""beta"": 0.0, ""gamma"": 0.0}","{""fe"": 0.5024, ""cg"": null, ""cf"": null}","{""p1"": 0.5024, ""p2"": 0.0, ""p3"": 0.0}",0.5024,0.5024,0.0000000000e+00
che_0480,PARTIAL_RENORMALIZED,P1,P2+P3,"{""alpha"": 0.45, ""beta"": 0.3, ""gamma"": 0.25}","{""alpha"": 1.0, ""beta"": 0.0, ""gamma"": 0.0}","{""fe"": 1.0, ""cg"": null, ""cf"": null}","{""p1"": 1.0, ""p2"": 0.0, ""p3"": 0.0}",1.0,1.0,0.0000000000e+00
che_0481,PARTIAL_RENORMALIZED,P1,P2+P3,"{""alpha"": 0.45, ""beta"": 0.3, ""gamma"": 0.25}","{""alpha"": 1.0, ""beta"": 0.0, ""gamma"": 0.0}","{""fe"": 0.0095, ""cg"": null, ""cf"": null}","{""p1"": 0.0095, ""p2"": 0.0, ""p3"": 0.0}",0.0095,0.0095,0.0000000000e+00
che_0482,PARTIAL_RENORMALIZED,P1,P2+P3,"{""alpha"": 0.45, ""beta"": 0.3, ""gamma"": 0.25}","{""alpha"": 1.0, ""beta"": 0.0, ""gamma"": 0.0}","{""fe"": 0.5003, ""cg"": null, ""cf"": null}","{""p1"": 0.5003, ""p2"": 0.0, ""p3"": 0.0}",0.5003,0.5003,0.0000000000e+00
che_0483,PARTIAL_RENORMALIZED,P1,P2+P3,"{""alpha"": 0.45, ""beta"": 0.3, ""gamma"": 0.25}","{""alpha"": 1.0, ""beta"": 0.0, ""gamma"": 0.0}","{""fe"": 0.5024, ""cg"": null, ""cf"": null}","{""p1"": 0.5024, ""p2"": 0.0, ""p3"": 0.0}",0.5024,0.5024,0.0000000000e+00
che_0484,PARTIAL_RENORMALIZED,P1,P2+P3,"{""alpha"": 0.45, ""beta"": 0.3, ""gamma"": 0.25}","{""alpha"": 1.0, ""beta"": 0.0, ""gamma"": 0.0}","{""fe"": 1.0, ""cg"": null, ""cf"": null}","{""p1"": 1.0, ""p2"": 0.0, ""p3"": 0.0}",1.0,1.0,0.0000000000e+00
che_0485,PARTIAL_RENORMALIZED,P1,P2+P3,"{""alpha"": 0.45, ""beta"": 0.3, ""gamma"": 0.25}","{""alpha"": 1.0, ""beta"": 0.0, ""gamma"": 0.0}","{""fe"": 0.0095, ""cg"": null, ""cf"": null}","{""p1"": 0.0095, ""p2"": 0.0, ""p3"": 0.0}",0.0095,0.0095,0.0000000000e+00
che_0486,PARTIAL_RENORMALIZED,P1,P2+P3,"{""alpha"": 0.45, ""beta"": 0.3, ""gamma"": 0.25}","{""alpha"": 1.0, ""beta"": 0.0, ""gamma"": 0.0}","{""fe"": 0.5003, ""cg"": null, ""cf"": null}","{""p1"": 0.5003, ""p2"": 0.0, ""p3"": 0.0}",0.5003,0.5003,0.0000000000e+00
che_0487,PARTIAL_RENORMALIZED,P1,P2+P3,"{""alpha"": 0.45, ""beta"": 0.3, ""gamma"": 0.25}","{""alpha"": 1.0, ""beta"": 0.0, ""gamma"": 0.0}","{""fe"": 0.5024, ""cg"": null, ""cf"": null}","{""p1"": 0.5024, ""p2"": 0.0, ""p3"": 0.0}",0.5024,0.5024,0.0000000000e+00
che_0488,PARTIAL_RENORMALIZED,P1,P2+P3,"{""alpha"": 0.45, ""beta"": 0.3, ""gamma"": 0.25}","{""alpha"": 1.0, ""beta"": 0.0, ""gamma"": 0.0}","{""fe"": 1.0, ""cg"": null, ""cf"": null}","{""p1"": 1.0, ""p2"": 0.0, ""p3"": 0.0}",1.0,1.0,0.0000000000e+00
che_0489,PARTIAL_RENORMALIZED,P1,P2+P3,"{""alpha"": 0.45, ""beta"": 0.3, ""gamma"": 0.25}","{""alpha"": 1.0, ""beta"": 0.0, ""gamma"": 0.0}","{""fe"": 0.0095, ""cg"": null, ""cf"": null}","{""p1"": 0.0095, ""p2"": 0.0, ""p3"": 0.0}",0.0095,0.0095,0.0000000000e+00
che_0490,PARTIAL_RENORMALIZED,P1,P2+P3,"{""alpha"": 0.45, ""beta"": 0.3, ""gamma"": 0.25}","{""alpha"": 1.0, ""beta"": 0.0, ""gamma"": 0.0}","{""fe"": 0.5003, ""cg"": null, ""cf"": null}","{""p1"": 0.5003, ""p2"": 0.0, ""p3"": 0.0}",0.5003,0.5003,0.0000000000e+00
che_0491,PARTIAL_RENORMALIZED,P1,P2+P3,"{""alpha"": 0.45, ""beta"": 0.3, ""gamma"": 0.25}","{""alpha"": 1.0, ""beta"": 0.0, ""gamma"": 0.0}","{""fe"": 0.5024, ""cg"": null, ""cf"": null}","{""p1"": 0.5024, ""p2"": 0.0, ""p3"": 0.0}",0.5024,0.5024,0.0000000000e+00
che_0492,PARTIAL_RENORMALIZED,P1,P2+P3,"{""alpha"": 0.45, ""beta"": 0.3, ""gamma"": 0.25}","{""alpha"": 1.0, ""beta"": 0.0, ""gamma"": 0.0}","{""fe"": 1.0, ""cg"": null, ""cf"": null}","{""p1"": 1.0, ""p2"": 0.0, ""p3"": 0.0}",1.0,1.0,0.0000000000e+00
che_0493,PARTIAL_RENORMALIZED,P1,P2+P3,"{""alpha"": 0.45, ""beta"": 0.3, ""gamma"": 0.25}","{""alpha"": 1.0, ""beta"": 0.0, ""gamma"": 0.0}","{""fe"": 0.0095, ""cg"": null, ""cf"": null}","{""p1"": 0.0095, ""p2"": 0.0, ""p3"": 0.0}",0.0095,0.0095,0.0000000000e+00
che_0494,PARTIAL_RENORMALIZED,P1,P2+P3,"{""alpha"": 0.45, ""beta"": 0.3, ""gamma"": 0.25}","{""alpha"": 1.0, ""beta"": 0.0, ""gamma"": 0.0}","{""fe"": 0.5003, ""cg"": null, ""cf"": null}","{""p1"": 0.5003, ""p2"": 0.0, ""p3"": 0.0}",0.5003,0.5003,0.0000000000e+00
che_0495,PARTIAL_RENORMALIZED,P1,P2+P3,"{""alpha"": 0.45, ""beta"": 0.3, ""gamma"": 0.25}","{""alpha"": 1.0, ""beta"": 0.0, ""gamma"": 0.0}","{""fe"": 0.5024, ""cg"": null, ""cf"": null}","{""p1"": 0.5024, ""p2"": 0.0, ""p3"": 0.0}",0.5024,0.5024,0.0000000000e+00
che_0496,PARTIAL_RENORMALIZED,P1,P2+P3,"{""alpha"": 0.45, ""beta"": 0.3, ""gamma"": 0.25}","{""alpha"": 1.0, ""beta"": 0.0, ""gamma"": 0.0}","{""fe"": 1.0, ""cg"": null, ""cf"": null}","{""p1"": 1.0, ""p2"": 0.0, ""p3"": 0.0}",1.0,1.0,0.0000000000e+00
che_0497,PARTIAL_RENORMALIZED,P1,P2+P3,"{""alpha"": 0.45, ""beta"": 0.3, ""gamma"": 0.25}","{""alpha"": 1.0, ""beta"": 0.0, ""gamma"": 0.0}","{""fe"": 0.0095, ""cg"": null, ""cf"": null}","{""p1"": 0.0095, ""p2"": 0.0, ""p3"": 0.0}",0.0095,0.0095,0.0000000000e+00
che_0498,PARTIAL_RENORMALIZED,P1,P2+P3,"{""alpha"": 0.45, ""beta"": 0.3, ""gamma"": 0.25}","{""alpha"": 1.0, ""beta"": 0.0, ""gamma"": 0.0}","{""fe"": 0.5003, ""cg"": null, ""cf"": null}","{""p1"": 0.5003, ""p2"": 0.0, ""p3"": 0.0}",0.5003,0.5003,0.0000000000e+00
che_0499,PARTIAL_RENORMALIZED,P1,P2+P3,"{""alpha"": 0.45, ""beta"": 0.3, ""gamma"": 0.25}","{""alpha"": 1.0, ""beta"": 0.0, ""gamma"": 0.0}","{""fe"": 0.5024, ""cg"": null, ""cf"": null}","{""p1"": 0.5024, ""p2"": 0.0, ""p3"": 0.0}",0.5024,0.5024,0.0000000000e+00
che_0500,PARTIAL_RENORMALIZED,P1,P2+P3,"{""alpha"": 0.45, ""beta"": 0.3, ""gamma"": 0.25}","{""alpha"": 1.0, ""beta"": 0.0, ""gamma"": 0.0}","{""fe"": 1.0, ""cg"": null, ""cf"": null}","{""p1"": 1.0, ""p2"": 0.0, ""p3"": 0.0}",1.0,1.0,0.0000000000e+00
new_0501,PARTIAL_RENORMALIZED,P1,P2+P3,"{""alpha"": 0.45, ""beta"": 0.3, ""gamma"": 0.25}","{""alpha"": 1.0, ""beta"": 0.0, ""gamma"": 0.0}","{""fe"": 0.5005, ""cg"": null, ""cf"": null}","{""p1"": 0.5005, ""p2"": 0.0, ""p3"": 0.0}",0.5005,0.5005,0.0000000000e+00
new_0502,PARTIAL_RENORMALIZED,P1,P2+P3,"{""alpha"": 0.45, ""beta"": 0.3, ""gamma"": 0.25}","{""alpha"": 1.0, ""beta"": 0.0, ""gamma"": 0.0}","{""fe"": 1.0, ""cg"": null, ""cf"": null}","{""p1"": 1.0, ""p2"": 0.0, ""p3"": 0.0}",1.0,1.0,0.0000000000e+00
new_0503,PARTIAL_RENORMALIZED,P1,P2+P3,"{""alpha"": 0.45, ""beta"": 0.3, ""gamma"": 0.25}","{""alpha"": 1.0, ""beta"": 0.0, ""gamma"": 0.0}","{""fe"": 0.1571, ""cg"": null, ""cf"": null}","{""p1"": 0.1571, ""p2"": 0.0, ""p3"": 0.0}",0.1571,0.1571,0.0000000000e+00
new_0504,PARTIAL_RENORMALIZED,P1,P2+P3,"{""alpha"": 0.45, ""beta"": 0.3, ""gamma"": 0.25}","{""alpha"": 1.0, ""beta"": 0.0, ""gamma"": 0.0}","{""fe"": 0.9991, ""cg"": null, ""cf"": null}","{""p1"": 0.9991, ""p2"": 0.0, ""p3"": 0.0}",0.9991,0.9991,0.0000000000e+00
new_0505,PARTIAL_RENORMALIZED,P1,P2+P3,"{""alpha"": 0.45, ""beta"": 0.3, ""gamma"": 0.25}","{""alpha"": 1.0, ""beta"": 0.0, ""gamma"": 0.0}","{""fe"": 0.5005, ""cg"": null, ""cf"": null}","{""p1"": 0.5005, ""p2"": 0.0, ""p3"": 0.0}",0.5005,0.5005,0.0000000000e+00
new_0506,PARTIAL_RENORMALIZED,P1,P2+P3,"{""alpha"": 0.45, ""beta"": 0.3, ""gamma"": 0.25}","{""alpha"": 1.0, ""beta"": 0.0, ""gamma"": 0.0}","{""fe"": 1.0, ""cg"": null, ""cf"": null}","{""p1"": 1.0, ""p2"": 0.0, ""p3"": 0.0}",1.0,1.0,0.0000000000e+00
new_0507,PARTIAL_RENORMALIZED,P1,P2+P3,"{""alpha"": 0.45, ""beta"": 0.3, ""gamma"": 0.25}","{""alpha"": 1.0, ""beta"": 0.0, ""gamma"": 0.0}","{""fe"": 0.1571, ""cg"": null, ""cf"": null}","{""p1"": 0.1571, ""p2"": 0.0, ""p3"": 0.0}",0.1571,0.1571,0.0000000000e+00
new_0508,PARTIAL_RENORMALIZED,P1,P2+P3,"{""alpha"": 0.45, ""beta"": 0.3, ""gamma"": 0.25}","{""alpha"": 1.0, ""beta"": 0.0, ""gamma"": 0.0}","{""fe"": 0.9991, ""cg"": null, ""cf"": null}","{""p1"": 0.9991, ""p2"": 0.0, ""p3"": 0.0}",0.9991,0.9991,0.0000000000e+00
new_0509,PARTIAL_RENORMALIZED,P1,P2+P3,"{""alpha"": 0.45, ""beta"": 0.3, ""gamma"": 0.25}","{""alpha"": 1.0, ""beta"": 0.0, ""gamma"": 0.0}","{""fe"": 0.5005, ""cg"": null, ""cf"": null}","{""p1"": 0.5005, ""p2"": 0.0, ""p3"": 0.0}",0.5005,0.5005,0.0000000000e+00
new_0510,PARTIAL_RENORMALIZED,P1,P2+P3,"{""alpha"": 0.45, ""beta"": 0.3, ""gamma"": 0.25}","{""alpha"": 1.0, ""beta"": 0.0, ""gamma"": 0.0}","{""fe"": 1.0, ""cg"": null, ""cf"": null}","{""p1"": 1.0, ""p2"": 0.0, ""p3"": 0.0}",1.0,1.0,0.0000000000e+00
new_0511,PARTIAL_RENORMALIZED,P1,P2+P3,"{""alpha"": 0.45, ""beta"": 0.3, ""gamma"": 0.25}","{""alpha"": 1.0, ""beta"": 0.0, ""gamma"": 0.0}","{""fe"": 0.1571, ""cg"": null, ""cf"": null}","{""p1"": 0.1571, ""p2"": 0.0, ""p3"": 0.0}",0.1571,0.1571,0.0000000000e+00
new_0512,PARTIAL_RENORMALIZED,P1,P2+P3,"{""alpha"": 0.45, ""beta"": 0.3, ""gamma"": 0.25}","{""alpha"": 1.0, ""beta"": 0.0, ""gamma"": 0.0}","{""fe"": 0.9991, ""cg"": null, ""cf"": null}","{""p1"": 0.9991, ""p2"": 0.0, ""p3"": 0.0}",0.9991,0.9991,0.0000000000e+00
new_0513,PARTIAL_RENORMALIZED,P1,P2+P3,"{""alpha"": 0.45, ""beta"": 0.3, ""gamma"": 0.25}","{""alpha"": 1.0, ""beta"": 0.0, ""gamma"": 0.0}","{""fe"": 0.5005, ""cg"": null, ""cf"": null}","{""p1"": 0.5005, ""p2"": 0.0, ""p3"": 0.0}",0.5005,0.5005,0.0000000000e+00
new_0514,PARTIAL_RENORMALIZED,P1,P2+P3,"{""alpha"": 0.45, ""beta"": 0.3, ""gamma"": 0.25}","{""alpha"": 1.0, ""beta"": 0.0, ""gamma"": 0.0}","{""fe"": 1.0, ""cg"": null, ""cf"": null}","{""p1"": 1.0, ""p2"": 0.0, ""p3"": 0.0}",1.0,1.0,0.0000000000e+00
new_0515,PARTIAL_RENORMALIZED,P1,P2+P3,"{""alpha"": 0.45, ""beta"": 0.3, ""gamma"": 0.25}","{""alpha"": 1.0, ""beta"": 0.0, ""gamma"": 0.0}","{""fe"": 0.1571, ""cg"": null, ""cf"": null}","{""p1"": 0.1571, ""p2"": 0.0, ""p3"": 0.0}",0.1571,0.1571,0.0000000000e+00
new_0516,PARTIAL_RENORMALIZED,P1,P2+P3,"{""alpha"": 0.45, ""beta"": 0.3, ""gamma"": 0.25}","{""alpha"": 1.0, ""beta"": 0.0, ""gamma"": 0.0}","{""fe"": 0.9991, ""cg"": null, ""cf"": null}","{""p1"": 0.9991, ""p2"": 0.0, ""p3"": 0.0}",0.9991,0.9991,0.0000000000e+00
new_0517,PARTIAL_RENORMALIZED,P1,P2+P3,"{""alpha"": 0.45, ""beta"": 0.3, ""gamma"": 0.25}","{""alpha"": 1.0, ""beta"": 0.0, ""gamma"": 0.0}","{""fe"": 0.5005, ""cg"": null, ""cf"": null}","{""p1"": 0.5005, ""p2"": 0.0, ""p3"": 0.0}",0.5005,0.5005,0.0000000000e+00
new_0518,PARTIAL_RENORMALIZED,P1,P2+P3,"{""alpha"": 0.45, ""beta"": 0.3, ""gamma"": 0.25}","{""alpha"": 1.0, ""beta"": 0.0, ""gamma"": 0.0}","{""fe"": 1.0, ""cg"": null, ""cf"": null}","{""p1"": 1.0, ""p2"": 0.0, ""p3"": 0.0}",1.0,1.0,0.0000000000e+00
new_0519,PARTIAL_RENORMALIZED,P1,P2+P3,"{""alpha"": 0.45, ""beta"": 0.3, ""gamma"": 0.25}","{""alpha"": 1.0, ""beta"": 0.0, ""gamma"": 0.0}","{""fe"": 0.1571, ""cg"": null, ""cf"": null}","{""p1"": 0.1571, ""p2"": 0.0, ""p3"": 0.0}",0.1571,0.1571,0.0000000000e+00
new_0520,PARTIAL_RENORMALIZED,P1,P2+P3,"{""alpha"": 0.45, ""beta"": 0.3, ""gamma"": 0.25}","{""alpha"": 1.0, ""beta"": 0.0, ""gamma"": 0.0}","{""fe"": 0.9991, ""cg"": null, ""cf"": null}","{""p1"": 0.9991, ""p2"": 0.0, ""p3"": 0.0}",0.9991,0.9991,0.0000000000e+00
new_0521,PARTIAL_RENORMALIZED,P1,P2+P3,"{""alpha"": 0.45, ""beta"": 0.3, ""gamma"": 0.25}","{""alpha"": 1.0, ""beta"": 0.0, ""gamma"": 0.0}","{""fe"": 0.5005, ""cg"": null, ""cf"": null}","{""p1"": 0.5005, ""p2"": 0.0, ""p3"": 0.0}",0.5005,0.5005,0.0000000000e+00
new_0522,PARTIAL_RENORMALIZED,P1,P2+P3,"{""alpha"": 0.45, ""beta"": 0.3, ""gamma"": 0.25}","{""alpha"": 1.0, ""beta"": 0.0, ""gamma"": 0.0}","{""fe"": 1.0, ""cg"": null, ""cf"": null}","{""p1"": 1.0, ""p2"": 0.0, ""p3"": 0.0}",1.0,1.0,0.0000000000e+00
new_0523,PARTIAL_RENORMALIZED,P1,P2+P3,"{""alpha"": 0.45, ""beta"": 0.3, ""gamma"": 0.25}","{""alpha"": 1.0, ""beta"": 0.0, ""gamma"": 0.0}","{""fe"": 0.1571, ""cg"": null, ""cf"": null}","{""p1"": 0.1571, ""p2"": 0.0, ""p3"": 0.0}",0.1571,0.1571,0.0000000000e+00
new_0524,PARTIAL_RENORMALIZED,P1,P2+P3,"{""alpha"": 0.45, ""beta"": 0.3, ""gamma"": 0.25}","{""alpha"": 1.0, ""beta"": 0.0, ""gamma"": 0.0}","{""fe"": 0.9991, ""cg"": null, ""cf"": null}","{""p1"": 0.9991, ""p2"": 0.0, ""p3"": 0.0}",0.9991,0.9991,0.0000000000e+00
new_0525,PARTIAL_RENORMALIZED,P1,P2+P3,"{""alpha"": 0.45, ""beta"": 0.3, ""gamma"": 0.25}","{""alpha"": 1.0, ""beta"": 0.0, ""gamma"": 0.0}","{""fe"": 0.5005, ""cg"": null, ""cf"": null}","{""p1"": 0.5005, ""p2"": 0.0, ""p3"": 0.0}",0.5005,0.5005,0.0000000000e+00
new_0526,PARTIAL_RENORMALIZED,P1,P2+P3,"{""alpha"": 0.45, ""beta"": 0.3, ""gamma"": 0.25}","{""alpha"": 1.0, ""beta"": 0.0, ""gamma"": 0.0}","{""fe"": 1.0, ""cg"": null, ""cf"": null}","{""p1"": 1.0, ""p2"": 0.0, ""p3"": 0.0}",1.0,1.0,0.0000000000e+00
new_0527,PARTIAL_RENORMALIZED,P1,P2+P3,"{""alpha"": 0.45, ""beta"": 0.3, ""gamma"": 0.25}","{""alpha"": 1.0, ""beta"": 0.0, ""gamma"": 0.0}","{""fe"": 0.1571, ""cg"": null, ""cf"": null}","{""p1"": 0.1571, ""p2"": 0.0, ""p3"": 0.0}",0.1571,0.1571,0.0000000000e+00
new_0528,PARTIAL_RENORMALIZED,P1,P2+P3,"{""alpha"": 0.45, ""beta"": 0.3, ""gamma"": 0.25}","{""alpha"": 1.0, ""beta"": 0.0, ""gamma"": 0.0}","{""fe"": 0.9991, ""cg"": null, ""cf"": null}","{""p1"": 0.9991, ""p2"": 0.0, ""p3"": 0.0}",0.9991,0.9991,0.0000000000e+00
new_0529,PARTIAL_RENORMALIZED,P1,P2+P3,"{""alpha"": 0.45, ""beta"": 0.3, ""gamma"": 0.25}","{""alpha"": 1.0, ""beta"": 0.0, ""gamma"": 0.0}","{""fe"": 0.5005, ""cg"": null, ""cf"": null}","{""p1"": 0.5005, ""p2"": 0.0, ""p3"": 0.0}",0.5005,0.5005,0.0000000000e+00
new_0530,PARTIAL_RENORMALIZED,P1,P2+P3,"{""alpha"": 0.45, ""beta"": 0.3, ""gamma"": 0.25}","{""alpha"": 1.0, ""beta"": 0.0, ""gamma"": 0.0}","{""fe"": 1.0, ""cg"": null, ""cf"": null}","{""p1"": 1.0, ""p2"": 0.0, ""p3"": 0.0}",1.0,1.0,0.0000000000e+00
new_0531,PARTIAL_RENORMALIZED,P1,P2+P3,"{""alpha"": 0.45, ""beta"": 0.3, ""gamma"": 0.25}","{""alpha"": 1.0, ""beta"": 0.0, ""gamma"": 0.0}","{""fe"": 0.1571, ""cg"": null, ""cf"": null}","{""p1"": 0.1571, ""p2"": 0.0, ""p3"": 0.0}",0.1571,0.1571,0.0000000000e+00
new_0532,PARTIAL_RENORMALIZED,P1,P2+P3,"{""alpha"": 0.45, ""beta"": 0.3, ""gamma"": 0.25}","{""alpha"": 1.0, ""beta"": 0.0, ""gamma"": 0.0}","{""fe"": 0.9991, ""cg"": null, ""cf"": null}","{""p1"": 0.9991, ""p2"": 0.0, ""p3"": 0.0}",0.9991,0.9991,0.0000000000e+00
new_0533,PARTIAL_RENORMALIZED,P1,P2+P3,"{""alpha"": 0.45, ""beta"": 0.3, ""gamma"": 0.25}","{""alpha"": 1.0, ""beta"": 0.0, ""gamma"": 0.0}","{""fe"": 0.5005, ""cg"": null, ""cf"": null}","{""p1"": 0.5005, ""p2"": 0.0, ""p3"": 0.0}",0.5005,0.5005,0.0000000000e+00
new_0534,PARTIAL_RENORMALIZED,P1,P2+P3,"{""alpha"": 0.45, ""beta"": 0.3, ""gamma"": 0.25}","{""alpha"": 1.0, ""beta"": 0.0, ""gamma"": 0.0}","{""fe"": 1.0, ""cg"": null, ""cf"": null}","{""p1"": 1.0, ""p2"": 0.0, ""p3"": 0.0}",1.0,1.0,0.0000000000e+00
new_0535,PARTIAL_RENORMALIZED,P1,P2+P3,"{""alpha"": 0.45, ""beta"": 0.3, ""gamma"": 0.25}","{""alpha"": 1.0, ""beta"": 0.0, ""gamma"": 0.0}","{""fe"": 0.1571, ""cg"": null, ""cf"": null}","{""p1"": 0.1571, ""p2"": 0.0, ""p3"": 0.0}",0.1571,0.1571,0.0000000000e+00
new_0536,PARTIAL_RENORMALIZED,P1,P2+P3,"{""alpha"": 0.45, ""beta"": 0.3, ""gamma"": 0.25}","{""alpha"": 1.0, ""beta"": 0.0, ""gamma"": 0.0}","{""fe"": 0.9991, ""cg"": null, ""cf"": null}","{""p1"": 0.9991, ""p2"": 0.0, ""p3"": 0.0}",0.9991,0.9991,0.0000000000e+00
new_0537,PARTIAL_RENORMALIZED,P1,P2+P3,"{""alpha"": 0.45, ""beta"": 0.3, ""gamma"": 0.25}","{""alpha"": 1.0, ""beta"": 0.0, ""gamma"": 0.0}","{""fe"": 0.5005, ""cg"": null, ""cf"": null}","{""p1"": 0.5005, ""p2"": 0.0, ""p3"": 0.0}",0.5005,0.5005,0.0000000000e+00
new_0538,PARTIAL_RENORMALIZED,P1,P2+P3,"{""alpha"": 0.45, ""beta"": 0.3, ""gamma"": 0.25}","{""alpha"": 1.0, ""beta"": 0.0, ""gamma"": 0.0}","{""fe"": 1.0, ""cg"": null, ""cf"": null}","{""p1"": 1.0, ""p2"": 0.0, ""p3"": 0.0}",1.0,1.0,0.0000000000e+00
new_0539,PARTIAL_RENORMALIZED,P1,P2+P3,"{""alpha"": 0.45, ""beta"": 0.3, ""gamma"": 0.25}","{""alpha"": 1.0, ""beta"": 0.0, ""gamma"": 0.0}","{""fe"": 0.1571, ""cg"": null, ""cf"": null}","{""p1"": 0.1571, ""p2"": 0.0, ""p3"": 0.0}",0.1571,0.1571,0.0000000000e+00
new_0540,PARTIAL_RENORMALIZED,P1,P2+P3,"{""alpha"": 0.45, ""beta"": 0.3, ""gamma"": 0.25}","{""alpha"": 1.0, ""beta"": 0.0, ""gamma"": 0.0}","{""fe"": 0.9991, ""cg"": null, ""cf"": null}","{""p1"": 0.9991, ""p2"": 0.0, ""p3"": 0.0}",0.9991,0.9991,0.0000000000e+00
new_0541,PARTIAL_RENORMALIZED,P1,P2+P3,"{""alpha"": 0.45, ""beta"": 0.3, ""gamma"": 0.25}","{""alpha"": 1.0, ""beta"": 0.0, ""gamma"": 0.0}","{""fe"": 0.5005, ""cg"": null, ""cf"": null}","{""p1"": 0.5005, ""p2"": 0.0, ""p3"": 0.0}",0.5005,0.5005,0.0000000000e+00
new_0542,PARTIAL_RENORMALIZED,P1,P2+P3,"{""alpha"": 0.45, ""beta"": 0.3, ""gamma"": 0.25}","{""alpha"": 1.0, ""beta"": 0.0, ""gamma"": 0.0}","{""fe"": 1.0, ""cg"": null, ""cf"": null}","{""p1"": 1.0, ""p2"": 0.0, ""p3"": 0.0}",1.0,1.0,0.0000000000e+00
new_0543,PARTIAL_RENORMALIZED,P1,P2+P3,"{""alpha"": 0.45, ""beta"": 0.3, ""gamma"": 0.25}","{""alpha"": 1.0, ""beta"": 0.0, ""gamma"": 0.0}","{""fe"": 0.1571, ""cg"": null, ""cf"": null}","{""p1"": 0.1571, ""p2"": 0.0, ""p3"": 0.0}",0.1571,0.1571,0.0000000000e+00
new_0544,PARTIAL_RENORMALIZED,P1,P2+P3,"{""alpha"": 0.45, ""beta"": 0.3, ""gamma"": 0.25}","{""alpha"": 1.0, ""beta"": 0.0, ""gamma"": 0.0}","{""fe"": 0.9991, ""cg"": null, ""cf"": null}","{""p1"": 0.9991, ""p2"": 0.0, ""p3"": 0.0}",0.9991,0.9991,0.0000000000e+00
new_0545,PARTIAL_RENORMALIZED,P1,P2+P3,"{""alpha"": 0.45, ""beta"": 0.3, ""gamma"": 0.25}","{""alpha"": 1.0, ""beta"": 0.0, ""gamma"": 0.0}","{""fe"": 0.5005, ""cg"": null, ""cf"": null}","{""p1"": 0.5005, ""p2"": 0.0, ""p3"": 0.0}",0.5005,0.5005,0.0000000000e+00
new_0546,PARTIAL_RENORMALIZED,P1,P2+P3,"{""alpha"": 0.45, ""beta"": 0.3, ""gamma"": 0.25}","{""alpha"": 1.0, ""beta"": 0.0, ""gamma"": 0.0}","{""fe"": 1.0, ""cg"": null, ""cf"": null}","{""p1"": 1.0, ""p2"": 0.0, ""p3"": 0.0}",1.0,1.0,0.0000000000e+00
new_0547,PARTIAL_RENORMALIZED,P1,P2+P3,"{""alpha"": 0.45, ""beta"": 0.3, ""gamma"": 0.25}","{""alpha"": 1.0, ""beta"": 0.0, ""gamma"": 0.0}","{""fe"": 0.1571, ""cg"": null, ""cf"": null}","{""p1"": 0.1571, ""p2"": 0.0, ""p3"": 0.0}",0.1571,0.1571,0.0000000000e+00
new_0548,PARTIAL_RENORMALIZED,P1,P2+P3,"{""alpha"": 0.45, ""beta"": 0.3, ""gamma"": 0.25}","{""alpha"": 1.0, ""beta"": 0.0, ""gamma"": 0.0}","{""fe"": 0.9991, ""cg"": null, ""cf"": null}","{""p1"": 0.9991, ""p2"": 0.0, ""p3"": 0.0}",0.9991,0.9991,0.0000000000e+00
new_0549,PARTIAL_RENORMALIZED,P1,P2+P3,"{""alpha"": 0.45, ""beta"": 0.3, ""gamma"": 0.25}","{""alpha"": 1.0, ""beta"": 0.0, ""gamma"": 0.0}","{""fe"": 0.5005, ""cg"": null, ""cf"": null}","{""p1"": 0.5005, ""p2"": 0.0, ""p3"": 0.0}",0.5005,0.5005,0.0000000000e+00
new_0550,PARTIAL_RENORMALIZED,P1,P2+P3,"{""alpha"": 0.45, ""beta"": 0.3, ""gamma"": 0.25}","{""alpha"": 1.0, ""beta"": 0.0, ""gamma"": 0.0}","{""fe"": 1.0, ""cg"": null, ""cf"": null}","{""p1"": 1.0, ""p2"": 0.0, ""p3"": 0.0}",1.0,1.0,0.0000000000e+00
mat_0551,PARTIAL_RENORMALIZED,P1,P2+P3,"{""alpha"": 0.45, ""beta"": 0.3, ""gamma"": 0.25}","{""alpha"": 1.0, ""beta"": 0.0, ""gamma"": 0.0}","{""fe"": 0.05, ""cg"": null, ""cf"": null}","{""p1"": 0.05, ""p2"": 0.0, ""p3"": 0.0}",0.05,0.05,0.0000000000e+00
mat_0552,PARTIAL_RENORMALIZED,P1,P2+P3,"{""alpha"": 0.45, ""beta"": 0.3, ""gamma"": 0.25}","{""alpha"": 1.0, ""beta"": 0.0, ""gamma"": 0.0}","{""fe"": 0.9968, ""cg"": null, ""cf"": null}","{""p1"": 0.9968, ""p2"": 0.0, ""p3"": 0.0}",0.9968,0.9968,0.0000000000e+00
mat_0553,PARTIAL_RENORMALIZED,P1,P2+P3,"{""alpha"": 0.45, ""beta"": 0.3, ""gamma"": 0.25}","{""alpha"": 1.0, ""beta"": 0.0, ""gamma"": 0.0}","{""fe"": 0.1, ""cg"": null, ""cf"": null}","{""p1"": 0.1, ""p2"": 0.0, ""p3"": 0.0}",0.1,0.1,0.0000000000e+00
mat_0554,PARTIAL_RENORMALIZED,P1,P2+P3,"{""alpha"": 0.45, ""beta"": 0.3, ""gamma"": 0.25}","{""alpha"": 1.0, ""beta"": 0.0, ""gamma"": 0.0}","{""fe"": 0.9978, ""cg"": null, ""cf"": null}","{""p1"": 0.9978, ""p2"": 0.0, ""p3"": 0.0}",0.9978,0.9978,0.0000000000e+00
mat_0555,PARTIAL_RENORMALIZED,P1,P2+P3,"{""alpha"": 0.45, ""beta"": 0.3, ""gamma"": 0.25}","{""alpha"": 1.0, ""beta"": 0.0, ""gamma"": 0.0}","{""fe"": 0.05, ""cg"": null, ""cf"": null}","{""p1"": 0.05, ""p2"": 0.0, ""p3"": 0.0}",0.05,0.05,0.0000000000e+00
mat_0556,PARTIAL_RENORMALIZED,P1,P2+P3,"{""alpha"": 0.45, ""beta"": 0.3, ""gamma"": 0.25}","{""alpha"": 1.0, ""beta"": 0.0, ""gamma"": 0.0}","{""fe"": 0.9968, ""cg"": null, ""cf"": null}","{""p1"": 0.9968, ""p2"": 0.0, ""p3"": 0.0}",0.9968,0.9968,0.0000000000e+00
mat_0557,PARTIAL_RENORMALIZED,P1,P2+P3,"{""alpha"": 0.45, ""beta"": 0.3, ""gamma"": 0.25}","{""alpha"": 1.0, ""beta"": 0.0, ""gamma"": 0.0}","{""fe"": 0.1, ""cg"": null, ""cf"": null}","{""p1"": 0.1, ""p2"": 0.0, ""p3"": 0.0}",0.1,0.1,0.0000000000e+00
mat_0558,PARTIAL_RENORMALIZED,P1,P2+P3,"{""alpha"": 0.45, ""beta"": 0.3, ""gamma"": 0.25}","{""alpha"": 1.0, ""beta"": 0.0, ""gamma"": 0.0}","{""fe"": 0.9978, ""cg"": null, ""cf"": null}","{""p1"": 0.9978, ""p2"": 0.0, ""p3"": 0.0}",0.9978,0.9978,0.0000000000e+00
mat_0559,PARTIAL_RENORMALIZED,P1,P2+P3,"{""alpha"": 0.45, ""beta"": 0.3, ""gamma"": 0.25}","{""alpha"": 1.0, ""beta"": 0.0, ""gamma"": 0.0}","{""fe"": 0.05, ""cg"": null, ""cf"": null}","{""p1"": 0.05, ""p2"": 0.0, ""p3"": 0.0}",0.05,0.05,0.0000000000e+00
mat_0560,PARTIAL_RENORMALIZED,P1,P2+P3,"{""alpha"": 0.45, ""beta"": 0.3, ""gamma"": 0.25}","{""alpha"": 1.0, ""beta"": 0.0, ""gamma"": 0.0}","{""fe"": 0.9968, ""cg"": null, ""cf"": null}","{""p1"": 0.9968, ""p2"": 0.0, ""p3"": 0.0}",0.9968,0.9968,0.0000000000e+00
mat_0561,PARTIAL_RENORMALIZED,P1,P2+P3,"{""alpha"": 0.45, ""beta"": 0.3, ""gamma"": 0.25}","{""alpha"": 1.0, ""beta"": 0.0, ""gamma"": 0.0}","{""fe"": 0.1, ""cg"": null, ""cf"": null}","{""p1"": 0.1, ""p2"": 0.0, ""p3"": 0.0}",0.1,0.1,0.0000000000e+00
mat_0562,PARTIAL_RENORMALIZED,P1,P2+P3,"{""alpha"": 0.45, ""beta"": 0.3, ""gamma"": 0.25}","{""alpha"": 1.0, ""beta"": 0.0, ""gamma"": 0.0}","{""fe"": 0.9978, ""cg"": null, ""cf"": null}","{""p1"": 0.9978, ""p2"": 0.0, ""p3"": 0.0}",0.9978,0.9978,0.0000000000e+00
mat_0563,PARTIAL_RENORMALIZED,P1,P2+P3,"{""alpha"": 0.45, ""beta"": 0.3, ""gamma"": 0.25}","{""alpha"": 1.0, ""beta"": 0.0, ""gamma"": 0.0}","{""fe"": 0.05, ""cg"": null, ""cf"": null}","{""p1"": 0.05, ""p2"": 0.0, ""p3"": 0.0}",0.05,0.05,0.0000000000e+00
mat_0564,PARTIAL_RENORMALIZED,P1,P2+P3,"{""alpha"": 0.45, ""beta"": 0.3, ""gamma"": 0.25}","{""alpha"": 1.0, ""beta"": 0.0, ""gamma"": 0.0}","{""fe"": 0.9968, ""cg"": null, ""cf"": null}","{""p1"": 0.9968, ""p2"": 0.0, ""p3"": 0.0}",0.9968,0.9968,0.0000000000e+00
mat_0565,PARTIAL_RENORMALIZED,P1,P2+P3,"{""alpha"": 0.45, ""beta"": 0.3, ""gamma"": 0.25}","{""alpha"": 1.0, ""beta"": 0.0, ""gamma"": 0.0}","{""fe"": 0.1, ""cg"": null, ""cf"": null}","{""p1"": 0.1, ""p2"": 0.0, ""p3"": 0.0}",0.1,0.1,0.0000000000e+00
mat_0566,PARTIAL_RENORMALIZED,P1,P2+P3,"{""alpha"": 0.45, ""beta"": 0.3, ""gamma"": 0.25}","{""alpha"": 1.0, ""beta"": 0.0, ""gamma"": 0.0}","{""fe"": 0.9978, ""cg"": null, ""cf"": null}","{""p1"": 0.9978, ""p2"": 0.0, ""p3"": 0.0}",0.9978,0.9978,0.0000000000e+00
mat_0567,PARTIAL_RENORMALIZED,P1,P2+P3,"{""alpha"": 0.45, ""beta"": 0.3, ""gamma"": 0.25}","{""alpha"": 1.0, ""beta"": 0.0, ""gamma"": 0.0}","{""fe"": 0.05, ""cg"": null, ""cf"": null}","{""p1"": 0.05, ""p2"": 0.0, ""p3"": 0.0}",0.05,0.05,0.0000000000e+00
mat_0568,PARTIAL_RENORMALIZED,P1,P2+P3,"{""alpha"": 0.45, ""beta"": 0.3, ""gamma"": 0.25}","{""alpha"": 1.0, ""beta"": 0.0, ""gamma"": 0.0}","{""fe"": 0.9968, ""cg"": null, ""cf"": null}","{""p1"": 0.9968, ""p2"": 0.0, ""p3"": 0.0}",0.9968,0.9968,0.0000000000e+00
mat_0569,PARTIAL_RENORMALIZED,P1,P2+P3,"{""alpha"": 0.45, ""beta"": 0.3, ""gamma"": 0.25}","{""alpha"": 1.0, ""beta"": 0.0, ""gamma"": 0.0}","{""fe"": 0.1, ""cg"": null, ""cf"": null}","{""p1"": 0.1, ""p2"": 0.0, ""p3"": 0.0}",0.1,0.1,0.0000000000e+00
mat_0570,PARTIAL_RENORMALIZED,P1,P2+P3,"{""alpha"": 0.45, ""beta"": 0.3, ""gamma"": 0.25}","{""alpha"": 1.0, ""beta"": 0.0, ""gamma"": 0.0}","{""fe"": 0.9978, ""cg"": null, ""cf"": null}","{""p1"": 0.9978, ""p2"": 0.0, ""p3"": 0.0}",0.9978,0.9978,0.0000000000e+00
mat_0571,PARTIAL_RENORMALIZED,P1,P2+P3,"{""alpha"": 0.45, ""beta"": 0.3, ""gamma"": 0.25}","{""alpha"": 1.0, ""beta"": 0.0, ""gamma"": 0.0}","{""fe"": 0.05, ""cg"": null, ""cf"": null}","{""p1"": 0.05, ""p2"": 0.0, ""p3"": 0.0}",0.05,0.05,0.0000000000e+00
mat_0572,PARTIAL_RENORMALIZED,P1,P2+P3,"{""alpha"": 0.45, ""beta"": 0.3, ""gamma"": 0.25}","{""alpha"": 1.0, ""beta"": 0.0, ""gamma"": 0.0}","{""fe"": 0.9968, ""cg"": null, ""cf"": null}","{""p1"": 0.9968, ""p2"": 0.0, ""p3"": 0.0}",0.9968,0.9968,0.0000000000e+00
mat_0573,PARTIAL_RENORMALIZED,P1,P2+P3,"{""alpha"": 0.45, ""beta"": 0.3, ""gamma"": 0.25}","{""alpha"": 1.0, ""beta"": 0.0, ""gamma"": 0.0}","{""fe"": 0.1, ""cg"": null, ""cf"": null}","{""p1"": 0.1, ""p2"": 0.0, ""p3"": 0.0}",0.1,0.1,0.0000000000e+00
mat_0574,PARTIAL_RENORMALIZED,P1,P2+P3,"{""alpha"": 0.45, ""beta"": 0.3, ""gamma"": 0.25}","{""alpha"": 1.0, ""beta"": 0.0, ""gamma"": 0.0}","{""fe"": 0.9978, ""cg"": null, ""cf"": null}","{""p1"": 0.9978, ""p2"": 0.0, ""p3"": 0.0}",0.9978,0.9978,0.0000000000e+00
mat_0575,PARTIAL_RENORMALIZED,P1,P2+P3,"{""alpha"": 0.45, ""beta"": 0.3, ""gamma"": 0.25}","{""alpha"": 1.0, ""beta"": 0.0, ""gamma"": 0.0}","{""fe"": 0.05, ""cg"": null, ""cf"": null}","{""p1"": 0.05, ""p2"": 0.0, ""p3"": 0.0}",0.05,0.05,0.0000000000e+00
mat_0576,PARTIAL_RENORMALIZED,P1,P2+P3,"{""alpha"": 0.45, ""beta"": 0.3, ""gamma"": 0.25}","{""alpha"": 1.0, ""beta"": 0.0, ""gamma"": 0.0}","{""fe"": 0.9968, ""cg"": null, ""cf"": null}","{""p1"": 0.9968, ""p2"": 0.0, ""p3"": 0.0}",0.9968,0.9968,0.0000000000e+00
mat_0577,PARTIAL_RENORMALIZED,P1,P2+P3,"{""alpha"": 0.45, ""beta"": 0.3, ""gamma"": 0.25}","{""alpha"": 1.0, ""beta"": 0.0, ""gamma"": 0.0}","{""fe"": 0.1, ""cg"": null, ""cf"": null}","{""p1"": 0.1, ""p2"": 0.0, ""p3"": 0.0}",0.1,0.1,0.0000000000e+00
mat_0578,PARTIAL_RENORMALIZED,P1,P2+P3,"{""alpha"": 0.45, ""beta"": 0.3, ""gamma"": 0.25}","{""alpha"": 1.0, ""beta"": 0.0, ""gamma"": 0.0}","{""fe"": 0.9978, ""cg"": null, ""cf"": null}","{""p1"": 0.9978, ""p2"": 0.0, ""p3"": 0.0}",0.9978,0.9978,0.0000000000e+00
mat_0579,PARTIAL_RENORMALIZED,P1,P2+P3,"{""alpha"": 0.45, ""beta"": 0.3, ""gamma"": 0.25}","{""alpha"": 1.0, ""beta"": 0.0, ""gamma"": 0.0}","{""fe"": 0.05, ""cg"": null, ""cf"": null}","{""p1"": 0.05, ""p2"": 0.0, ""p3"": 0.0}",0.05,0.05,0.0000000000e+00
mat_0580,PARTIAL_RENORMALIZED,P1,P2+P3,"{""alpha"": 0.45, ""beta"": 0.3, ""gamma"": 0.25}","{""alpha"": 1.0, ""beta"": 0.0, ""gamma"": 0.0}","{""fe"": 0.9968, ""cg"": null, ""cf"": null}","{""p1"": 0.9968, ""p2"": 0.0, ""p3"": 0.0}",0.9968,0.9968,0.0000000000e+00
mat_0581,PARTIAL_RENORMALIZED,P1,P2+P3,"{""alpha"": 0.45, ""beta"": 0.3, ""gamma"": 0.25}","{""alpha"": 1.0, ""beta"": 0.0, ""gamma"": 0.0}","{""fe"": 0.1, ""cg"": null, ""cf"": null}","{""p1"": 0.1, ""p2"": 0.0, ""p3"": 0.0}",0.1,0.1,0.0000000000e+00
mat_0582,PARTIAL_RENORMALIZED,P1,P2+P3,"{""alpha"": 0.45, ""beta"": 0.3, ""gamma"": 0.25}","{""alpha"": 1.0, ""beta"": 0.0, ""gamma"": 0.0}","{""fe"": 0.9978, ""cg"": null, ""cf"": null}","{""p1"": 0.9978, ""p2"": 0.0, ""p3"": 0.0}",0.9978,0.9978,0.0000000000e+00
mat_0583,PARTIAL_RENORMALIZED,P1,P2+P3,"{""alpha"": 0.45, ""beta"": 0.3, ""gamma"": 0.25}","{""alpha"": 1.0, ""beta"": 0.0, ""gamma"": 0.0}","{""fe"": 0.05, ""cg"": null, ""cf"": null}","{""p1"": 0.05, ""p2"": 0.0, ""p3"": 0.0}",0.05,0.05,0.0000000000e+00
mat_0584,PARTIAL_RENORMALIZED,P1,P2+P3,"{""alpha"": 0.45, ""beta"": 0.3, ""gamma"": 0.25}","{""alpha"": 1.0, ""beta"": 0.0, ""gamma"": 0.0}","{""fe"": 0.9968, ""cg"": null, ""cf"": null}","{""p1"": 0.9968, ""p2"": 0.0, ""p3"": 0.0}",0.9968,0.9968,0.0000000000e+00
mat_0585,PARTIAL_RENORMALIZED,P1,P2+P3,"{""alpha"": 0.45, ""beta"": 0.3, ""gamma"": 0.25}","{""alpha"": 1.0, ""beta"": 0.0, ""gamma"": 0.0}","{""fe"": 0.1, ""cg"": null, ""cf"": null}","{""p1"": 0.1, ""p2"": 0.0, ""p3"": 0.0}",0.1,0.1,0.0000000000e+00
mat_0586,PARTIAL_RENORMALIZED,P1,P2+P3,"{""alpha"": 0.45, ""beta"": 0.3, ""gamma"": 0.25}","{""alpha"": 1.0, ""beta"": 0.0, ""gamma"": 0.0}","{""fe"": 0.9978, ""cg"": null, ""cf"": null}","{""p1"": 0.9978, ""p2"": 0.0, ""p3"": 0.0}",0.9978,0.9978,0.0000000000e+00
mat_0587,PARTIAL_RENORMALIZED,P1,P2+P3,"{""alpha"": 0.45, ""beta"": 0.3, ""gamma"": 0.25}","{""alpha"": 1.0, ""beta"": 0.0, ""gamma"": 0.0}","{""fe"": 0.05, ""cg"": null, ""cf"": null}","{""p1"": 0.05, ""p2"": 0.0, ""p3"": 0.0}",0.05,0.05,0.0000000000e+00
mat_0588,PARTIAL_RENORMALIZED,P1,P2+P3,"{""alpha"": 0.45, ""beta"": 0.3, ""gamma"": 0.25}","{""alpha"": 1.0, ""beta"": 0.0, ""gamma"": 0.0}","{""fe"": 0.9968, ""cg"": null, ""cf"": null}","{""p1"": 0.9968, ""p2"": 0.0, ""p3"": 0.0}",0.9968,0.9968,0.0000000000e+00
mat_0589,PARTIAL_RENORMALIZED,P1,P2+P3,"{""alpha"": 0.45, ""beta"": 0.3, ""gamma"": 0.25}","{""alpha"": 1.0, ""beta"": 0.0, ""gamma"": 0.0}","{""fe"": 0.1, ""cg"": null, ""cf"": null}","{""p1"": 0.1, ""p2"": 0.0, ""p3"": 0.0}",0.1,0.1,0.0000000000e+00
mat_0590,PARTIAL_RENORMALIZED,P1,P2+P3,"{""alpha"": 0.45, ""beta"": 0.3, ""gamma"": 0.25}","{""alpha"": 1.0, ""beta"": 0.0, ""gamma"": 0.0}","{""fe"": 0.9978, ""cg"": null, ""cf"": null}","{""p1"": 0.9978, ""p2"": 0.0, ""p3"": 0.0}",0.9978,0.9978,0.0000000000e+00
mat_0591,PARTIAL_RENORMALIZED,P1,P2+P3,"{""alpha"": 0.45, ""beta"": 0.3, ""gamma"": 0.25}","{""alpha"": 1.0, ""beta"": 0.0, ""gamma"": 0.0}","{""fe"": 0.05, ""cg"": null, ""cf"": null}","{""p1"": 0.05, ""p2"": 0.0, ""p3"": 0.0}",0.05,0.05,0.0000000000e+00
mat_0592,PARTIAL_RENORMALIZED,P1,P2+P3,"{""alpha"": 0.45, ""beta"": 0.3, ""gamma"": 0.25}","{""alpha"": 1.0, ""beta"": 0.0, ""gamma"": 0.0}","{""fe"": 0.9968, ""cg"": null, ""cf"": null}","{""p1"": 0.9968, ""p2"": 0.0, ""p3"": 0.0}",0.9968,0.9968,0.0000000000e+00
mat_0593,PARTIAL_RENORMALIZED,P1,P2+P3,"{""alpha"": 0.45, ""beta"": 0.3, ""gamma"": 0.25}","{""alpha"": 1.0, ""beta"": 0.0, ""gamma"": 0.0}","{""fe"": 0.1, ""cg"": null, ""cf"": null}","{""p1"": 0.1, ""p2"": 0.0, ""p3"": 0.0}",0.1,0.1,0.0000000000e+00
mat_0594,PARTIAL_RENORMALIZED,P1,P2+P3,"{""alpha"": 0.45, ""beta"": 0.3, ""gamma"": 0.25}","{""alpha"": 1.0, ""beta"": 0.0, ""gamma"": 0.0}","{""fe"": 0.9978, ""cg"": null, ""cf"": null}","{""p1"": 0.9978, ""p2"": 0.0, ""p3"": 0.0}",0.9978,0.9978,0.0000000000e+00
mat_0595,PARTIAL_RENORMALIZED,P1,P2+P3,"{""alpha"": 0.45, ""beta"": 0.3, ""gamma"": 0.25}","{""alpha"": 1.0, ""beta"": 0.0, ""gamma"": 0.0}","{""fe"": 0.05, ""cg"": null, ""cf"": null}","{""p1"": 0.05, ""p2"": 0.0, ""p3"": 0.0}",0.05,0.05,0.0000000000e+00
mat_0596,PARTIAL_RENORMALIZED,P1,P2+P3,"{""alpha"": 0.45, ""beta"": 0.3, ""gamma"": 0.25}","{""alpha"": 1.0, ""beta"": 0.0, ""gamma"": 0.0}","{""fe"": 0.9968, ""cg"": null, ""cf"": null}","{""p1"": 0.9968, ""p2"": 0.0, ""p3"": 0.0}",0.9968,0.9968,0.0000000000e+00
mat_0597,PARTIAL_RENORMALIZED,P1,P2+P3,"{""alpha"": 0.45, ""beta"": 0.3, ""gamma"": 0.25}","{""alpha"": 1.0, ""beta"": 0.0, ""gamma"": 0.0}","{""fe"": 0.1, ""cg"": null, ""cf"": null}","{""p1"": 0.1, ""p2"": 0.0, ""p3"": 0.0}",0.1,0.1,0.0000000000e+00
mat_0598,PARTIAL_RENORMALIZED,P1,P2+P3,"{""alpha"": 0.45, ""beta"": 0.3, ""gamma"": 0.25}","{""alpha"": 1.0, ""beta"": 0.0, ""gamma"": 0.0}","{""fe"": 0.9978, ""cg"": null, ""cf"": null}","{""p1"": 0.9978, ""p2"": 0.0, ""p3"": 0.0}",0.9978,0.9978,0.0000000000e+00
mat_0599,PARTIAL_RENORMALIZED,P1,P2+P3,"{""alpha"": 0.45, ""beta"": 0.3, ""gamma"": 0.25}","{""alpha"": 1.0, ""beta"": 0.0, ""gamma"": 0.0}","{""fe"": 0.05, ""cg"": null, ""cf"": null}","{""p1"": 0.05, ""p2"": 0.0, ""p3"": 0.0}",0.05,0.05,0.0000000000e+00
mat_0600,PARTIAL_RENORMALIZED,P1,P2+P3,"{""alpha"": 0.45, ""beta"": 0.3, ""gamma"": 0.25}","{""alpha"": 1.0, ""beta"": 0.0, ""gamma"": 0.0}","{""fe"": 0.9968, ""cg"": null, ""cf"": null}","{""p1"": 0.9968, ""p2"": 0.0, ""p3"": 0.0}",0.9968,0.9968,0.0000000000e+00
geo_0601,PARTIAL_RENORMALIZED,P1,P2+P3,"{""alpha"": 0.45, ""beta"": 0.3, ""gamma"": 0.25}","{""alpha"": 1.0, ""beta"": 0.0, ""gamma"": 0.0}","{""fe"": 0.0359, ""cg"": null, ""cf"": null}","{""p1"": 0.0359, ""p2"": 0.0, ""p3"": 0.0}",0.0359,0.0359,0.0000000000e+00
geo_0602,PARTIAL_RENORMALIZED,P1,P2+P3,"{""alpha"": 0.45, ""beta"": 0.3, ""gamma"": 0.25}","{""alpha"": 1.0, ""beta"": 0.0, ""gamma"": 0.0}","{""fe"": 0.9993, ""cg"": null, ""cf"": null}","{""p1"": 0.9993, ""p2"": 0.0, ""p3"": 0.0}",0.9993,0.9993,0.0000000000e+00
geo_0603,PARTIAL_RENORMALIZED,P1,P2+P3,"{""alpha"": 0.45, ""beta"": 0.3, ""gamma"": 0.25}","{""alpha"": 1.0, ""beta"": 0.0, ""gamma"": 0.0}","{""fe"": 0.0196, ""cg"": null, ""cf"": null}","{""p1"": 0.0196, ""p2"": 0.0, ""p3"": 0.0}",0.0196,0.0196,0.0000000000e+00
geo_0604,PARTIAL_RENORMALIZED,P1,P2+P3,"{""alpha"": 0.45, ""beta"": 0.3, ""gamma"": 0.25}","{""alpha"": 1.0, ""beta"": 0.0, ""gamma"": 0.0}","{""fe"": 0.9996, ""cg"": null, ""cf"": null}","{""p1"": 0.9996, ""p2"": 0.0, ""p3"": 0.0}",0.9996,0.9996,0.0000000000e+00
geo_0605,PARTIAL_RENORMALIZED,P1,P2+P3,"{""alpha"": 0.45, ""beta"": 0.3, ""gamma"": 0.25}","{""alpha"": 1.0, ""beta"": 0.0, ""gamma"": 0.0}","{""fe"": 0.0359, ""cg"": null, ""cf"": null}","{""p1"": 0.0359, ""p2"": 0.0, ""p3"": 0.0}",0.0359,0.0359,0.0000000000e+00
geo_0606,PARTIAL_RENORMALIZED,P1,P2+P3,"{""alpha"": 0.45, ""beta"": 0.3, ""gamma"": 0.25}","{""alpha"": 1.0, ""beta"": 0.0, ""gamma"": 0.0}","{""fe"": 0.9993, ""cg"": null, ""cf"": null}","{""p1"": 0.9993, ""p2"": 0.0, ""p3"": 0.0}",0.9993,0.9993,0.0000000000e+00
geo_0607,PARTIAL_RENORMALIZED,P1,P2+P3,"{""alpha"": 0.45, ""beta"": 0.3, ""gamma"": 0.25}","{""alpha"": 1.0, ""beta"": 0.0, ""gamma"": 0.0}","{""fe"": 0.0196, ""cg"": null, ""cf"": null}","{""p1"": 0.0196, ""p2"": 0.0, ""p3"": 0.0}",0.0196,0.0196,0.0000000000e+00
geo_0608,PARTIAL_RENORMALIZED,P1,P2+P3,"{""alpha"": 0.45, ""beta"": 0.3, ""gamma"": 0.25}","{""alpha"": 1.0, ""beta"": 0.0, ""gamma"": 0.0}","{""fe"": 0.9996, ""cg"": null, ""cf"": null}","{""p1"": 0.9996, ""p2"": 0.0, ""p3"": 0.0}",0.9996,0.9996,0.0000000000e+00
geo_0609,PARTIAL_RENORMALIZED,P1,P2+P3,"{""alpha"": 0.45, ""beta"": 0.3, ""gamma"": 0.25}","{""alpha"": 1.0, ""beta"": 0.0, ""gamma"": 0.0}","{""fe"": 0.0359, ""cg"": null, ""cf"": null}","{""p1"": 0.0359, ""p2"": 0.0, ""p3"": 0.0}",0.0359,0.0359,0.0000000000e+00
geo_0610,PARTIAL_RENORMALIZED,P1,P2+P3,"{""alpha"": 0.45, ""beta"": 0.3, ""gamma"": 0.25}","{""alpha"": 1.0, ""beta"": 0.0, ""gamma"": 0.0}","{""fe"": 0.9993, ""cg"": null, ""cf"": null}","{""p1"": 0.9993, ""p2"": 0.0, ""p3"": 0.0}",0.9993,0.9993,0.0000000000e+00
geo_0611,PARTIAL_RENORMALIZED,P1,P2+P3,"{""alpha"": 0.45, ""beta"": 0.3, ""gamma"": 0.25}","{""alpha"": 1.0, ""beta"": 0.0, ""gamma"": 0.0}","{""fe"": 0.0196, ""cg"": null, ""cf"": null}","{""p1"": 0.0196, ""p2"": 0.0, ""p3"": 0.0}",0.0196,0.0196,0.0000000000e+00
geo_0612,PARTIAL_RENORMALIZED,P1,P2+P3,"{""alpha"": 0.45, ""beta"": 0.3, ""gamma"": 0.25}","{""alpha"": 1.0, ""beta"": 0.0, ""gamma"": 0.0}","{""fe"": 0.9996, ""cg"": null, ""cf"": null}","{""p1"": 0.9996, ""p2"": 0.0, ""p3"": 0.0}",0.9996,0.9996,0.0000000000e+00
geo_0613,PARTIAL_RENORMALIZED,P1,P2+P3,"{""alpha"": 0.45, ""beta"": 0.3, ""gamma"": 0.25}","{""alpha"": 1.0, ""beta"": 0.0, ""gamma"": 0.0}","{""fe"": 0.0359, ""cg"": null, ""cf"": null}","{""p1"": 0.0359, ""p2"": 0.0, ""p3"": 0.0}",0.0359,0.0359,0.0000000000e+00
geo_0614,PARTIAL_RENORMALIZED,P1,P2+P3,"{""alpha"": 0.45, ""beta"": 0.3, ""gamma"": 0.25}","{""alpha"": 1.0, ""beta"": 0.0, ""gamma"": 0.0}","{""fe"": 0.9993, ""cg"": null, ""cf"": null}","{""p1"": 0.9993, ""p2"": 0.0, ""p3"": 0.0}",0.9993,0.9993,0.0000000000e+00
geo_0615,PARTIAL_RENORMALIZED,P1,P2+P3,"{""alpha"": 0.45, ""beta"": 0.3, ""gamma"": 0.25}","{""alpha"": 1.0, ""beta"": 0.0, ""gamma"": 0.0}","{""fe"": 0.0196, ""cg"": null, ""cf"": null}","{""p1"": 0.0196, ""p2"": 0.0, ""p3"": 0.0}",0.0196,0.0196,0.0000000000e+00
geo_0616,PARTIAL_RENORMALIZED,P1,P2+P3,"{""alpha"": 0.45, ""beta"": 0.3, ""gamma"": 0.25}","{""alpha"": 1.0, ""beta"": 0.0, ""gamma"": 0.0}","{""fe"": 0.9996, ""cg"": null, ""cf"": null}","{""p1"": 0.9996, ""p2"": 0.0, ""p3"": 0.0}",0.9996,0.9996,0.0000000000e+00
geo_0617,PARTIAL_RENORMALIZED,P1,P2+P3,"{""alpha"": 0.45, ""beta"": 0.3, ""gamma"": 0.25}","{""alpha"": 1.0, ""beta"": 0.0, ""gamma"": 0.0}","{""fe"": 0.0359, ""cg"": null, ""cf"": null}","{""p1"": 0.0359, ""p2"": 0.0, ""p3"": 0.0}",0.0359,0.0359,0.0000000000e+00
geo_0618,PARTIAL_RENORMALIZED,P1,P2+P3,"{""alpha"": 0.45, ""beta"": 0.3, ""gamma"": 0.25}","{""alpha"": 1.0, ""beta"": 0.0, ""gamma"": 0.0}","{""fe"": 0.9993, ""cg"": null, ""cf"": null}","{""p1"": 0.9993, ""p2"": 0.0, ""p3"": 0.0}",0.9993,0.9993,0.0000000000e+00
geo_0619,PARTIAL_RENORMALIZED,P1,P2+P3,"{""alpha"": 0.45, ""beta"": 0.3, ""gamma"": 0.25}","{""alpha"": 1.0, ""beta"": 0.0, ""gamma"": 0.0}","{""fe"": 0.0196, ""cg"": null, ""cf"": null}","{""p1"": 0.0196, ""p2"": 0.0, ""p3"": 0.0}",0.0196,0.0196,0.0000000000e+00
geo_0620,PARTIAL_RENORMALIZED,P1,P2+P3,"{""alpha"": 0.45, ""beta"": 0.3, ""gamma"": 0.25}","{""alpha"": 1.0, ""beta"": 0.0, ""gamma"": 0.0}","{""fe"": 0.9996, ""cg"": null, ""cf"": null}","{""p1"": 0.9996, ""p2"": 0.0, ""p3"": 0.0}",0.9996,0.9996,0.0000000000e+00
geo_0621,PARTIAL_RENORMALIZED,P1,P2+P3,"{""alpha"": 0.45, ""beta"": 0.3, ""gamma"": 0.25}","{""alpha"": 1.0, ""beta"": 0.0, ""gamma"": 0.0}","{""fe"": 0.0359, ""cg"": null, ""cf"": null}","{""p1"": 0.0359, ""p2"": 0.0, ""p3"": 0.0}",0.0359,0.0359,0.0000000000e+00
geo_0622,PARTIAL_RENORMALIZED,P1,P2+P3,"{""alpha"": 0.45, ""beta"": 0.3, ""gamma"": 0.25}","{""alpha"": 1.0, ""beta"": 0.0, ""gamma"": 0.0}","{""fe"": 0.9993, ""cg"": null, ""cf"": null}","{""p1"": 0.9993, ""p2"": 0.0, ""p3"": 0.0}",0.9993,0.9993,0.0000000000e+00
geo_0623,PARTIAL_RENORMALIZED,P1,P2+P3,"{""alpha"": 0.45, ""beta"": 0.3, ""gamma"": 0.25}","{""alpha"": 1.0, ""beta"": 0.0, ""gamma"": 0.0}","{""fe"": 0.0196, ""cg"": null, ""cf"": null}","{""p1"": 0.0196, ""p2"": 0.0, ""p3"": 0.0}",0.0196,0.0196,0.0000000000e+00
geo_0624,PARTIAL_RENORMALIZED,P1,P2+P3,"{""alpha"": 0.45, ""beta"": 0.3, ""gamma"": 0.25}","{""alpha"": 1.0, ""beta"": 0.0, ""gamma"": 0.0}","{""fe"": 0.9996, ""cg"": null, ""cf"": null}","{""p1"": 0.9996, ""p2"": 0.0, ""p3"": 0.0}",0.9996,0.9996,0.0000000000e+00
geo_0625,PARTIAL_RENORMALIZED,P1,P2+P3,"{""alpha"": 0.45, ""beta"": 0.3, ""gamma"": 0.25}","{""alpha"": 1.0, ""beta"": 0.0, ""gamma"": 0.0}","{""fe"": 0.0359, ""cg"": null, ""cf"": null}","{""p1"": 0.0359, ""p2"": 0.0, ""p3"": 0.0}",0.0359,0.0359,0.0000000000e+00
geo_0626,PARTIAL_RENORMALIZED,P1,P2+P3,"{""alpha"": 0.45, ""beta"": 0.3, ""gamma"": 0.25}","{""alpha"": 1.0, ""beta"": 0.0, ""gamma"": 0.0}","{""fe"": 0.9993, ""cg"": null, ""cf"": null}","{""p1"": 0.9993, ""p2"": 0.0, ""p3"": 0.0}",0.9993,0.9993,0.0000000000e+00
geo_0627,PARTIAL_RENORMALIZED,P1,P2+P3,"{""alpha"": 0.45, ""beta"": 0.3, ""gamma"": 0.25}","{""alpha"": 1.0, ""beta"": 0.0, ""gamma"": 0.0}","{""fe"": 0.0196, ""cg"": null, ""cf"": null}","{""p1"": 0.0196, ""p2"": 0.0, ""p3"": 0.0}",0.0196,0.0196,0.0000000000e+00
geo_0628,PARTIAL_RENORMALIZED,P1,P2+P3,"{""alpha"": 0.45, ""beta"": 0.3, ""gamma"": 0.25}","{""alpha"": 1.0, ""beta"": 0.0, ""gamma"": 0.0}","{""fe"": 0.9996, ""cg"": null, ""cf"": null}","{""p1"": 0.9996, ""p2"": 0.0, ""p3"": 0.0}",0.9996,0.9996,0.0000000000e+00
geo_0629,PARTIAL_RENORMALIZED,P1,P2+P3,"{""alpha"": 0.45, ""beta"": 0.3, ""gamma"": 0.25}","{""alpha"": 1.0, ""beta"": 0.0, ""gamma"": 0.0}","{""fe"": 0.0359, ""cg"": null, ""cf"": null}","{""p1"": 0.0359, ""p2"": 0.0, ""p3"": 0.0}",0.0359,0.0359,0.0000000000e+00
geo_0630,PARTIAL_RENORMALIZED,P1,P2+P3,"{""alpha"": 0.45, ""beta"": 0.3, ""gamma"": 0.25}","{""alpha"": 1.0, ""beta"": 0.0, ""gamma"": 0.0}","{""fe"": 0.9993, ""cg"": null, ""cf"": null}","{""p1"": 0.9993, ""p2"": 0.0, ""p3"": 0.0}",0.9993,0.9993,0.0000000000e+00
geo_0631,PARTIAL_RENORMALIZED,P1,P2+P3,"{""alpha"": 0.45, ""beta"": 0.3, ""gamma"": 0.25}","{""alpha"": 1.0, ""beta"": 0.0, ""gamma"": 0.0}","{""fe"": 0.0196, ""cg"": null, ""cf"": null}","{""p1"": 0.0196, ""p2"": 0.0, ""p3"": 0.0}",0.0196,0.0196,0.0000000000e+00
geo_0632,PARTIAL_RENORMALIZED,P1,P2+P3,"{""alpha"": 0.45, ""beta"": 0.3, ""gamma"": 0.25}","{""alpha"": 1.0, ""beta"": 0.0, ""gamma"": 0.0}","{""fe"": 0.9996, ""cg"": null, ""cf"": null}","{""p1"": 0.9996, ""p2"": 0.0, ""p3"": 0.0}",0.9996,0.9996,0.0000000000e+00
geo_0633,PARTIAL_RENORMALIZED,P1,P2+P3,"{""alpha"": 0.45, ""beta"": 0.3, ""gamma"": 0.25}","{""alpha"": 1.0, ""beta"": 0.0, ""gamma"": 0.0}","{""fe"": 0.0359, ""cg"": null, ""cf"": null}","{""p1"": 0.0359, ""p2"": 0.0, ""p3"": 0.0}",0.0359,0.0359,0.0000000000e+00
geo_0634,PARTIAL_RENORMALIZED,P1,P2+P3,"{""alpha"": 0.45, ""beta"": 0.3, ""gamma"": 0.25}","{""alpha"": 1.0, ""beta"": 0.0, ""gamma"": 0.0}","{""fe"": 0.9993, ""cg"": null, ""cf"": null}","{""p1"": 0.9993, ""p2"": 0.0, ""p3"": 0.0}",0.9993,0.9993,0.0000000000e+00
geo_0635,PARTIAL_RENORMALIZED,P1,P2+P3,"{""alpha"": 0.45, ""beta"": 0.3, ""gamma"": 0.25}","{""alpha"": 1.0, ""beta"": 0.0, ""gamma"": 0.0}","{""fe"": 0.0196, ""cg"": null, ""cf"": null}","{""p1"": 0.0196, ""p2"": 0.0, ""p3"": 0.0}",0.0196,0.0196,0.0000000000e+00
geo_0636,PARTIAL_RENORMALIZED,P1,P2+P3,"{""alpha"": 0.45, ""beta"": 0.3, ""gamma"": 0.25}","{""alpha"": 1.0, ""beta"": 0.0, ""gamma"": 0.0}","{""fe"": 0.9996, ""cg"": null, ""cf"": null}","{""p1"": 0.9996, ""p2"": 0.0, ""p3"": 0.0}",0.9996,0.9996,0.0000000000e+00
geo_0637,PARTIAL_RENORMALIZED,P1,P2+P3,"{""alpha"": 0.45, ""beta"": 0.3, ""gamma"": 0.25}","{""alpha"": 1.0, ""beta"": 0.0, ""gamma"": 0.0}","{""fe"": 0.0359, ""cg"": null, ""cf"": null}","{""p1"": 0.0359, ""p2"": 0.0, ""p3"": 0.0}",0.0359,0.0359,0.0000000000e+00
geo_0638,PARTIAL_RENORMALIZED,P1,P2+P3,"{""alpha"": 0.45, ""beta"": 0.3, ""gamma"": 0.25}","{""alpha"": 1.0, ""beta"": 0.0, ""gamma"": 0.0}","{""fe"": 0.9993, ""cg"": null, ""cf"": null}","{""p1"": 0.9993, ""p2"": 0.0, ""p3"": 0.0}",0.9993,0.9993,0.0000000000e+00
geo_0639,PARTIAL_RENORMALIZED,P1,P2+P3,"{""alpha"": 0.45, ""beta"": 0.3, ""gamma"": 0.25}","{""alpha"": 1.0, ""beta"": 0.0, ""gamma"": 0.0}","{""fe"": 0.0196, ""cg"": null, ""cf"": null}","{""p1"": 0.0196, ""p2"": 0.0, ""p3"": 0.0}",0.0196,0.0196,0.0000000000e+00
geo_0640,PARTIAL_RENORMALIZED,P1,P2+P3,"{""alpha"": 0.45, ""beta"": 0.3, ""gamma"": 0.25}","{""alpha"": 1.0, ""beta"": 0.0, ""gamma"": 0.0}","{""fe"": 0.9996, ""cg"": null, ""cf"": null}","{""p1"": 0.9996, ""p2"": 0.0, ""p3"": 0.0}",0.9996,0.9996,0.0000000000e+00
geo_0641,PARTIAL_RENORMALIZED,P1,P2+P3,"{""alpha"": 0.45, ""beta"": 0.3, ""gamma"": 0.25}","{""alpha"": 1.0, ""beta"": 0.0, ""gamma"": 0.0}","{""fe"": 0.0359, ""cg"": null, ""cf"": null}","{""p1"": 0.0359, ""p2"": 0.0, ""p3"": 0.0}",0.0359,0.0359,0.0000000000e+00
geo_0642,PARTIAL_RENORMALIZED,P1,P2+P3,"{""alpha"": 0.45, ""beta"": 0.3, ""gamma"": 0.25}","{""alpha"": 1.0, ""beta"": 0.0, ""gamma"": 0.0}","{""fe"": 0.9993, ""cg"": null, ""cf"": null}","{""p1"": 0.9993, ""p2"": 0.0, ""p3"": 0.0}",0.9993,0.9993,0.0000000000e+00
geo_0643,PARTIAL_RENORMALIZED,P1,P2+P3,"{""alpha"": 0.45, ""beta"": 0.3, ""gamma"": 0.25}","{""alpha"": 1.0, ""beta"": 0.0, ""gamma"": 0.0}","{""fe"": 0.0196, ""cg"": null, ""cf"": null}","{""p1"": 0.0196, ""p2"": 0.0, ""p3"": 0.0}",0.0196,0.0196,0.0000000000e+00
geo_0644,PARTIAL_RENORMALIZED,P1,P2+P3,"{""alpha"": 0.45, ""beta"": 0.3, ""gamma"": 0.25}","{""alpha"": 1.0, ""beta"": 0.0, ""gamma"": 0.0}","{""fe"": 0.9996, ""cg"": null, ""cf"": null}","{""p1"": 0.9996, ""p2"": 0.0, ""p3"": 0.0}",0.9996,0.9996,0.0000000000e+00
geo_0645,PARTIAL_RENORMALIZED,P1,P2+P3,"{""alpha"": 0.45, ""beta"": 0.3, ""gamma"": 0.25}","{""alpha"": 1.0, ""beta"": 0.0, ""gamma"": 0.0}","{""fe"": 0.0359, ""cg"": null, ""cf"": null}","{""p1"": 0.0359, ""p2"": 0.0, ""p3"": 0.0}",0.0359,0.0359,0.0000000000e+00
geo_0646,PARTIAL_RENORMALIZED,P1,P2+P3,"{""alpha"": 0.45, ""beta"": 0.3, ""gamma"": 0.25}","{""alpha"": 1.0, ""beta"": 0.0, ""gamma"": 0.0}","{""fe"": 0.9993, ""cg"": null, ""cf"": null}","{""p1"": 0.9993, ""p2"": 0.0, ""p3"": 0.0}",0.9993,0.9993,0.0000000000e+00
geo_0647,PARTIAL_RENORMALIZED,P1,P2+P3,"{""alpha"": 0.45, ""beta"": 0.3, ""gamma"": 0.25}","{""alpha"": 1.0, ""beta"": 0.0, ""gamma"": 0.0}","{""fe"": 0.0196, ""cg"": null, ""cf"": null}","{""p1"": 0.0196, ""p2"": 0.0, ""p3"": 0.0}",0.0196,0.0196,0.0000000000e+00
geo_0648,PARTIAL_RENORMALIZED,P1,P2+P3,"{""alpha"": 0.45, ""beta"": 0.3, ""gamma"": 0.25}","{""alpha"": 1.0, ""beta"": 0.0, ""gamma"": 0.0}","{""fe"": 0.9996, ""cg"": null, ""cf"": null}","{""p1"": 0.9996, ""p2"": 0.0, ""p3"": 0.0}",0.9996,0.9996,0.0000000000e+00
geo_0649,PARTIAL_RENORMALIZED,P1,P2+P3,"{""alpha"": 0.45, ""beta"": 0.3, ""gamma"": 0.25}","{""alpha"": 1.0, ""beta"": 0.0, ""gamma"": 0.0}","{""fe"": 0.0359, ""cg"": null, ""cf"": null}","{""p1"": 0.0359, ""p2"": 0.0, ""p3"": 0.0}",0.0359,0.0359,0.0000000000e+00
geo_0650,PARTIAL_RENORMALIZED,P1,P2+P3,"{""alpha"": 0.45, ""beta"": 0.3, ""gamma"": 0.25}","{""alpha"": 1.0, ""beta"": 0.0, ""gamma"": 0.0}","{""fe"": 0.9993, ""cg"": null, ""cf"": null}","{""p1"": 0.9993, ""p2"": 0.0, ""p3"": 0.0}",0.9993,0.9993,0.0000000000e+00
pol_0651,PARTIAL_RENORMALIZED,P1,P2+P3,"{""alpha"": 0.45, ""beta"": 0.3, ""gamma"": 0.25}","{""alpha"": 1.0, ""beta"": 0.0, ""gamma"": 0.0}","{""fe"": 0.4026, ""cg"": null, ""cf"": null}","{""p1"": 0.4026, ""p2"": 0.0, ""p3"": 0.0}",0.4026,0.4026,0.0000000000e+00
pol_0652,PARTIAL_RENORMALIZED,P1,P2+P3,"{""alpha"": 0.45, ""beta"": 0.3, ""gamma"": 0.25}","{""alpha"": 1.0, ""beta"": 0.0, ""gamma"": 0.0}","{""fe"": 0.1333, ""cg"": null, ""cf"": null}","{""p1"": 0.1333, ""p2"": 0.0, ""p3"": 0.0}",0.1333,0.1333,0.0000000000e+00
pol_0653,PARTIAL_RENORMALIZED,P1,P2+P3,"{""alpha"": 0.45, ""beta"": 0.3, ""gamma"": 0.25}","{""alpha"": 1.0, ""beta"": 0.0, ""gamma"": 0.0}","{""fe"": 0.1162, ""cg"": null, ""cf"": null}","{""p1"": 0.1162, ""p2"": 0.0, ""p3"": 0.0}",0.1162,0.1162,0.0000000000e+00
pol_0654,PARTIAL_RENORMALIZED,P1,P2+P3,"{""alpha"": 0.45, ""beta"": 0.3, ""gamma"": 0.25}","{""alpha"": 1.0, ""beta"": 0.0, ""gamma"": 0.0}","{""fe"": 0.9069, ""cg"": null, ""cf"": null}","{""p1"": 0.9069, ""p2"": 0.0, ""p3"": 0.0}",0.9069,0.9069,0.0000000000e+00
pol_0655,PARTIAL_RENORMALIZED,P1,P2+P3,"{""alpha"": 0.45, ""beta"": 0.3, ""gamma"": 0.25}","{""alpha"": 1.0, ""beta"": 0.0, ""gamma"": 0.0}","{""fe"": 0.4026, ""cg"": null, ""cf"": null}","{""p1"": 0.4026, ""p2"": 0.0, ""p3"": 0.0}",0.4026,0.4026,0.0000000000e+00
pol_0656,PARTIAL_RENORMALIZED,P1,P2+P3,"{""alpha"": 0.45, ""beta"": 0.3, ""gamma"": 0.25}","{""alpha"": 1.0, ""beta"": 0.0, ""gamma"": 0.0}","{""fe"": 0.1333, ""cg"": null, ""cf"": null}","{""p1"": 0.1333, ""p2"": 0.0, ""p3"": 0.0}",0.1333,0.1333,0.0000000000e+00
pol_0657,PARTIAL_RENORMALIZED,P1,P2+P3,"{""alpha"": 0.45, ""beta"": 0.3, ""gamma"": 0.25}","{""alpha"": 1.0, ""beta"": 0.0, ""gamma"": 0.0}","{""fe"": 0.1162, ""cg"": null, ""cf"": null}","{""p1"": 0.1162, ""p2"": 0.0, ""p3"": 0.0}",0.1162,0.1162,0.0000000000e+00
pol_0658,PARTIAL_RENORMALIZED,P1,P2+P3,"{""alpha"": 0.45, ""beta"": 0.3, ""gamma"": 0.25}","{""alpha"": 1.0, ""beta"": 0.0, ""gamma"": 0.0}","{""fe"": 0.9069, ""cg"": null, ""cf"": null}","{""p1"": 0.9069, ""p2"": 0.0, ""p3"": 0.0}",0.9069,0.9069,0.0000000000e+00
pol_0659,PARTIAL_RENORMALIZED,P1,P2+P3,"{""alpha"": 0.45, ""beta"": 0.3, ""gamma"": 0.25}","{""alpha"": 1.0, ""beta"": 0.0, ""gamma"": 0.0}","{""fe"": 0.4026, ""cg"": null, ""cf"": null}","{""p1"": 0.4026, ""p2"": 0.0, ""p3"": 0.0}",0.4026,0.4026,0.0000000000e+00
pol_0660,PARTIAL_RENORMALIZED,P1,P2+P3,"{""alpha"": 0.45, ""beta"": 0.3, ""gamma"": 0.25}","{""alpha"": 1.0, ""beta"": 0.0, ""gamma"": 0.0}","{""fe"": 0.1333, ""cg"": null, ""cf"": null}","{""p1"": 0.1333, ""p2"": 0.0, ""p3"": 0.0}",0.1333,0.1333,0.0000000000e+00
pol_0661,PARTIAL_RENORMALIZED,P1,P2+P3,"{""alpha"": 0.45, ""beta"": 0.3, ""gamma"": 0.25}","{""alpha"": 1.0, ""beta"": 0.0, ""gamma"": 0.0}","{""fe"": 0.1162, ""cg"": null, ""cf"": null}","{""p1"": 0.1162, ""p2"": 0.0, ""p3"": 0.0}",0.1162,0.1162,0.0000000000e+00
pol_0662,PARTIAL_RENORMALIZED,P1,P2+P3,"{""alpha"": 0.45, ""beta"": 0.3, ""gamma"": 0.25}","{""alpha"": 1.0, ""beta"": 0.0, ""gamma"": 0.0}","{""fe"": 0.9069, ""cg"": null, ""cf"": null}","{""p1"": 0.9069, ""p2"": 0.0, ""p3"": 0.0}",0.9069,0.9069,0.0000000000e+00
pol_0663,PARTIAL_RENORMALIZED,P1,P2+P3,"{""alpha"": 0.45, ""beta"": 0.3, ""gamma"": 0.25}","{""alpha"": 1.0, ""beta"": 0.0, ""gamma"": 0.0}","{""fe"": 0.4026, ""cg"": null, ""cf"": null}","{""p1"": 0.4026, ""p2"": 0.0, ""p3"": 0.0}",0.4026,0.4026,0.0000000000e+00
pol_0664,PARTIAL_RENORMALIZED,P1,P2+P3,"{""alpha"": 0.45, ""beta"": 0.3, ""gamma"": 0.25}","{""alpha"": 1.0, ""beta"": 0.0, ""gamma"": 0.0}","{""fe"": 0.1333, ""cg"": null, ""cf"": null}","{""p1"": 0.1333, ""p2"": 0.0, ""p3"": 0.0}",0.1333,0.1333,0.0000000000e+00
pol_0665,PARTIAL_RENORMALIZED,P1,P2+P3,"{""alpha"": 0.45, ""beta"": 0.3, ""gamma"": 0.25}","{""alpha"": 1.0, ""beta"": 0.0, ""gamma"": 0.0}","{""fe"": 0.1162, ""cg"": null, ""cf"": null}","{""p1"": 0.1162, ""p2"": 0.0, ""p3"": 0.0}",0.1162,0.1162,0.0000000000e+00
pol_0666,PARTIAL_RENORMALIZED,P1,P2+P3,"{""alpha"": 0.45, ""beta"": 0.3, ""gamma"": 0.25}","{""alpha"": 1.0, ""beta"": 0.0, ""gamma"": 0.0}","{""fe"": 0.9069, ""cg"": null, ""cf"": null}","{""p1"": 0.9069, ""p2"": 0.0, ""p3"": 0.0}",0.9069,0.9069,0.0000000000e+00
pol_0667,PARTIAL_RENORMALIZED,P1,P2+P3,"{""alpha"": 0.45, ""beta"": 0.3, ""gamma"": 0.25}","{""alpha"": 1.0, ""beta"": 0.0, ""gamma"": 0.0}","{""fe"": 0.4026, ""cg"": null, ""cf"": null}","{""p1"": 0.4026, ""p2"": 0.0, ""p3"": 0.0}",0.4026,0.4026,0.0000000000e+00
pol_0668,PARTIAL_RENORMALIZED,P1,P2+P3,"{""alpha"": 0.45, ""beta"": 0.3, ""gamma"": 0.25}","{""alpha"": 1.0, ""beta"": 0.0, ""gamma"": 0.0}","{""fe"": 0.1333, ""cg"": null, ""cf"": null}","{""p1"": 0.1333, ""p2"": 0.0, ""p3"": 0.0}",0.1333,0.1333,0.0000000000e+00
pol_0669,PARTIAL_RENORMALIZED,P1,P2+P3,"{""alpha"": 0.45, ""beta"": 0.3, ""gamma"": 0.25}","{""alpha"": 1.0, ""beta"": 0.0, ""gamma"": 0.0}","{""fe"": 0.1162, ""cg"": null, ""cf"": null}","{""p1"": 0.1162, ""p2"": 0.0, ""p3"": 0.0}",0.1162,0.1162,0.0000000000e+00
pol_0670,PARTIAL_RENORMALIZED,P1,P2+P3,"{""alpha"": 0.45, ""beta"": 0.3, ""gamma"": 0.25}","{""alpha"": 1.0, ""beta"": 0.0, ""gamma"": 0.0}","{""fe"": 0.9069, ""cg"": null, ""cf"": null}","{""p1"": 0.9069, ""p2"": 0.0, ""p3"": 0.0}",0.9069,0.9069,0.0000000000e+00
pol_0671,PARTIAL_RENORMALIZED,P1,P2+P3,"{""alpha"": 0.45, ""beta"": 0.3, ""gamma"": 0.25}","{""alpha"": 1.0, ""beta"": 0.0, ""gamma"": 0.0}","{""fe"": 0.4026, ""cg"": null, ""cf"": null}","{""p1"": 0.4026, ""p2"": 0.0, ""p3"": 0.0}",0.4026,0.4026,0.0000000000e+00
pol_0672,PARTIAL_RENORMALIZED,P1,P2+P3,"{""alpha"": 0.45, ""beta"": 0.3, ""gamma"": 0.25}","{""alpha"": 1.0, ""beta"": 0.0, ""gamma"": 0.0}","{""fe"": 0.1333, ""cg"": null, ""cf"": null}","{""p1"": 0.1333, ""p2"": 0.0, ""p3"": 0.0}",0.1333,0.1333,0.0000000000e+00
pol_0673,PARTIAL_RENORMALIZED,P1,P2+P3,"{""alpha"": 0.45, ""beta"": 0.3, ""gamma"": 0.25}","{""alpha"": 1.0, ""beta"": 0.0, ""gamma"": 0.0}","{""fe"": 0.1162, ""cg"": null, ""cf"": null}","{""p1"": 0.1162, ""p2"": 0.0, ""p3"": 0.0}",0.1162,0.1162,0.0000000000e+00
pol_0674,PARTIAL_RENORMALIZED,P1,P2+P3,"{""alpha"": 0.45, ""beta"": 0.3, ""gamma"": 0.25}","{""alpha"": 1.0, ""beta"": 0.0, ""gamma"": 0.0}","{""fe"": 0.9069, ""cg"": null, ""cf"": null}","{""p1"": 0.9069, ""p2"": 0.0, ""p3"": 0.0}",0.9069,0.9069,0.0000000000e+00
pol_0675,PARTIAL_RENORMALIZED,P1,P2+P3,"{""alpha"": 0.45, ""beta"": 0.3, ""gamma"": 0.25}","{""alpha"": 1.0, ""beta"": 0.0, ""gamma"": 0.0}","{""fe"": 0.4026, ""cg"": null, ""cf"": null}","{""p1"": 0.4026, ""p2"": 0.0, ""p3"": 0.0}",0.4026,0.4026,0.0000000000e+00
pol_0676,PARTIAL_RENORMALIZED,P1,P2+P3,"{""alpha"": 0.45, ""beta"": 0.3, ""gamma"": 0.25}","{""alpha"": 1.0, ""beta"": 0.0, ""gamma"": 0.0}","{""fe"": 0.1333, ""cg"": null, ""cf"": null}","{""p1"": 0.1333, ""p2"": 0.0, ""p3"": 0.0}",0.1333,0.1333,0.0000000000e+00
pol_0677,PARTIAL_RENORMALIZED,P1,P2+P3,"{""alpha"": 0.45, ""beta"": 0.3, ""gamma"": 0.25}","{""alpha"": 1.0, ""beta"": 0.0, ""gamma"": 0.0}","{""fe"": 0.1162, ""cg"": null, ""cf"": null}","{""p1"": 0.1162, ""p2"": 0.0, ""p3"": 0.0}",0.1162,0.1162,0.0000000000e+00
pol_0678,PARTIAL_RENORMALIZED,P1,P2+P3,"{""alpha"": 0.45, ""beta"": 0.3, ""gamma"": 0.25}","{""alpha"": 1.0, ""beta"": 0.0, ""gamma"": 0.0}","{""fe"": 0.9069, ""cg"": null, ""cf"": null}","{""p1"": 0.9069, ""p2"": 0.0, ""p3"": 0.0}",0.9069,0.9069,0.0000000000e+00
pol_0679,PARTIAL_RENORMALIZED,P1,P2+P3,"{""alpha"": 0.45, ""beta"": 0.3, ""gamma"": 0.25}","{""alpha"": 1.0, ""beta"": 0.0, ""gamma"": 0.0}","{""fe"": 0.4026, ""cg"": null, ""cf"": null}","{""p1"": 0.4026, ""p2"": 0.0, ""p3"": 0.0}",0.4026,0.4026,0.0000000000e+00
pol_0680,PARTIAL_RENORMALIZED,P1,P2+P3,"{""alpha"": 0.45, ""beta"": 0.3, ""gamma"": 0.25}","{""alpha"": 1.0, ""beta"": 0.0, ""gamma"": 0.0}","{""fe"": 0.1333, ""cg"": null, ""cf"": null}","{""p1"": 0.1333, ""p2"": 0.0, ""p3"": 0.0}",0.1333,0.1333,0.0000000000e+00
pol_0681,PARTIAL_RENORMALIZED,P1,P2+P3,"{""alpha"": 0.45, ""beta"": 0.3, ""gamma"": 0.25}","{""alpha"": 1.0, ""beta"": 0.0, ""gamma"": 0.0}","{""fe"": 0.1162, ""cg"": null, ""cf"": null}","{""p1"": 0.1162, ""p2"": 0.0, ""p3"": 0.0}",0.1162,0.1162,0.0000000000e+00
pol_0682,PARTIAL_RENORMALIZED,P1,P2+P3,"{""alpha"": 0.45, ""beta"": 0.3, ""gamma"": 0.25}","{""alpha"": 1.0, ""beta"": 0.0, ""gamma"": 0.0}","{""fe"": 0.9069, ""cg"": null, ""cf"": null}","{""p1"": 0.9069, ""p2"": 0.0, ""p3"": 0.0}",0.9069,0.9069,0.0000000000e+00
pol_0683,PARTIAL_RENORMALIZED,P1,P2+P3,"{""alpha"": 0.45, ""beta"": 0.3, ""gamma"": 0.25}","{""alpha"": 1.0, ""beta"": 0.0, ""gamma"": 0.0}","{""fe"": 0.4026, ""cg"": null, ""cf"": null}","{""p1"": 0.4026, ""p2"": 0.0, ""p3"": 0.0}",0.4026,0.4026,0.0000000000e+00
pol_0684,PARTIAL_RENORMALIZED,P1,P2+P3,"{""alpha"": 0.45, ""beta"": 0.3, ""gamma"": 0.25}","{""alpha"": 1.0, ""beta"": 0.0, ""gamma"": 0.0}","{""fe"": 0.1333, ""cg"": null, ""cf"": null}","{""p1"": 0.1333, ""p2"": 0.0, ""p3"": 0.0}",0.1333,0.1333,0.0000000000e+00
pol_0685,PARTIAL_RENORMALIZED,P1,P2+P3,"{""alpha"": 0.45, ""beta"": 0.3, ""gamma"": 0.25}","{""alpha"": 1.0, ""beta"": 0.0, ""gamma"": 0.0}","{""fe"": 0.1162, ""cg"": null, ""cf"": null}","{""p1"": 0.1162, ""p2"": 0.0, ""p3"": 0.0}",0.1162,0.1162,0.0000000000e+00
pol_0686,PARTIAL_RENORMALIZED,P1,P2+P3,"{""alpha"": 0.45, ""beta"": 0.3, ""gamma"": 0.25}","{""alpha"": 1.0, ""beta"": 0.0, ""gamma"": 0.0}","{""fe"": 0.9069, ""cg"": null, ""cf"": null}","{""p1"": 0.9069, ""p2"": 0.0, ""p3"": 0.0}",0.9069,0.9069,0.0000000000e+00
pol_0687,PARTIAL_RENORMALIZED,P1,P2+P3,"{""alpha"": 0.45, ""beta"": 0.3, ""gamma"": 0.25}","{""alpha"": 1.0, ""beta"": 0.0, ""gamma"": 0.0}","{""fe"": 0.4026, ""cg"": null, ""cf"": null}","{""p1"": 0.4026, ""p2"": 0.0, ""p3"": 0.0}",0.4026,0.4026,0.0000000000e+00
pol_0688,PARTIAL_RENORMALIZED,P1,P2+P3,"{""alpha"": 0.45, ""beta"": 0.3, ""gamma"": 0.25}","{""alpha"": 1.0, ""beta"": 0.0, ""gamma"": 0.0}","{""fe"": 0.1333, ""cg"": null, ""cf"": null}","{""p1"": 0.1333, ""p2"": 0.0, ""p3"": 0.0}",0.1333,0.1333,0.0000000000e+00
pol_0689,PARTIAL_RENORMALIZED,P1,P2+P3,"{""alpha"": 0.45, ""beta"": 0.3, ""gamma"": 0.25}","{""alpha"": 1.0, ""beta"": 0.0, ""gamma"": 0.0}","{""fe"": 0.1162, ""cg"": null, ""cf"": null}","{""p1"": 0.1162, ""p2"": 0.0, ""p3"": 0.0}",0.1162,0.1162,0.0000000000e+00
pol_0690,PARTIAL_RENORMALIZED,P1,P2+P3,"{""alpha"": 0.45, ""beta"": 0.3, ""gamma"": 0.25}","{""alpha"": 1.0, ""beta"": 0.0, ""gamma"": 0.0}","{""fe"": 0.9069, ""cg"": null, ""cf"": null}","{""p1"": 0.9069, ""p2"": 0.0, ""p3"": 0.0}",0.9069,0.9069,0.0000000000e+00
pol_0691,PARTIAL_RENORMALIZED,P1,P2+P3,"{""alpha"": 0.45, ""beta"": 0.3, ""gamma"": 0.25}","{""alpha"": 1.0, ""beta"": 0.0, ""gamma"": 0.0}","{""fe"": 0.4026, ""cg"": null, ""cf"": null}","{""p1"": 0.4026, ""p2"": 0.0, ""p3"": 0.0}",0.4026,0.4026,0.0000000000e+00
pol_0692,PARTIAL_RENORMALIZED,P1,P2+P3,"{""alpha"": 0.45, ""beta"": 0.3, ""gamma"": 0.25}","{""alpha"": 1.0, ""beta"": 0.0, ""gamma"": 0.0}","{""fe"": 0.1333, ""cg"": null, ""cf"": null}","{""p1"": 0.1333, ""p2"": 0.0, ""p3"": 0.0}",0.1333,0.1333,0.0000000000e+00
pol_0693,PARTIAL_RENORMALIZED,P1,P2+P3,"{""alpha"": 0.45, ""beta"": 0.3, ""gamma"": 0.25}","{""alpha"": 1.0, ""beta"": 0.0, ""gamma"": 0.0}","{""fe"": 0.1162, ""cg"": null, ""cf"": null}","{""p1"": 0.1162, ""p2"": 0.0, ""p3"": 0.0}",0.1162,0.1162,0.0000000000e+00
pol_0694,PARTIAL_RENORMALIZED,P1,P2+P3,"{""alpha"": 0.45, ""beta"": 0.3, ""gamma"": 0.25}","{""alpha"": 1.0, ""beta"": 0.0, ""gamma"": 0.0}","{""fe"": 0.9069, ""cg"": null, ""cf"": null}","{""p1"": 0.9069, ""p2"": 0.0, ""p3"": 0.0}",0.9069,0.9069,0.0000000000e+00
pol_0695,PARTIAL_RENORMALIZED,P1,P2+P3,"{""alpha"": 0.45, ""beta"": 0.3, ""gamma"": 0.25}","{""alpha"": 1.0, ""beta"": 0.0, ""gamma"": 0.0}","{""fe"": 0.4026, ""cg"": null, ""cf"": null}","{""p1"": 0.4026, ""p2"": 0.0, ""p3"": 0.0}",0.4026,0.4026,0.0000000000e+00
pol_0696,PARTIAL_RENORMALIZED,P1,P2+P3,"{""alpha"": 0.45, ""beta"": 0.3, ""gamma"": 0.25}","{""alpha"": 1.0, ""beta"": 0.0, ""gamma"": 0.0}","{""fe"": 0.1333, ""cg"": null, ""cf"": null}","{""p1"": 0.1333, ""p2"": 0.0, ""p3"": 0.0}",0.1333,0.1333,0.0000000000e+00
pol_0697,PARTIAL_RENORMALIZED,P1,P2+P3,"{""alpha"": 0.45, ""beta"": 0.3, ""gamma"": 0.25}","{""alpha"": 1.0, ""beta"": 0.0, ""gamma"": 0.0}","{""fe"": 0.1162, ""cg"": null, ""cf"": null}","{""p1"": 0.1162, ""p2"": 0.0, ""p3"": 0.0}",0.1162,0.1162,0.0000000000e+00
pol_0698,PARTIAL_RENORMALIZED,P1,P2+P3,"{""alpha"": 0.45, ""beta"": 0.3, ""gamma"": 0.25}","{""alpha"": 1.0, ""beta"": 0.0, ""gamma"": 0.0}","{""fe"": 0.9069, ""cg"": null, ""cf"": null}","{""p1"": 0.9069, ""p2"": 0.0, ""p3"": 0.0}",0.9069,0.9069,0.0000000000e+00
pol_0699,PARTIAL_RENORMALIZED,P1,P2+P3,"{""alpha"": 0.45, ""beta"": 0.3, ""gamma"": 0.25}","{""alpha"": 1.0, ""beta"": 0.0, ""gamma"": 0.0}","{""fe"": 0.4026, ""cg"": null, ""cf"": null}","{""p1"": 0.4026, ""p2"": 0.0, ""p3"": 0.0}",0.4026,0.4026,0.0000000000e+00
pol_0700,PARTIAL_RENORMALIZED,P1,P2+P3,"{""alpha"": 0.45, ""beta"": 0.3, ""gamma"": 0.25}","{""alpha"": 1.0, ""beta"": 0.0, ""gamma"": 0.0}","{""fe"": 0.1333, ""cg"": null, ""cf"": null}","{""p1"": 0.1333, ""p2"": 0.0, ""p3"": 0.0}",0.1333,0.1333,0.0000000000e+00
lit_0701,PARTIAL_RENORMALIZED,P1,P2+P3,"{""alpha"": 0.45, ""beta"": 0.3, ""gamma"": 0.25}","{""alpha"": 1.0, ""beta"": 0.0, ""gamma"": 0.0}","{""fe"": 0.15, ""cg"": null, ""cf"": null}","{""p1"": 0.15, ""p2"": 0.0, ""p3"": 0.0}",0.15,0.15,0.0000000000e+00
lit_0702,PARTIAL_RENORMALIZED,P1,P2+P3,"{""alpha"": 0.45, ""beta"": 0.3, ""gamma"": 0.25}","{""alpha"": 1.0, ""beta"": 0.0, ""gamma"": 0.0}","{""fe"": 0.9987, ""cg"": null, ""cf"": null}","{""p1"": 0.9987, ""p2"": 0.0, ""p3"": 0.0}",0.9987,0.9987,0.0000000000e+00
lit_0703,PARTIAL_RENORMALIZED,P1,P2+P3,"{""alpha"": 0.45, ""beta"": 0.3, ""gamma"": 0.25}","{""alpha"": 1.0, ""beta"": 0.0, ""gamma"": 0.0}","{""fe"": 0.0079, ""cg"": null, ""cf"": null}","{""p1"": 0.0079, ""p2"": 0.0, ""p3"": 0.0}",0.0079,0.0079,0.0000000000e+00
lit_0704,PARTIAL_RENORMALIZED,P1,P2+P3,"{""alpha"": 0.45, ""beta"": 0.3, ""gamma"": 0.25}","{""alpha"": 1.0, ""beta"": 0.0, ""gamma"": 0.0}","{""fe"": 0.9997, ""cg"": null, ""cf"": null}","{""p1"": 0.9997, ""p2"": 0.0, ""p3"": 0.0}",0.9997,0.9997,0.0000000000e+00
lit_0705,PARTIAL_RENORMALIZED,P1,P2+P3,"{""alpha"": 0.45, ""beta"": 0.3, ""gamma"": 0.25}","{""alpha"": 1.0, ""beta"": 0.0, ""gamma"": 0.0}","{""fe"": 0.15, ""cg"": null, ""cf"": null}","{""p1"": 0.15, ""p2"": 0.0, ""p3"": 0.0}",0.15,0.15,0.0000000000e+00
lit_0706,PARTIAL_RENORMALIZED,P1,P2+P3,"{""alpha"": 0.45, ""beta"": 0.3, ""gamma"": 0.25}","{""alpha"": 1.0, ""beta"": 0.0, ""gamma"": 0.0}","{""fe"": 0.9987, ""cg"": null, ""cf"": null}","{""p1"": 0.9987, ""p2"": 0.0, ""p3"": 0.0}",0.9987,0.9987,0.0000000000e+00
lit_0707,PARTIAL_RENORMALIZED,P1,P2+P3,"{""alpha"": 0.45, ""beta"": 0.3, ""gamma"": 0.25}","{""alpha"": 1.0, ""beta"": 0.0, ""gamma"": 0.0}","{""fe"": 0.0079, ""cg"": null, ""cf"": null}","{""p1"": 0.0079, ""p2"": 0.0, ""p3"": 0.0}",0.0079,0.0079,0.0000000000e+00
lit_0708,PARTIAL_RENORMALIZED,P1,P2+P3,"{""alpha"": 0.45, ""beta"": 0.3, ""gamma"": 0.25}","{""alpha"": 1.0, ""beta"": 0.0, ""gamma"": 0.0}","{""fe"": 0.9997, ""cg"": null, ""cf"": null}","{""p1"": 0.9997, ""p2"": 0.0, ""p3"": 0.0}",0.9997,0.9997,0.0000000000e+00
lit_0709,PARTIAL_RENORMALIZED,P1,P2+P3,"{""alpha"": 0.45, ""beta"": 0.3, ""gamma"": 0.25}","{""alpha"": 1.0, ""beta"": 0.0, ""gamma"": 0.0}","{""fe"": 0.15, ""cg"": null, ""cf"": null}","{""p1"": 0.15, ""p2"": 0.0, ""p3"": 0.0}",0.15,0.15,0.0000000000e+00
lit_0710,PARTIAL_RENORMALIZED,P1,P2+P3,"{""alpha"": 0.45, ""beta"": 0.3, ""gamma"": 0.25}","{""alpha"": 1.0, ""beta"": 0.0, ""gamma"": 0.0}","{""fe"": 0.9987, ""cg"": null, ""cf"": null}","{""p1"": 0.9987, ""p2"": 0.0, ""p3"": 0.0}",0.9987,0.9987,0.0000000000e+00
lit_0711,PARTIAL_RENORMALIZED,P1,P2+P3,"{""alpha"": 0.45, ""beta"": 0.3, ""gamma"": 0.25}","{""alpha"": 1.0, ""beta"": 0.0, ""gamma"": 0.0}","{""fe"": 0.0079, ""cg"": null, ""cf"": null}","{""p1"": 0.0079, ""p2"": 0.0, ""p3"": 0.0}",0.0079,0.0079,0.0000000000e+00
lit_0712,PARTIAL_RENORMALIZED,P1,P2+P3,"{""alpha"": 0.45, ""beta"": 0.3, ""gamma"": 0.25}","{""alpha"": 1.0, ""beta"": 0.0, ""gamma"": 0.0}","{""fe"": 0.9997, ""cg"": null, ""cf"": null}","{""p1"": 0.9997, ""p2"": 0.0, ""p3"": 0.0}",0.9997,0.9997,0.0000000000e+00
lit_0713,PARTIAL_RENORMALIZED,P1,P2+P3,"{""alpha"": 0.45, ""beta"": 0.3, ""gamma"": 0.25}","{""alpha"": 1.0, ""beta"": 0.0, ""gamma"": 0.0}","{""fe"": 0.15, ""cg"": null, ""cf"": null}","{""p1"": 0.15, ""p2"": 0.0, ""p3"": 0.0}",0.15,0.15,0.0000000000e+00
lit_0714,PARTIAL_RENORMALIZED,P1,P2+P3,"{""alpha"": 0.45, ""beta"": 0.3, ""gamma"": 0.25}","{""alpha"": 1.0, ""beta"": 0.0, ""gamma"": 0.0}","{""fe"": 0.9987, ""cg"": null, ""cf"": null}","{""p1"": 0.9987, ""p2"": 0.0, ""p3"": 0.0}",0.9987,0.9987,0.0000000000e+00
lit_0715,PARTIAL_RENORMALIZED,P1,P2+P3,"{""alpha"": 0.45, ""beta"": 0.3, ""gamma"": 0.25}","{""alpha"": 1.0, ""beta"": 0.0, ""gamma"": 0.0}","{""fe"": 0.0079, ""cg"": null, ""cf"": null}","{""p1"": 0.0079, ""p2"": 0.0, ""p3"": 0.0}",0.0079,0.0079,0.0000000000e+00
lit_0716,PARTIAL_RENORMALIZED,P1,P2+P3,"{""alpha"": 0.45, ""beta"": 0.3, ""gamma"": 0.25}","{""alpha"": 1.0, ""beta"": 0.0, ""gamma"": 0.0}","{""fe"": 0.9997, ""cg"": null, ""cf"": null}","{""p1"": 0.9997, ""p2"": 0.0, ""p3"": 0.0}",0.9997,0.9997,0.0000000000e+00
lit_0717,PARTIAL_RENORMALIZED,P1,P2+P3,"{""alpha"": 0.45, ""beta"": 0.3, ""gamma"": 0.25}","{""alpha"": 1.0, ""beta"": 0.0, ""gamma"": 0.0}","{""fe"": 0.15, ""cg"": null, ""cf"": null}","{""p1"": 0.15, ""p2"": 0.0, ""p3"": 0.0}",0.15,0.15,0.0000000000e+00
lit_0718,PARTIAL_RENORMALIZED,P1,P2+P3,"{""alpha"": 0.45, ""beta"": 0.3, ""gamma"": 0.25}","{""alpha"": 1.0, ""beta"": 0.0, ""gamma"": 0.0}","{""fe"": 0.9987, ""cg"": null, ""cf"": null}","{""p1"": 0.9987, ""p2"": 0.0, ""p3"": 0.0}",0.9987,0.9987,0.0000000000e+00
lit_0719,PARTIAL_RENORMALIZED,P1,P2+P3,"{""alpha"": 0.45, ""beta"": 0.3, ""gamma"": 0.25}","{""alpha"": 1.0, ""beta"": 0.0, ""gamma"": 0.0}","{""fe"": 0.0079, ""cg"": null, ""cf"": null}","{""p1"": 0.0079, ""p2"": 0.0, ""p3"": 0.0}",0.0079,0.0079,0.0000000000e+00
lit_0720,PARTIAL_RENORMALIZED,P1,P2+P3,"{""alpha"": 0.45, ""beta"": 0.3, ""gamma"": 0.25}","{""alpha"": 1.0, ""beta"": 0.0, ""gamma"": 0.0}","{""fe"": 0.9997, ""cg"": null, ""cf"": null}","{""p1"": 0.9997, ""p2"": 0.0, ""p3"": 0.0}",0.9997,0.9997,0.0000000000e+00
lit_0721,PARTIAL_RENORMALIZED,P1,P2+P3,"{""alpha"": 0.45, ""beta"": 0.3, ""gamma"": 0.25}","{""alpha"": 1.0, ""beta"": 0.0, ""gamma"": 0.0}","{""fe"": 0.15, ""cg"": null, ""cf"": null}","{""p1"": 0.15, ""p2"": 0.0, ""p3"": 0.0}",0.15,0.15,0.0000000000e+00
lit_0722,PARTIAL_RENORMALIZED,P1,P2+P3,"{""alpha"": 0.45, ""beta"": 0.3, ""gamma"": 0.25}","{""alpha"": 1.0, ""beta"": 0.0, ""gamma"": 0.0}","{""fe"": 0.9987, ""cg"": null, ""cf"": null}","{""p1"": 0.9987, ""p2"": 0.0, ""p3"": 0.0}",0.9987,0.9987,0.0000000000e+00
lit_0723,PARTIAL_RENORMALIZED,P1,P2+P3,"{""alpha"": 0.45, ""beta"": 0.3, ""gamma"": 0.25}","{""alpha"": 1.0, ""beta"": 0.0, ""gamma"": 0.0}","{""fe"": 0.0079, ""cg"": null, ""cf"": null}","{""p1"": 0.0079, ""p2"": 0.0, ""p3"": 0.0}",0.0079,0.0079,0.0000000000e+00
lit_0724,PARTIAL_RENORMALIZED,P1,P2+P3,"{""alpha"": 0.45, ""beta"": 0.3, ""gamma"": 0.25}","{""alpha"": 1.0, ""beta"": 0.0, ""gamma"": 0.0}","{""fe"": 0.9997, ""cg"": null, ""cf"": null}","{""p1"": 0.9997, ""p2"": 0.0, ""p3"": 0.0}",0.9997,0.9997,0.0000000000e+00
lit_0725,PARTIAL_RENORMALIZED,P1,P2+P3,"{""alpha"": 0.45, ""beta"": 0.3, ""gamma"": 0.25}","{""alpha"": 1.0, ""beta"": 0.0, ""gamma"": 0.0}","{""fe"": 0.15, ""cg"": null, ""cf"": null}","{""p1"": 0.15, ""p2"": 0.0, ""p3"": 0.0}",0.15,0.15,0.0000000000e+00
lit_0726,PARTIAL_RENORMALIZED,P1,P2+P3,"{""alpha"": 0.45, ""beta"": 0.3, ""gamma"": 0.25}","{""alpha"": 1.0, ""beta"": 0.0, ""gamma"": 0.0}","{""fe"": 0.9987, ""cg"": null, ""cf"": null}","{""p1"": 0.9987, ""p2"": 0.0, ""p3"": 0.0}",0.9987,0.9987,0.0000000000e+00
lit_0727,PARTIAL_RENORMALIZED,P1,P2+P3,"{""alpha"": 0.45, ""beta"": 0.3, ""gamma"": 0.25}","{""alpha"": 1.0, ""beta"": 0.0, ""gamma"": 0.0}","{""fe"": 0.0079, ""cg"": null, ""cf"": null}","{""p1"": 0.0079, ""p2"": 0.0, ""p3"": 0.0}",0.0079,0.0079,0.0000000000e+00
lit_0728,PARTIAL_RENORMALIZED,P1,P2+P3,"{""alpha"": 0.45, ""beta"": 0.3, ""gamma"": 0.25}","{""alpha"": 1.0, ""beta"": 0.0, ""gamma"": 0.0}","{""fe"": 0.9997, ""cg"": null, ""cf"": null}","{""p1"": 0.9997, ""p2"": 0.0, ""p3"": 0.0}",0.9997,0.9997,0.0000000000e+00
lit_0729,PARTIAL_RENORMALIZED,P1,P2+P3,"{""alpha"": 0.45, ""beta"": 0.3, ""gamma"": 0.25}","{""alpha"": 1.0, ""beta"": 0.0, ""gamma"": 0.0}","{""fe"": 0.15, ""cg"": null, ""cf"": null}","{""p1"": 0.15, ""p2"": 0.0, ""p3"": 0.0}",0.15,0.15,0.0000000000e+00
lit_0730,PARTIAL_RENORMALIZED,P1,P2+P3,"{""alpha"": 0.45, ""beta"": 0.3, ""gamma"": 0.25}","{""alpha"": 1.0, ""beta"": 0.0, ""gamma"": 0.0}","{""fe"": 0.9987, ""cg"": null, ""cf"": null}","{""p1"": 0.9987, ""p2"": 0.0, ""p3"": 0.0}",0.9987,0.9987,0.0000000000e+00
lit_0731,PARTIAL_RENORMALIZED,P1,P2+P3,"{""alpha"": 0.45, ""beta"": 0.3, ""gamma"": 0.25}","{""alpha"": 1.0, ""beta"": 0.0, ""gamma"": 0.0}","{""fe"": 0.0079, ""cg"": null, ""cf"": null}","{""p1"": 0.0079, ""p2"": 0.0, ""p3"": 0.0}",0.0079,0.0079,0.0000000000e+00
lit_0732,PARTIAL_RENORMALIZED,P1,P2+P3,"{""alpha"": 0.45, ""beta"": 0.3, ""gamma"": 0.25}","{""alpha"": 1.0, ""beta"": 0.0, ""gamma"": 0.0}","{""fe"": 0.9997, ""cg"": null, ""cf"": null}","{""p1"": 0.9997, ""p2"": 0.0, ""p3"": 0.0}",0.9997,0.9997,0.0000000000e+00
lit_0733,PARTIAL_RENORMALIZED,P1,P2+P3,"{""alpha"": 0.45, ""beta"": 0.3, ""gamma"": 0.25}","{""alpha"": 1.0, ""beta"": 0.0, ""gamma"": 0.0}","{""fe"": 0.15, ""cg"": null, ""cf"": null}","{""p1"": 0.15, ""p2"": 0.0, ""p3"": 0.0}",0.15,0.15,0.0000000000e+00
lit_0734,PARTIAL_RENORMALIZED,P1,P2+P3,"{""alpha"": 0.45, ""beta"": 0.3, ""gamma"": 0.25}","{""alpha"": 1.0, ""beta"": 0.0, ""gamma"": 0.0}","{""fe"": 0.9987, ""cg"": null, ""cf"": null}","{""p1"": 0.9987, ""p2"": 0.0, ""p3"": 0.0}",0.9987,0.9987,0.0000000000e+00
lit_0735,PARTIAL_RENORMALIZED,P1,P2+P3,"{""alpha"": 0.45, ""beta"": 0.3, ""gamma"": 0.25}","{""alpha"": 1.0, ""beta"": 0.0, ""gamma"": 0.0}","{""fe"": 0.0079, ""cg"": null, ""cf"": null}","{""p1"": 0.0079, ""p2"": 0.0, ""p3"": 0.0}",0.0079,0.0079,0.0000000000e+00
lit_0736,PARTIAL_RENORMALIZED,P1,P2+P3,"{""alpha"": 0.45, ""beta"": 0.3, ""gamma"": 0.25}","{""alpha"": 1.0, ""beta"": 0.0, ""gamma"": 0.0}","{""fe"": 0.9997, ""cg"": null, ""cf"": null}","{""p1"": 0.9997, ""p2"": 0.0, ""p3"": 0.0}",0.9997,0.9997,0.0000000000e+00
lit_0737,PARTIAL_RENORMALIZED,P1,P2+P3,"{""alpha"": 0.45, ""beta"": 0.3, ""gamma"": 0.25}","{""alpha"": 1.0, ""beta"": 0.0, ""gamma"": 0.0}","{""fe"": 0.15, ""cg"": null, ""cf"": null}","{""p1"": 0.15, ""p2"": 0.0, ""p3"": 0.0}",0.15,0.15,0.0000000000e+00
lit_0738,PARTIAL_RENORMALIZED,P1,P2+P3,"{""alpha"": 0.45, ""beta"": 0.3, ""gamma"": 0.25}","{""alpha"": 1.0, ""beta"": 0.0, ""gamma"": 0.0}","{""fe"": 0.9987, ""cg"": null, ""cf"": null}","{""p1"": 0.9987, ""p2"": 0.0, ""p3"": 0.0}",0.9987,0.9987,0.0000000000e+00
lit_0739,PARTIAL_RENORMALIZED,P1,P2+P3,"{""alpha"": 0.45, ""beta"": 0.3, ""gamma"": 0.25}","{""alpha"": 1.0, ""beta"": 0.0, ""gamma"": 0.0}","{""fe"": 0.0079, ""cg"": null, ""cf"": null}","{""p1"": 0.0079, ""p2"": 0.0, ""p3"": 0.0}",0.0079,0.0079,0.0000000000e+00
lit_0740,PARTIAL_RENORMALIZED,P1,P2+P3,"{""alpha"": 0.45, ""beta"": 0.3, ""gamma"": 0.25}","{""alpha"": 1.0, ""beta"": 0.0, ""gamma"": 0.0}","{""fe"": 0.9997, ""cg"": null, ""cf"": null}","{""p1"": 0.9997, ""p2"": 0.0, ""p3"": 0.0}",0.9997,0.9997,0.0000000000e+00
lit_0741,PARTIAL_RENORMALIZED,P1,P2+P3,"{""alpha"": 0.45, ""beta"": 0.3, ""gamma"": 0.25}","{""alpha"": 1.0, ""beta"": 0.0, ""gamma"": 0.0}","{""fe"": 0.15, ""cg"": null, ""cf"": null}","{""p1"": 0.15, ""p2"": 0.0, ""p3"": 0.0}",0.15,0.15,0.0000000000e+00
lit_0742,PARTIAL_RENORMALIZED,P1,P2+P3,"{""alpha"": 0.45, ""beta"": 0.3, ""gamma"": 0.25}","{""alpha"": 1.0, ""beta"": 0.0, ""gamma"": 0.0}","{""fe"": 0.9987, ""cg"": null, ""cf"": null}","{""p1"": 0.9987, ""p2"": 0.0, ""p3"": 0.0}",0.9987,0.9987,0.0000000000e+00
lit_0743,PARTIAL_RENORMALIZED,P1,P2+P3,"{""alpha"": 0.45, ""beta"": 0.3, ""gamma"": 0.25}","{""alpha"": 1.0, ""beta"": 0.0, ""gamma"": 0.0}","{""fe"": 0.0079, ""cg"": null, ""cf"": null}","{""p1"": 0.0079, ""p2"": 0.0, ""p3"": 0.0}",0.0079,0.0079,0.0000000000e+00
lit_0744,PARTIAL_RENORMALIZED,P1,P2+P3,"{""alpha"": 0.45, ""beta"": 0.3, ""gamma"": 0.25}","{""alpha"": 1.0, ""beta"": 0.0, ""gamma"": 0.0}","{""fe"": 0.9997, ""cg"": null, ""cf"": null}","{""p1"": 0.9997, ""p2"": 0.0, ""p3"": 0.0}",0.9997,0.9997,0.0000000000e+00
lit_0745,PARTIAL_RENORMALIZED,P1,P2+P3,"{""alpha"": 0.45, ""beta"": 0.3, ""gamma"": 0.25}","{""alpha"": 1.0, ""beta"": 0.0, ""gamma"": 0.0}","{""fe"": 0.15, ""cg"": null, ""cf"": null}","{""p1"": 0.15, ""p2"": 0.0, ""p3"": 0.0}",0.15,0.15,0.0000000000e+00
lit_0746,PARTIAL_RENORMALIZED,P1,P2+P3,"{""alpha"": 0.45, ""beta"": 0.3, ""gamma"": 0.25}","{""alpha"": 1.0, ""beta"": 0.0, ""gamma"": 0.0}","{""fe"": 0.9987, ""cg"": null, ""cf"": null}","{""p1"": 0.9987, ""p2"": 0.0, ""p3"": 0.0}",0.9987,0.9987,0.0000000000e+00
lit_0747,PARTIAL_RENORMALIZED,P1,P2+P3,"{""alpha"": 0.45, ""beta"": 0.3, ""gamma"": 0.25}","{""alpha"": 1.0, ""beta"": 0.0, ""gamma"": 0.0}","{""fe"": 0.0079, ""cg"": null, ""cf"": null}","{""p1"": 0.0079, ""p2"": 0.0, ""p3"": 0.0}",0.0079,0.0079,0.0000000000e+00
lit_0748,PARTIAL_RENORMALIZED,P1,P2+P3,"{""alpha"": 0.45, ""beta"": 0.3, ""gamma"": 0.25}","{""alpha"": 1.0, ""beta"": 0.0, ""gamma"": 0.0}","{""fe"": 0.9997, ""cg"": null, ""cf"": null}","{""p1"": 0.9997, ""p2"": 0.0, ""p3"": 0.0}",0.9997,0.9997,0.0000000000e+00
lit_0749,PARTIAL_RENORMALIZED,P1,P2+P3,"{""alpha"": 0.45, ""beta"": 0.3, ""gamma"": 0.25}","{""alpha"": 1.0, ""beta"": 0.0, ""gamma"": 0.0}","{""fe"": 0.15, ""cg"": null, ""cf"": null}","{""p1"": 0.15, ""p2"": 0.0, ""p3"": 0.0}",0.15,0.15,0.0000000000e+00
lit_0750,PARTIAL_RENORMALIZED,P1,P2+P3,"{""alpha"": 0.45, ""beta"": 0.3, ""gamma"": 0.25}","{""alpha"": 1.0, ""beta"": 0.0, ""gamma"": 0.0}","{""fe"": 0.9987, ""cg"": null, ""cf"": null}","{""p1"": 0.9987, ""p2"": 0.0, ""p3"": 0.0}",0.9987,0.9987,0.0000000000e+00
