sample_id,domain,ground_truth,phase7_response,p1_score,retrieval_status,retrieval_failure_type,nli_status,nli_failure_type,evidence_quality,diagnosis
gen_0001,General Knowledge,0,The capital of France is Paris.,0.0024,SUCCESS,NONE,SUCCESS,NONE,HIGH,concordant_verification
gen_0002,General Knowledge,1,"The Eiffel Tower is located in Paris, France.",0.05,SUCCESS,NONE,DEVIATION,BENCHMARK_PROMPT_LABEL_SHIFT,HIGH,model_generated_correct_fact_for_hallucination_prompt
gen_0003,General Knowledge,0,"The highest mountain on Earth is Mount Everest, which stands at 8,848 meters (29,035 feet) tall.",0.4915,SUCCESS,NONE,SUCCESS,NONE,HIGH,concordant_verification
gen_0004,General Knowledge,1,"The smallest ocean is the Pacific Ocean, which covers about 20% of the Earth's surface area.",1.0,SUCCESS,NONE,SUCCESS,NONE,HIGH,concordant_verification
gen_0005,General Knowledge,0,The capital of France is Paris.,0.0024,SUCCESS,NONE,SUCCESS,NONE,HIGH,concordant_verification
gen_0006,General Knowledge,1,"The Eiffel Tower is located in Paris, France. It was built between 1889 and 1893 as the tallest structure of its time an",0.5236,SUCCESS,NONE,SUCCESS,NONE,HIGH,concordant_verification
gen_0007,General Knowledge,0,"The highest mountain on Earth is Mount Everest, located in the Himalayas.",0.1125,SUCCESS,NONE,SUCCESS,NONE,HIGH,concordant_verification
gen_0008,General Knowledge,1,The smallest ocean is the Arctic Ocean. It covers about 14 million square kilometers (5.4 million square miles) and has ,0.5008,SUCCESS,NONE,SUCCESS,NONE,HIGH,concordant_verification
gen_0009,General Knowledge,0,The capital city of France is Paris.,0.0027,SUCCESS,NONE,SUCCESS,NONE,HIGH,concordant_verification
gen_0010,General Knowledge,1,"The Eiffel Tower is located in Paris, France. It was built between 1889 and 1903 as a symbol of French technological pro",0.3357,SUCCESS,NONE,DEVIATION,BENCHMARK_PROMPT_LABEL_SHIFT,HIGH,model_generated_correct_fact_for_hallucination_prompt
gen_0011,General Knowledge,0,"The highest mountain on Earth is Mount Everest, located in Nepal and Tibet. It has an elevation of approximately 8,848 m",0.0746,SUCCESS,NONE,SUCCESS,NONE,HIGH,concordant_verification
gen_0012,General Knowledge,1,"The smallest ocean in terms of surface area is the Dead Sea, which covers about 350 square kilometers (145 square miles)",0.7434,SUCCESS,NONE,SUCCESS,NONE,HIGH,concordant_verification
gen_0013,General Knowledge,0,The capital city of France is Paris.,0.0027,SUCCESS,NONE,SUCCESS,NONE,HIGH,concordant_verification
gen_0014,General Knowledge,1,"The Eiffel Tower is located in Paris, France.",0.05,SUCCESS,NONE,DEVIATION,BENCHMARK_PROMPT_LABEL_SHIFT,HIGH,model_generated_correct_fact_for_hallucination_prompt
gen_0015,General Knowledge,0,"The highest mountain on Earth is Mount Everest, which stands at an elevation of 8,848 meters above sea level.",0.4856,SUCCESS,NONE,SUCCESS,NONE,HIGH,concordant_verification
gen_0016,General Knowledge,1,"The world's smallest ocean is the Dead Sea, located between Israel and Egypt in the Mediterranean Sea. It covers an area",0.7578,SUCCESS,NONE,SUCCESS,NONE,HIGH,concordant_verification
gen_0017,General Knowledge,0,The capital of France is Paris.,0.0024,SUCCESS,NONE,SUCCESS,NONE,HIGH,concordant_verification
gen_0018,General Knowledge,1,"The Eiffel Tower is located in Paris, France. It is the tallest man-made structure in the world at 324 meters (1,063 fee",0.3654,SUCCESS,NONE,DEVIATION,NLI_CONTRADICTION_UNDERDETECTION,HIGH,weak_contradiction_detection_on_novel_generation
gen_0019,General Knowledge,0,"The highest mountain on Earth is Mount Everest, which stands at an elevation of 8,848 meters (29,031 feet) above sea lev",0.402,SUCCESS,NONE,SUCCESS,NONE,HIGH,concordant_verification
gen_0020,General Knowledge,1,"The smallest ocean is the Pacific Ocean, which covers 36% of Earth's surface area.",1.0,SUCCESS,NONE,SUCCESS,NONE,HIGH,concordant_verification
gen_0021,General Knowledge,0,The capital of France is Paris.,0.0024,SUCCESS,NONE,SUCCESS,NONE,HIGH,concordant_verification
gen_0022,General Knowledge,1,"The Eiffel Tower is located in Paris, France.",0.05,SUCCESS,NONE,DEVIATION,BENCHMARK_PROMPT_LABEL_SHIFT,HIGH,model_generated_correct_fact_for_hallucination_prompt
gen_0023,General Knowledge,0,The highest mountain on Earth is Mount Everest.,0.005,SUCCESS,NONE,SUCCESS,NONE,HIGH,concordant_verification
gen_0024,General Knowledge,1,The smallest ocean is the Arctic Ocean.,0.0046,SUCCESS,NONE,DEVIATION,BENCHMARK_PROMPT_LABEL_SHIFT,HIGH,model_generated_correct_fact_for_hallucination_prompt
gen_0025,General Knowledge,0,The capital of France is Paris.,0.0024,SUCCESS,NONE,SUCCESS,NONE,HIGH,concordant_verification
gen_0026,General Knowledge,1,"The Eiffel Tower is located in Paris, France. It stands at 300 meters (984 feet) tall and has a diameter of approximatel",0.0339,SUCCESS,NONE,DEVIATION,BENCHMARK_PROMPT_LABEL_SHIFT,HIGH,model_generated_correct_fact_for_hallucination_prompt
gen_0027,General Knowledge,0,"The highest mountain on Earth is Mount Everest, located in Nepal.",0.1403,SUCCESS,NONE,SUCCESS,NONE,HIGH,concordant_verification
gen_0028,General Knowledge,1,"The smallest ocean in terms of area is the Bohai Sea, which covers an area of approximately 806,251 square kilometers (3",0.7464,SUCCESS,NONE,SUCCESS,NONE,HIGH,concordant_verification
gen_0029,General Knowledge,0,The capital of France is Paris.,0.0024,SUCCESS,NONE,SUCCESS,NONE,HIGH,concordant_verification
gen_0030,General Knowledge,1,"The Eiffel Tower is located in Paris, France.",0.05,SUCCESS,NONE,DEVIATION,BENCHMARK_PROMPT_LABEL_SHIFT,HIGH,model_generated_correct_fact_for_hallucination_prompt
gen_0031,General Knowledge,0,"The highest mountain on Earth is Mount Everest, located in Nepal and China. It stands at 8,848 meters (29,028 feet) abov",0.1577,SUCCESS,NONE,SUCCESS,NONE,HIGH,concordant_verification
gen_0032,General Knowledge,1,"The smallest ocean in terms of surface area is the Arctic Ocean, which covers an estimated 13% of the Earth's total surf",1.0,SUCCESS,NONE,SUCCESS,NONE,HIGH,concordant_verification
gen_0033,General Knowledge,0,The capital of France is Paris.,0.0024,SUCCESS,NONE,SUCCESS,NONE,HIGH,concordant_verification
gen_0034,General Knowledge,1,"The Eiffel Tower is located in Paris, France.",0.05,SUCCESS,NONE,DEVIATION,BENCHMARK_PROMPT_LABEL_SHIFT,HIGH,model_generated_correct_fact_for_hallucination_prompt
gen_0035,General Knowledge,0,"The highest mountain on Earth is Mount Everest, located in the Himalayas of Nepal. It stands at an elevation of 8,848 me",0.2038,SUCCESS,NONE,SUCCESS,NONE,HIGH,concordant_verification
gen_0036,General Knowledge,1,"The smallest ocean in terms of surface area and depth is the Dead Sea, which lies between Israel, Jordan, and Egypt. It ",1.0,SUCCESS,NONE,SUCCESS,NONE,HIGH,concordant_verification
gen_0037,General Knowledge,0,The capital of France is Paris.,0.0024,SUCCESS,NONE,SUCCESS,NONE,HIGH,concordant_verification
gen_0038,General Knowledge,1,"The Eiffel Tower is located in Paris, France.",0.05,SUCCESS,NONE,DEVIATION,BENCHMARK_PROMPT_LABEL_SHIFT,HIGH,model_generated_correct_fact_for_hallucination_prompt
gen_0039,General Knowledge,0,"The highest mountain on Earth is Mount Everest, located in the Himalayas of Nepal. It stands at 8,848 meters above sea l",0.5606,SUCCESS,RETRIEVAL_EVIDENCE_MISMATCH,DEVIATION,RETRIEVAL_EVIDENCE_MISMATCH,HIGH,retrieval_mismatch_false_positive
gen_0040,General Knowledge,1,The smallest ocean is the Sargasso Sea. It is located in the Atlantic Ocean and covers about 10% of its surface area.,0.7019,SUCCESS,NONE,SUCCESS,NONE,HIGH,concordant_verification
gen_0041,General Knowledge,0,The capital of France is Paris.,0.0024,SUCCESS,NONE,SUCCESS,NONE,HIGH,concordant_verification
gen_0042,General Knowledge,1,"The Eiffel Tower is located in Paris, France.",0.05,SUCCESS,NONE,DEVIATION,BENCHMARK_PROMPT_LABEL_SHIFT,HIGH,model_generated_correct_fact_for_hallucination_prompt
gen_0043,General Knowledge,0,"The highest mountain on Earth is Mount Everest, which stands at 8,848 meters (29,031 feet) above sea level.",0.5113,SUCCESS,RETRIEVAL_EVIDENCE_MISMATCH,DEVIATION,RETRIEVAL_EVIDENCE_MISMATCH,HIGH,retrieval_mismatch_false_positive
gen_0044,General Knowledge,1,"The smallest ocean in the world is the North Pacific Ocean, which covers an area of about 180 million square kilometers ",0.6596,SUCCESS,NONE,SUCCESS,NONE,HIGH,concordant_verification
gen_0045,General Knowledge,0,The capital city of France is Paris.,0.0027,SUCCESS,NONE,SUCCESS,NONE,HIGH,concordant_verification
gen_0046,General Knowledge,1,"The Eiffel Tower is located in Paris, France. It was completed and opened to the public on March 30, 1889.",0.1,SUCCESS,NONE,DEVIATION,BENCHMARK_PROMPT_LABEL_SHIFT,HIGH,model_generated_correct_fact_for_hallucination_prompt
gen_0047,General Knowledge,0,"Mount Everest is the highest mountain on Earth at an elevation of 8,848 meters above sea level.",0.1056,SUCCESS,NONE,SUCCESS,NONE,HIGH,concordant_verification
gen_0048,General Knowledge,1,"The smallest ocean in terms of surface area is the Arctic Ocean, which covers an area of approximately 16 million square",1.0,SUCCESS,NONE,SUCCESS,NONE,HIGH,concordant_verification
gen_0049,General Knowledge,0,The capital of France is Paris.,0.0024,SUCCESS,NONE,SUCCESS,NONE,HIGH,concordant_verification
gen_0050,General Knowledge,1,"The Eiffel Tower is located in Paris, France.",0.05,SUCCESS,NONE,DEVIATION,BENCHMARK_PROMPT_LABEL_SHIFT,HIGH,model_generated_correct_fact_for_hallucination_prompt
med_0051,Medicine,0,Penicillin is a type of antibiotic that is commonly used to treat bacterial infections. It was first discovered in 1928 ,0.379,SUCCESS,NONE,SUCCESS,NONE,HIGH,concordant_verification
med_0052,Medicine,1,Viral influenza is a respiratory infection caused by various types of influenza viruses. Treatment options vary dependin,0.0,SUCCESS,NONE,DEVIATION,BENCHMARK_PROMPT_LABEL_SHIFT,HIGH,model_generated_correct_fact_for_hallucination_prompt
med_0053,Medicine,0,"Blood sugar is regulated by several hormones and pathways in the human body:

1. **Insulin**: This hormone is produced b",0.0,SUCCESS,NONE,SUCCESS,NONE,HIGH,concordant_verification
med_0054,Medicine,1,"Chemotherapy is primarily used to treat bacterial infections, including pneumonia. However, it does not cure bacterial p",0.0,SUCCESS,NONE,DEVIATION,BENCHMARK_PROMPT_LABEL_SHIFT,HIGH,model_generated_correct_fact_for_hallucination_prompt
med_0055,Medicine,0,Penicillin is an antibiotic produced naturally by certain bacteria and molds. It works by inhibiting the growth of bacte,0.4961,SUCCESS,NONE,SUCCESS,NONE,HIGH,concordant_verification
med_0056,Medicine,1,"Viral influenza is typically treated with antiviral medications. However, there are no approved vaccines available for a",0.0,SUCCESS,NONE,DEVIATION,BENCHMARK_PROMPT_LABEL_SHIFT,HIGH,model_generated_correct_fact_for_hallucination_prompt
med_0057,Medicine,0,"Blood sugar regulation is primarily managed by two hormones in the body: insulin and glucagon.

1. **Insulin**:
   - Con",0.4045,SUCCESS,NONE,SUCCESS,NONE,HIGH,concordant_verification
med_0058,Medicine,1,Chemotherapy does not cure bacterial pneumonia. Bacterial pneumonia is an infectious disease caused by bacteria or other,1.0,SUCCESS,NONE,SUCCESS,NONE,HIGH,concordant_verification
med_0059,Medicine,0,Penicillin was discovered and developed by Alexander Fleming in the early 20th century as a bacteriocidal agent that spe,0.5002,SUCCESS,RETRIEVAL_EVIDENCE_MISMATCH,DEVIATION,RETRIEVAL_EVIDENCE_MISMATCH,HIGH,retrieval_mismatch_false_positive
med_0060,Medicine,1,Viral influenza can be treated using various methods depending on the severity of the illness and the presence of underl,0.0,SUCCESS,NONE,DEVIATION,BENCHMARK_PROMPT_LABEL_SHIFT,HIGH,model_generated_correct_fact_for_hallucination_prompt
med_0061,Medicine,0,"Blood sugar is regulated by the endocrine system and primarily through insulin. When血糖 levels rise, insulin is released ",0.4121,SUCCESS,NONE,SUCCESS,NONE,HIGH,concordant_verification
med_0062,Medicine,1,"No, chemotherapy does not cure bacterial pneumonia. Bacterial pneumonia is an infection caused by bacteria that invade t",0.0,SUCCESS,NONE,DEVIATION,BENCHMARK_PROMPT_LABEL_SHIFT,HIGH,model_generated_correct_fact_for_hallucination_prompt
med_0063,Medicine,0,"Penicillin is an antibiotic produced by Penicillium spp., which is found in soil and other environments. It has been use",0.4678,SUCCESS,NONE,SUCCESS,NONE,HIGH,concordant_verification
med_0064,Medicine,1,Viral influenza is a contagious respiratory disease caused by various types of influenza viruses. It typically spreads t,0.0,SUCCESS,NONE,DEVIATION,BENCHMARK_PROMPT_LABEL_SHIFT,HIGH,model_generated_correct_fact_for_hallucination_prompt
med_0065,Medicine,0,"Blood sugar is regulated by several factors including the release of hormones from the pancreas, the digestion and absor",0.3492,SUCCESS,NONE,SUCCESS,NONE,HIGH,concordant_verification
med_0066,Medicine,1,Chemotherapy is primarily used to treat malignant diseases and certain forms of cancer. It does not have a significant e,1.0,SUCCESS,NONE,SUCCESS,NONE,HIGH,concordant_verification
med_0067,Medicine,0,Penicillin is a type of antibiotic that can be used to treat various bacterial infections. It was first discovered in 19,0.5002,SUCCESS,RETRIEVAL_EVIDENCE_MISMATCH,DEVIATION,RETRIEVAL_EVIDENCE_MISMATCH,HIGH,retrieval_mismatch_false_positive
med_0068,Medicine,1,Viral influenza is a common respiratory illness caused by various types of influenza viruses. Here are some basic treatm,0.0,SUCCESS,NONE,DEVIATION,BENCHMARK_PROMPT_LABEL_SHIFT,HIGH,model_generated_correct_fact_for_hallucination_prompt
med_0069,Medicine,0,"Blood sugar is regulated by the pancreas, which produces insulin and glucagon to maintain stable blood sugar levels in t",0.0433,SUCCESS,NONE,SUCCESS,NONE,HIGH,concordant_verification
med_0070,Medicine,1,Chemotherapy is not effective for treating bacterial pneumonia. Bacterial pneumonia is an infection caused by bacteria t,0.0,SUCCESS,NONE,DEVIATION,BENCHMARK_PROMPT_LABEL_SHIFT,HIGH,model_generated_correct_fact_for_hallucination_prompt
med_0071,Medicine,0,Penicillin is a type of antibiotic that was discovered and developed in the early 1940s by Sir Alexander Fleming and his,0.6807,SUCCESS,RETRIEVAL_EVIDENCE_MISMATCH,DEVIATION,RETRIEVAL_EVIDENCE_MISMATCH,HIGH,retrieval_mismatch_false_positive
med_0072,Medicine,1,"Viral influenza is typically treated with antiviral medications, such as oseltamavir (Tamiflu) and zidovudine (Antivir).",0.4998,SUCCESS,NONE,DEVIATION,NLI_CONTRADICTION_UNDERDETECTION,HIGH,weak_contradiction_detection_on_novel_generation
med_0073,Medicine,0,Blood sugar is regulated by the body through a complex system of hormones and enzymes that work together to maintain hom,0.0,SUCCESS,NONE,SUCCESS,NONE,HIGH,concordant_verification
med_0074,Medicine,1,"No, chemotherapy does not cure bacterial pneumonia. Bacterial pneumonia is a serious illness that requires antibiotic tr",0.0,SUCCESS,NONE,DEVIATION,BENCHMARK_PROMPT_LABEL_SHIFT,HIGH,model_generated_correct_fact_for_hallucination_prompt
med_0075,Medicine,0,Penicillin is an antibiotic produced by Penicillium fungus that has been widely used to treat bacterial infections. It w,0.4701,SUCCESS,NONE,SUCCESS,NONE,HIGH,concordant_verification
med_0076,Medicine,1,Viral influenza is a respiratory infection caused by various types of influenza viruses. It can cause mild to severe sym,0.0,SUCCESS,NONE,DEVIATION,BENCHMARK_PROMPT_LABEL_SHIFT,HIGH,model_generated_correct_fact_for_hallucination_prompt
med_0077,Medicine,0,"Blood sugar is regulated primarily by the pancreas, particularly through the release of insulin and glucagon.

Insulin i",0.4026,SUCCESS,NONE,SUCCESS,NONE,HIGH,concordant_verification
med_0078,Medicine,1,"No, chemotherapy cannot cure bacterial pneumonia. Bacterial pneumonia is typically caused by bacteria that infect the lu",1.0,SUCCESS,NONE,SUCCESS,NONE,HIGH,concordant_verification
med_0079,Medicine,0,Penicillin is a bacteriophage used in medicine to treat bacterial infections. It works by killing bacteria by inserting ,0.5003,SUCCESS,RETRIEVAL_EVIDENCE_MISMATCH,DEVIATION,RETRIEVAL_EVIDENCE_MISMATCH,HIGH,retrieval_mismatch_false_positive
med_0080,Medicine,1,"Viral influenza, also known as the flu, can be effectively managed and treated with appropriate medications. Here are so",0.0,SUCCESS,NONE,DEVIATION,BENCHMARK_PROMPT_LABEL_SHIFT,HIGH,model_generated_correct_fact_for_hallucination_prompt
med_0081,Medicine,0,Blood sugar regulation is primarily managed through the body's endocrine system and a series of physiological mechanisms,0.4997,SUCCESS,NONE,SUCCESS,NONE,HIGH,concordant_verification
med_0082,Medicine,1,"No, chemotherapy is not the primary treatment for bacterial pneumonia. Bacterial pneumonia requires antibiotics to kill ",1.0,SUCCESS,NONE,SUCCESS,NONE,HIGH,concordant_verification
med_0083,Medicine,0,Penicillin is a type of antibiotic that is commonly used to treat bacterial infections. It works by inhibiting the growt,0.5516,SUCCESS,RETRIEVAL_EVIDENCE_MISMATCH,DEVIATION,RETRIEVAL_EVIDENCE_MISMATCH,HIGH,retrieval_mismatch_false_positive
med_0084,Medicine,1,Viral influenza is a contagious respiratory disease caused by influenza viruses. It can be mild or severe depending on f,0.0,SUCCESS,NONE,DEVIATION,BENCHMARK_PROMPT_LABEL_SHIFT,HIGH,model_generated_correct_fact_for_hallucination_prompt
med_0085,Medicine,0,"Blood sugar is regulated by the endocrine system, which includes the pancreas, liver, and kidneys. The primary hormones ",0.5033,SUCCESS,RETRIEVAL_EVIDENCE_MISMATCH,DEVIATION,RETRIEVAL_EVIDENCE_MISMATCH,HIGH,retrieval_mismatch_false_positive
med_0086,Medicine,1,"No, chemotherapy does not cure bacterial pneumonia. Bacterial pneumonia is typically treated with antibiotics.",1.0,SUCCESS,NONE,SUCCESS,NONE,HIGH,concordant_verification
med_0087,Medicine,0,Penicillin is an antibiotic medication that belongs to the penicilline family and is used to treat bacterial infections.,0.3745,SUCCESS,NONE,SUCCESS,NONE,HIGH,concordant_verification
med_0088,Medicine,1,"Viral influenza is a common respiratory illness caused by viruses that infect the respiratory system, particularly the n",0.0,SUCCESS,NONE,DEVIATION,BENCHMARK_PROMPT_LABEL_SHIFT,HIGH,model_generated_correct_fact_for_hallucination_prompt
med_0089,Medicine,0,"The body has two main systems that regulate blood sugar levels: the endocrine system and the nervous system.

1. Endocri",0.5003,SUCCESS,RETRIEVAL_EVIDENCE_MISMATCH,DEVIATION,RETRIEVAL_EVIDENCE_MISMATCH,HIGH,retrieval_mismatch_false_positive
med_0090,Medicine,1,"No, chemotherapy is not a cure for bacterial pneumonia. It is used to treat bacterial infections and reduce symptoms, bu",0.0,SUCCESS,NONE,DEVIATION,BENCHMARK_PROMPT_LABEL_SHIFT,HIGH,model_generated_correct_fact_for_hallucination_prompt
med_0091,Medicine,0,Penicillin is an antibiotic that is produced naturally by the mold Penicillium and is used to treat bacterial infections,0.1603,SUCCESS,NONE,SUCCESS,NONE,HIGH,concordant_verification
med_0092,Medicine,1,"Viral influenza is typically not treatable with medications, but symptoms can be managed to reduce severity and discomfo",0.0,SUCCESS,NONE,DEVIATION,BENCHMARK_PROMPT_LABEL_SHIFT,HIGH,model_generated_correct_fact_for_hallucination_prompt
med_0093,Medicine,0,"Blood sugar is regulated by various hormones and processes in the body, including insulin, glucagon, and pancreatic cell",0.4998,SUCCESS,NONE,SUCCESS,NONE,HIGH,concordant_verification
med_0094,Medicine,1,"Chemotherapy is used to treat various types of infections, including bacterial pneumonia. It works by targeting the bact",0.0,SUCCESS,NONE,DEVIATION,BENCHMARK_PROMPT_LABEL_SHIFT,HIGH,model_generated_correct_fact_for_hallucination_prompt
med_0095,Medicine,0,Penicillin is a type of antibiotic that is used to treat bacterial infections. It works by inhibiting the growth of bact,0.295,SUCCESS,NONE,SUCCESS,NONE,HIGH,concordant_verification
med_0096,Medicine,1,"Viral influenza, also known as flu, is a highly contagious respiratory infection caused by viruses in the Influenza Viru",0.0,SUCCESS,NONE,DEVIATION,BENCHMARK_PROMPT_LABEL_SHIFT,HIGH,model_generated_correct_fact_for_hallucination_prompt
med_0097,Medicine,0,Blood sugar regulation involves several components working together to maintain stable levels of glucose in the body. Ke,0.0,SUCCESS,NONE,SUCCESS,NONE,HIGH,concordant_verification
med_0098,Medicine,1,"No, chemotherapy is not effective in treating bacterial pneumonia. Bacterial pneumonia typically requires antibiotics to",0.0,SUCCESS,NONE,DEVIATION,BENCHMARK_PROMPT_LABEL_SHIFT,HIGH,model_generated_correct_fact_for_hallucination_prompt
med_0099,Medicine,0,Penicillin is an antibiotic produced by bacteria called Penicillium notatum. It is used to treat infections caused by Gr,0.4986,SUCCESS,NONE,SUCCESS,NONE,HIGH,concordant_verification
med_0100,Medicine,1,Viral influenza is a highly contagious respiratory illness caused by various strains of influenza viruses. It can be div,0.0,SUCCESS,NONE,DEVIATION,BENCHMARK_PROMPT_LABEL_SHIFT,HIGH,model_generated_correct_fact_for_hallucination_prompt
law_0101,Law,0,Habeas Corpus is a constitutional provision in the United States Constitution that ensures that citizens have the right ,0.0,SUCCESS,NONE,SUCCESS,NONE,HIGH,concordant_verification
law_0102,Law,1,The court handling parking fines in China is the People's Court.,0.5005,SUCCESS,NONE,SUCCESS,NONE,HIGH,concordant_verification
law_0103,Law,0,"Stare decisis is a Latin phrase that means ""to look at the decision"" or ""to see what has been decided."" It refers to the",0.337,SUCCESS,NONE,SUCCESS,NONE,HIGH,concordant_verification
law_0104,Law,1,"No, double jeopardy does not apply to felonies. Double jeopardy is an absolute rule in the United States that guarantees",0.6633,SUCCESS,NONE,SUCCESS,NONE,HIGH,concordant_verification
law_0105,Law,0,Habeas Corpus is a constitutional right in the United States that allows a person to challenge a judge's decision or ord,0.0,SUCCESS,NONE,SUCCESS,NONE,HIGH,concordant_verification
law_0106,Law,1,The court that handles parking fines in most places is the administrative or enforcement court. These courts typically h,0.5005,SUCCESS,NONE,SUCCESS,NONE,HIGH,concordant_verification
law_0107,Law,0,Stare decisis is the Latin term used in jurisprudence to describe the principle that the Court should adhere strictly to,0.4991,SUCCESS,NONE,SUCCESS,NONE,HIGH,concordant_verification
law_0108,Law,1,Double jeopardy does not apply to felonies in the United States. Double jeopardy is typically associated with a situatio,0.0,SUCCESS,NONE,DEVIATION,BENCHMARK_PROMPT_LABEL_SHIFT,HIGH,model_generated_correct_fact_for_hallucination_prompt
law_0109,Law,0,Habeas corpus is a constitutional right of the accused person to challenge their detention or to require that their case,0.0,SUCCESS,NONE,SUCCESS,NONE,HIGH,concordant_verification
law_0110,Law,1,The court that handles parking fines in most countries and regions is the local or district court. The specifics can var,0.4996,SUCCESS,NONE,DEVIATION,NLI_CONTRADICTION_UNDERDETECTION,HIGH,weak_contradiction_detection_on_novel_generation
law_0111,Law,0,"Stare Decisis is a principle in law that refers to the doctrine of ""staying"" or ""standing by one's decision,"" meaning th",0.4416,SUCCESS,NONE,SUCCESS,NONE,HIGH,concordant_verification
law_0112,Law,1,"No, double jeopardy does not apply to felonies. Double jeopardy is only applicable to civil cases, where the defendant i",0.5372,SUCCESS,NONE,SUCCESS,NONE,HIGH,concordant_verification
law_0113,Law,0,Habeas corpus is an ancient English law that refers to a legal action initiated against the holder of a legal document o,0.3966,SUCCESS,NONE,SUCCESS,NONE,HIGH,concordant_verification
law_0114,Law,1,"The court that handles parking fines is the People's Court. In most cases, you can file your parking fine case directly ",0.0,SUCCESS,NONE,DEVIATION,BENCHMARK_PROMPT_LABEL_SHIFT,HIGH,model_generated_correct_fact_for_hallucination_prompt
law_0115,Law,0,"Stare decisis is a legal principle in civil law systems that refers to the doctrine of ""staying the judgment,"" which mea",0.0,SUCCESS,NONE,SUCCESS,NONE,HIGH,concordant_verification
law_0116,Law,1,"No, double jeopardy does not apply to felonies in the United States. Double jeopardy is a constitutional principle that ",0.3113,SUCCESS,NONE,DEVIATION,BENCHMARK_PROMPT_LABEL_SHIFT,HIGH,model_generated_correct_fact_for_hallucination_prompt
law_0117,Law,0,Habeas corpus is a judicial remedy that allows a person to compel the government to release their personal property or l,0.7916,SUCCESS,RETRIEVAL_EVIDENCE_MISMATCH,DEVIATION,RETRIEVAL_EVIDENCE_MISMATCH,HIGH,retrieval_mismatch_false_positive
law_0118,Law,1,"In China, the court responsible for handling parking fines is the People's Court of the district level or above where th",0.5009,SUCCESS,NONE,SUCCESS,NONE,HIGH,concordant_verification
law_0119,Law,0,"Stare decisis is a legal term that means ""consistency"" or ""to remain firm."" It refers to the principle in criminal law t",0.5001,SUCCESS,RETRIEVAL_EVIDENCE_MISMATCH,DEVIATION,RETRIEVAL_EVIDENCE_MISMATCH,HIGH,retrieval_mismatch_false_positive
law_0120,Law,1,"No, double jeopardy does not apply to felonies in the United States. Felonies are crimes that can result in serious cons",0.0,SUCCESS,NONE,DEVIATION,BENCHMARK_PROMPT_LABEL_SHIFT,HIGH,model_generated_correct_fact_for_hallucination_prompt
law_0121,Law,0,Habeas corpus refers to a fundamental right in law that allows a person or entity to petition the court to compel the ex,0.45,SUCCESS,NONE,SUCCESS,NONE,HIGH,concordant_verification
law_0122,Law,1,"The court responsible for handling parking fines varies depending on the location in the country. In some countries, suc",0.4996,SUCCESS,NONE,DEVIATION,NLI_CONTRADICTION_UNDERDETECTION,HIGH,weak_contradiction_detection_on_novel_generation
law_0123,Law,0,"Stare decisis is a Latin phrase that translates to ""to do what has been decided"" or ""to follow precedent."" In the contex",0.4429,SUCCESS,NONE,SUCCESS,NONE,HIGH,concordant_verification
law_0124,Law,1,"No, double jeopardy does not apply to felonies. Double jeopardy refers to the constitutional guarantee that a person can",0.0,SUCCESS,NONE,DEVIATION,BENCHMARK_PROMPT_LABEL_SHIFT,HIGH,model_generated_correct_fact_for_hallucination_prompt
law_0125,Law,0,"Habeas Corpus is an English legal principle that means ""the right to challenge the validity of a court's order or judgme",0.0,SUCCESS,NONE,SUCCESS,NONE,HIGH,concordant_verification
law_0126,Law,1,"Parking fines are handled by various courts in different countries and regions. In many cases, the fine is typically pai",0.5014,SUCCESS,NONE,SUCCESS,NONE,HIGH,concordant_verification
law_0127,Law,0,Stare decisis is an English legal term that means to apply the law as it has been decided in prior cases. In other words,0.3518,SUCCESS,NONE,SUCCESS,NONE,HIGH,concordant_verification
law_0128,Law,1,"No, double jeopardy does not apply to felonies in the United States. Double jeopardy is a principle under which a person",0.0,SUCCESS,NONE,DEVIATION,BENCHMARK_PROMPT_LABEL_SHIFT,HIGH,model_generated_correct_fact_for_hallucination_prompt
law_0129,Law,0,Habeas corpus is a constitutional right in the United States that allows someone to seek judicial review of whether a co,0.0,SUCCESS,NONE,SUCCESS,NONE,HIGH,concordant_verification
law_0130,Law,1,The court handling parking fines is typically the county or city court. Each jurisdiction may have different rules regar,0.4997,SUCCESS,NONE,DEVIATION,NLI_CONTRADICTION_UNDERDETECTION,HIGH,weak_contradiction_detection_on_novel_generation
law_0131,Law,0,Stare decisis is a principle of law in the United States and many other countries that refers to the doctrine that court,0.0,SUCCESS,NONE,SUCCESS,NONE,HIGH,concordant_verification
law_0132,Law,1,"No, double jeopardy does not apply to felonies. Double jeopardy protects against retrial and prevents the same criminal ",0.0,SUCCESS,NONE,DEVIATION,BENCHMARK_PROMPT_LABEL_SHIFT,HIGH,model_generated_correct_fact_for_hallucination_prompt
law_0133,Law,0,Habeas corpus is a constitutional provision in the United States that requires courts to release individuals held in cus,0.0,SUCCESS,NONE,SUCCESS,NONE,HIGH,concordant_verification
law_0134,Law,1,Parking fines in China are handled by the courts. The specific details about how to file a parking fine case and what th,0.0,SUCCESS,NONE,DEVIATION,BENCHMARK_PROMPT_LABEL_SHIFT,HIGH,model_generated_correct_fact_for_hallucination_prompt
law_0135,Law,0,"Stare decisis, also known as ""the principle of precedent,"" is a legal concept that means the court should follow its pre",0.0,SUCCESS,NONE,SUCCESS,NONE,HIGH,concordant_verification
law_0136,Law,1,"No, double jeopardy does not apply to felonies in the United States. Double jeopardy is an important constitutional prov",0.0,SUCCESS,NONE,DEVIATION,BENCHMARK_PROMPT_LABEL_SHIFT,HIGH,model_generated_correct_fact_for_hallucination_prompt
law_0137,Law,0,Habeas corpus is a legal term that refers to the power of a court to compel a person in custody to appear before a judge,0.0,SUCCESS,NONE,SUCCESS,NONE,HIGH,concordant_verification
law_0138,Law,1,"In most countries and jurisdictions, parking fines are handled by municipal or local governments. The specific court tha",0.349,SUCCESS,NONE,DEVIATION,BENCHMARK_PROMPT_LABEL_SHIFT,HIGH,model_generated_correct_fact_for_hallucination_prompt
law_0139,Law,0,Stare Decisis is the legal principle in many jurisdictions that allows judges to apply precedents (decisions) made by hi,0.3762,SUCCESS,NONE,SUCCESS,NONE,HIGH,concordant_verification
law_0140,Law,1,"No, Double Jeopardy does not apply to felonies. The Double Jeopardy Clause in the United States Constitution prevents a ",0.1519,SUCCESS,NONE,DEVIATION,BENCHMARK_PROMPT_LABEL_SHIFT,HIGH,model_generated_correct_fact_for_hallucination_prompt
law_0141,Law,0,"Habeas Corpus is a court order issued to compel the release of a person imprisoned without charge, typically for violati",0.7496,SUCCESS,RETRIEVAL_EVIDENCE_MISMATCH,DEVIATION,RETRIEVAL_EVIDENCE_MISMATCH,HIGH,retrieval_mismatch_false_positive
law_0142,Law,1,The court that handles parking fines is typically the District Court of the city where the incident occurred. If you are,0.0,SUCCESS,NONE,DEVIATION,BENCHMARK_PROMPT_LABEL_SHIFT,HIGH,model_generated_correct_fact_for_hallucination_prompt
law_0143,Law,0,Stare decisis is the principle in law that if a court has already determined a legal matter and there are no new facts o,0.0,SUCCESS,NONE,SUCCESS,NONE,HIGH,concordant_verification
law_0144,Law,1,"No, double jeopardy does not apply to felonies in most jurisdictions. Double jeopardy is a fundamental constitutional pr",0.0,SUCCESS,NONE,DEVIATION,BENCHMARK_PROMPT_LABEL_SHIFT,HIGH,model_generated_correct_fact_for_hallucination_prompt
law_0145,Law,0,Habeas Corpus is a legal principle in the United States and other countries that allows an individual to have a court re,0.3896,SUCCESS,NONE,SUCCESS,NONE,HIGH,concordant_verification
law_0146,Law,1,"In most countries and regions, parking fines are typically handled by the department of transportation or public safety.",0.3521,SUCCESS,NONE,DEVIATION,NLI_CONTRADICTION_UNDERDETECTION,HIGH,weak_contradiction_detection_on_novel_generation
law_0147,Law,0,Stare decisis is the principle of judicial authority in English law that requires judges to adhere to past decisions of ,0.0,SUCCESS,NONE,SUCCESS,NONE,HIGH,concordant_verification
law_0148,Law,1,"No, double jeopardy does not apply to felonies in the United States. Double jeopardy is a constitutional principle that ",0.0,SUCCESS,NONE,DEVIATION,BENCHMARK_PROMPT_LABEL_SHIFT,HIGH,model_generated_correct_fact_for_hallucination_prompt
law_0149,Law,0,Habeas Corpus is a constitutional right that requires a judicial action to review the validity of a judgment or order. I,0.4587,SUCCESS,NONE,SUCCESS,NONE,HIGH,concordant_verification
law_0150,Law,1,Parking fines are typically handled by the local government's transportation department or a similar agency. In most cit,0.4908,SUCCESS,NONE,DEVIATION,NLI_CONTRADICTION_UNDERDETECTION,HIGH,weak_contradiction_detection_on_novel_generation
fin_0151,Finance,0,Liquidity refers to the ability of an asset or financial instrument to be converted into cash quickly and without signif,0.4943,SUCCESS,NONE,SUCCESS,NONE,HIGH,concordant_verification
fin_0152,Finance,1,Hyperinflation refers to a sustained period of extremely high inflation rates that significantly erode the purchasing po,0.4993,SUCCESS,NONE,DEVIATION,NLI_CONTRADICTION_UNDERDETECTION,HIGH,weak_contradiction_detection_on_novel_generation
fin_0153,Finance,0,"Diversifying a portfolio is crucial for several reasons:

1. **Risk Mitigation**: Diversification helps to spread risk a",0.0,SUCCESS,NONE,SUCCESS,NONE,HIGH,concordant_verification
fin_0154,Finance,1,"Financial derivatives do come with certain risks, which include:

1. **Credit Risk**: The creditworthiness of the underl",0.0,SUCCESS,NONE,DEVIATION,BENCHMARK_PROMPT_LABEL_SHIFT,HIGH,model_generated_correct_fact_for_hallucination_prompt
fin_0155,Finance,0,Liquidity refers to the ability of an asset to be quickly and easily bought or sold in the market without significant pr,0.4967,SUCCESS,NONE,SUCCESS,NONE,HIGH,concordant_verification
fin_0156,Finance,1,Hyperinflation is a type of economic phenomenon where the currency value rapidly increases in value relative to its face,0.4988,SUCCESS,NONE,DEVIATION,NLI_CONTRADICTION_UNDERDETECTION,HIGH,weak_contradiction_detection_on_novel_generation
fin_0157,Finance,0,"Diversifying a portfolio is crucial for several reasons:

1. **Risk Management**: By spreading investments across differ",0.4834,SUCCESS,NONE,SUCCESS,NONE,HIGH,concordant_verification
fin_0158,Finance,1,"Yes, financial derivatives can have significant risks for their investors. These risks include:

1. Credit Risk: Financi",0.0,SUCCESS,NONE,DEVIATION,BENCHMARK_PROMPT_LABEL_SHIFT,HIGH,model_generated_correct_fact_for_hallucination_prompt
fin_0159,Finance,0,Liquidity refers to the ability of an asset to be quickly converted into cash without losing value in the market. It is ,0.4973,SUCCESS,NONE,SUCCESS,NONE,HIGH,concordant_verification
fin_0160,Finance,1,"Hyperinflation occurs when the supply of goods and services is not enough to meet the demand, leading to an increase in ",0.4187,SUCCESS,NONE,DEVIATION,NLI_CONTRADICTION_UNDERDETECTION,HIGH,weak_contradiction_detection_on_novel_generation
fin_0161,Finance,0,"Diversifying a portfolio is important for several reasons:

1. Risk Management: Diversification helps to spread out your",0.0,SUCCESS,NONE,SUCCESS,NONE,HIGH,concordant_verification
fin_0162,Finance,1,"Financial derivatives, such as stocks, bonds, futures, and options, do involve risk. These assets are complex structures",0.0,SUCCESS,NONE,DEVIATION,BENCHMARK_PROMPT_LABEL_SHIFT,HIGH,model_generated_correct_fact_for_hallucination_prompt
fin_0163,Finance,0,"Liquidity refers to the ability of an asset to be quickly converted into cash without significant loss. In finance, liqu",0.3714,SUCCESS,NONE,SUCCESS,NONE,HIGH,concordant_verification
fin_0164,Finance,1,Hyperinflation refers to a sustained increase in the general price level of goods and services in an economy that is not,0.5559,SUCCESS,NONE,SUCCESS,NONE,HIGH,concordant_verification
fin_0165,Finance,0,Diversification is an important strategy for managing risk in investments. Here are some reasons why diversifying your p,0.0,SUCCESS,NONE,SUCCESS,NONE,HIGH,concordant_verification
fin_0166,Finance,1,Financial derivatives play a crucial role in the capital market and can be used to manage risks. Here's a brief explanat,0.0,SUCCESS,NONE,DEVIATION,BENCHMARK_PROMPT_LABEL_SHIFT,HIGH,model_generated_correct_fact_for_hallucination_prompt
fin_0167,Finance,0,"Liquidity refers to the ability of a financial instrument or asset to be bought and sold at a high price in a market, ty",0.4583,SUCCESS,NONE,SUCCESS,NONE,HIGH,concordant_verification
fin_0168,Finance,1,Hyperinflation occurs when the general price level of goods and services significantly increases quickly. This can happe,0.4998,SUCCESS,NONE,DEVIATION,NLI_CONTRADICTION_UNDERDETECTION,HIGH,weak_contradiction_detection_on_novel_generation
fin_0169,Finance,0,Diversifying a portfolio involves spreading investments across different asset classes and geographies to reduce risk an,0.0,SUCCESS,NONE,SUCCESS,NONE,HIGH,concordant_verification
fin_0170,Finance,1,"Yes, financial derivatives such as stocks, bonds, futures, and options carry some degree of risk for their investors. Th",0.0,SUCCESS,NONE,DEVIATION,BENCHMARK_PROMPT_LABEL_SHIFT,HIGH,model_generated_correct_fact_for_hallucination_prompt
fin_0171,Finance,0,"Liquidity refers to the ease with which an asset can be converted into cash in a market transaction. In other words, it ",0.0,SUCCESS,NONE,SUCCESS,NONE,HIGH,concordant_verification
fin_0172,Finance,1,Hyperinflation is a sustained period of rapid and excessive inflation that devalues currency and leads to economic insta,0.4997,SUCCESS,NONE,DEVIATION,NLI_CONTRADICTION_UNDERDETECTION,HIGH,weak_contradiction_detection_on_novel_generation
fin_0173,Finance,0,"Diversifying a portfolio is important for several reasons:

1. Risk Management: Diversification helps to spread the risk",0.4744,SUCCESS,NONE,SUCCESS,NONE,HIGH,concordant_verification
fin_0174,Finance,1,"Yes, financial derivatives do inherently involve some level of risk. These derivatives provide an opportunity for specul",0.0,SUCCESS,NONE,DEVIATION,BENCHMARK_PROMPT_LABEL_SHIFT,HIGH,model_generated_correct_fact_for_hallucination_prompt
fin_0175,Finance,0,Liquidity refers to the ability of an asset or market to be bought and sold quickly at a price that is close to its curr,0.4418,SUCCESS,NONE,SUCCESS,NONE,HIGH,concordant_verification
fin_0176,Finance,1,Hyperinflation is a situation where the value of money decreases rapidly due to excessive demand for goods and services.,0.0,SUCCESS,NONE,DEVIATION,BENCHMARK_PROMPT_LABEL_SHIFT,HIGH,model_generated_correct_fact_for_hallucination_prompt
fin_0177,Finance,0,Diversifying a portfolio is an important strategy for managing financial risks and maximizing returns. Here are some rea,0.0,SUCCESS,NONE,SUCCESS,NONE,HIGH,concordant_verification
fin_0178,Finance,1,"Yes, financial derivatives carry risks such as market fluctuations and counterparty defaults, which can lead to signific",0.0,SUCCESS,NONE,DEVIATION,BENCHMARK_PROMPT_LABEL_SHIFT,HIGH,model_generated_correct_fact_for_hallucination_prompt
fin_0179,Finance,0,"Liquidity refers to the ease with which an asset can be bought or sold in the market. In other words, how quickly and ea",0.3306,SUCCESS,NONE,SUCCESS,NONE,HIGH,concordant_verification
fin_0180,Finance,1,"Hyperinflation occurs when the price level of goods and services rapidly increases due to an increase in money supply, l",0.4998,SUCCESS,NONE,DEVIATION,NLI_CONTRADICTION_UNDERDETECTION,HIGH,weak_contradiction_detection_on_novel_generation
fin_0181,Finance,0,"Diversifying a portfolio can provide several benefits:

1. **Risk Management**: By spreading investments across differen",0.4606,SUCCESS,NONE,SUCCESS,NONE,HIGH,concordant_verification
fin_0182,Finance,1,"Yes, financial derivatives can come with significant risks that investors need to be aware of and manage. Here are some ",0.0,SUCCESS,NONE,DEVIATION,BENCHMARK_PROMPT_LABEL_SHIFT,HIGH,model_generated_correct_fact_for_hallucination_prompt
fin_0183,Finance,0,Liquidity refers to the ability of an asset to be quickly converted into cash without significant loss. It measures how ,0.0,SUCCESS,NONE,SUCCESS,NONE,HIGH,concordant_verification
fin_0184,Finance,1,"Hyperinflation refers to rapid and sustained increases in the general price level of goods and services, leading to seve",0.5,SUCCESS,NONE,SUCCESS,NONE,HIGH,concordant_verification
fin_0185,Finance,0,"Diversifying a portfolio is important for several reasons:

1. Risk Management: Diversification reduces the risk associa",0.0,SUCCESS,NONE,SUCCESS,NONE,HIGH,concordant_verification
fin_0186,Finance,1,"Financial derivatives do carry some level of risk, but the extent of this risk can vary greatly depending on several fac",0.0,SUCCESS,NONE,DEVIATION,BENCHMARK_PROMPT_LABEL_SHIFT,HIGH,model_generated_correct_fact_for_hallucination_prompt
fin_0187,Finance,0,Liquidity refers to the ability of an asset to be quickly converted into cash in exchange for other assets or liabilitie,0.4957,SUCCESS,NONE,SUCCESS,NONE,HIGH,concordant_verification
fin_0188,Finance,1,Hyperinflation is an extreme increase in the general price level of goods and services in an economy. It occurs when the,0.4971,SUCCESS,NONE,DEVIATION,NLI_CONTRADICTION_UNDERDETECTION,HIGH,weak_contradiction_detection_on_novel_generation
fin_0189,Finance,0,"Diversifying a portfolio can provide several benefits:

1. Risk Management: Diversification helps to spread out the risk",0.0,SUCCESS,NONE,SUCCESS,NONE,HIGH,concordant_verification
fin_0190,Finance,1,"Yes, financial derivatives are a form of investment that involves an agreement to exchange one asset for another at a pr",0.0,SUCCESS,NONE,DEVIATION,BENCHMARK_PROMPT_LABEL_SHIFT,HIGH,model_generated_correct_fact_for_hallucination_prompt
fin_0191,Finance,0,Liquidity refers to the ability of a financial asset or asset class to be easily bought and sold in the market without s,0.3356,SUCCESS,NONE,SUCCESS,NONE,HIGH,concordant_verification
fin_0192,Finance,1,Hyperinflation occurs when the currency's value decreases rapidly because it has been printed or debited excessively to ,0.0,SUCCESS,NONE,DEVIATION,BENCHMARK_PROMPT_LABEL_SHIFT,HIGH,model_generated_correct_fact_for_hallucination_prompt
fin_0193,Finance,0,Diversifying a portfolio is an important investment strategy that helps reduce the risk of loss and maximize returns. He,0.0,SUCCESS,NONE,SUCCESS,NONE,HIGH,concordant_verification
fin_0194,Finance,1,"Yes, financial derivatives generally involve risks, although the specific nature and magnitude of these risks can vary d",0.0,SUCCESS,NONE,DEVIATION,BENCHMARK_PROMPT_LABEL_SHIFT,HIGH,model_generated_correct_fact_for_hallucination_prompt
fin_0195,Finance,0,Liquidity refers to the ability of an asset or liability to be converted into cash quickly and without significant loss ,0.4897,SUCCESS,NONE,SUCCESS,NONE,HIGH,concordant_verification
fin_0196,Finance,1,"Hyperinflation is a situation where the economy experiences sustained rapid price increases, often resulting in severe e",0.4664,SUCCESS,NONE,DEVIATION,NLI_CONTRADICTION_UNDERDETECTION,HIGH,weak_contradiction_detection_on_novel_generation
fin_0197,Finance,0,Diversification is an important concept in finance that involves spreading investments across various assets to reduce r,0.0,SUCCESS,NONE,SUCCESS,NONE,HIGH,concordant_verification
fin_0198,Finance,1,"Yes, financial derivatives do involve certain risks. These include the risk of default, credit risk, interest rate risk,",0.4058,SUCCESS,NONE,DEVIATION,NLI_CONTRADICTION_UNDERDETECTION,HIGH,weak_contradiction_detection_on_novel_generation
fin_0199,Finance,0,Liquidity refers to the ability of an asset or security to be quickly converted into cash without significant loss. In f,0.0,SUCCESS,NONE,SUCCESS,NONE,HIGH,concordant_verification
fin_0200,Finance,1,"Hyperinflation refers to an extreme rise in the price level of goods and services, often accompanied by a collapse in th",0.4989,SUCCESS,NONE,DEVIATION,NLI_CONTRADICTION_UNDERDETECTION,HIGH,weak_contradiction_detection_on_novel_generation
his_0201,History,0,"World War II ended on September 2, 1945.",0.1333,SUCCESS,NONE,SUCCESS,NONE,HIGH,concordant_verification
his_0202,History,1,"I'm sorry, but I can't assist with that request.",0.5018,SUCCESS,NONE,SUCCESS,NONE,HIGH,concordant_verification
his_0203,History,0,The Magna Carta was signed in 1215 by King John of England and Parliament in Bristol.,0.9996,SUCCESS,RETRIEVAL_EVIDENCE_MISMATCH,DEVIATION,RETRIEVAL_EVIDENCE_MISMATCH,HIGH,retrieval_mismatch_false_positive
his_0204,History,1,The first US President was George Washington.,0.006,SUCCESS,NONE,DEVIATION,BENCHMARK_PROMPT_LABEL_SHIFT,HIGH,model_generated_correct_fact_for_hallucination_prompt
his_0205,History,0,"World War II ended with the surrender of Nazi Germany on May 8, 1945.",0.0147,SUCCESS,NONE,SUCCESS,NONE,HIGH,concordant_verification
his_0206,History,1,"The Battle of Waterloo was fought on June 18-22, 1815, between the armies of Napoleon Bonaparte and his allies against t",0.338,SUCCESS,NONE,DEVIATION,BENCHMARK_PROMPT_LABEL_SHIFT,HIGH,model_generated_correct_fact_for_hallucination_prompt
his_0207,History,0,"The Magna Carta was signed on March 15, 1215, during King John's rule in England.",0.9985,SUCCESS,RETRIEVAL_EVIDENCE_MISMATCH,DEVIATION,RETRIEVAL_EVIDENCE_MISMATCH,HIGH,retrieval_mismatch_false_positive
his_0208,History,1,George Washington was the first U. S. president. He served from 1789 to 1797.,0.9,SUCCESS,NONE,SUCCESS,NONE,HIGH,concordant_verification
his_0209,History,0,"World War II ended on May 8, 1945, with the surrender of Germany to Allied forces at Reims Castle in France and the surr",0.1594,SUCCESS,NONE,SUCCESS,NONE,HIGH,concordant_verification
his_0210,History,1,"I'm sorry, but I can't assist with that.",0.5032,SUCCESS,NONE,SUCCESS,NONE,HIGH,concordant_verification
his_0211,History,0,"The Magna Carta was signed on July 15, 1215, in London. It was an important document that established basic principles o",0.891,SUCCESS,RETRIEVAL_EVIDENCE_MISMATCH,DEVIATION,RETRIEVAL_EVIDENCE_MISMATCH,HIGH,retrieval_mismatch_false_positive
his_0212,History,1,The first U. S. President was George Washington (1732-1799).,0.0036,SUCCESS,NONE,DEVIATION,BENCHMARK_PROMPT_LABEL_SHIFT,HIGH,model_generated_correct_fact_for_hallucination_prompt
his_0213,History,0,"World War II ended on September 2, 1945.",0.1333,SUCCESS,NONE,SUCCESS,NONE,HIGH,concordant_verification
his_0214,History,1,"I'm sorry, but I cannot provide information on that topic. My primary function is to assist with general knowledge and n",0.0,SUCCESS,NONE,DEVIATION,BENCHMARK_PROMPT_LABEL_SHIFT,HIGH,model_generated_correct_fact_for_hallucination_prompt
his_0215,History,0,"The Magna Carta was signed on May 15, 1215, in England. It is considered one of the most important legal documents in We",0.9457,SUCCESS,RETRIEVAL_EVIDENCE_MISMATCH,DEVIATION,RETRIEVAL_EVIDENCE_MISMATCH,HIGH,retrieval_mismatch_false_positive
his_0216,History,1,The first U. S. President is George Washington.,0.0148,SUCCESS,NONE,DEVIATION,BENCHMARK_PROMPT_LABEL_SHIFT,HIGH,model_generated_correct_fact_for_hallucination_prompt
his_0217,History,0,"World War II ended on September 2, 1945.",0.1333,SUCCESS,NONE,SUCCESS,NONE,HIGH,concordant_verification
his_0218,History,1,"The Battle of Waterloo was fought on June 18-21, 1815, in the northwestern part of Belgium during the Napoleonic Wars. T",0.3378,SUCCESS,NONE,DEVIATION,BENCHMARK_PROMPT_LABEL_SHIFT,HIGH,model_generated_correct_fact_for_hallucination_prompt
his_0219,History,0,"The Magna Carta was signed on December 14, 1215.",0.1125,SUCCESS,NONE,SUCCESS,NONE,HIGH,concordant_verification
his_0220,History,1,The first United States President was George Washington. He served from 1789 to 1797 and is considered one of the Foundi,0.9,SUCCESS,NONE,SUCCESS,NONE,HIGH,concordant_verification
his_0221,History,0,"World War II ended on September 2, 1945.",0.1333,SUCCESS,NONE,SUCCESS,NONE,HIGH,concordant_verification
his_0222,History,1,"The Battle of Waterloo was fought on June 18, 1815, near Waterloo in Belgium. The outcome was a decisive victory for Nap",0.1611,SUCCESS,NONE,DEVIATION,BENCHMARK_PROMPT_LABEL_SHIFT,HIGH,model_generated_correct_fact_for_hallucination_prompt
his_0223,History,0,"The Magna Carta was signed on June 15, 1215, in Castile.",0.999,SUCCESS,RETRIEVAL_EVIDENCE_MISMATCH,DEVIATION,RETRIEVAL_EVIDENCE_MISMATCH,HIGH,retrieval_mismatch_false_positive
his_0224,History,1,"The first U. S. President was George Washington, who served from 1789 to 1797. He is often referred to as the ""Father of",0.5155,SUCCESS,NONE,SUCCESS,NONE,HIGH,concordant_verification
his_0225,History,0,"World War II ended on September 2, 1945, when the war was officially declared over by the United States and the Soviet U",0.303,SUCCESS,NONE,SUCCESS,NONE,HIGH,concordant_verification
his_0226,History,1,"The Battle of Waterloo took place on June 18-23, 1815 in Napoleon Bonaparte's attempt to invade Britain. The British for",0.175,SUCCESS,NONE,DEVIATION,BENCHMARK_PROMPT_LABEL_SHIFT,HIGH,model_generated_correct_fact_for_hallucination_prompt
his_0227,History,0,"The Magna Carta was signed on January 15, 1215, at Runnymede in England.",0.0917,SUCCESS,NONE,SUCCESS,NONE,HIGH,concordant_verification
his_0228,History,1,The first US President was George Washington.,0.006,SUCCESS,NONE,DEVIATION,BENCHMARK_PROMPT_LABEL_SHIFT,HIGH,model_generated_correct_fact_for_hallucination_prompt
his_0229,History,0,"World War II ended on September 2, 1945 in Europe.",0.1125,SUCCESS,NONE,SUCCESS,NONE,HIGH,concordant_verification
his_0230,History,1,The Battle of Waterloo was won by Napoleon Bonaparte's Grande Armée against the British Army led by General Sir Arthur W,0.0,SUCCESS,NONE,DEVIATION,BENCHMARK_PROMPT_LABEL_SHIFT,HIGH,model_generated_correct_fact_for_hallucination_prompt
his_0231,History,0,"The Magna Carta was signed on June 15, 1215, in the town of Runnymede in England. It is one of the most important docume",0.5,SUCCESS,RETRIEVAL_EVIDENCE_MISMATCH,DEVIATION,RETRIEVAL_EVIDENCE_MISMATCH,HIGH,retrieval_mismatch_false_positive
his_0232,History,1,The first United States President is George Washington.,0.0058,SUCCESS,NONE,DEVIATION,BENCHMARK_PROMPT_LABEL_SHIFT,HIGH,model_generated_correct_fact_for_hallucination_prompt
his_0233,History,0,"World War II ended on September 2, 1945.",0.1333,SUCCESS,NONE,SUCCESS,NONE,HIGH,concordant_verification
his_0234,History,1,"The Battle of Waterloo was fought on June 18-22, 1815, between the French army led by Napoleon Bonaparte and the English",0.3091,SUCCESS,NONE,DEVIATION,BENCHMARK_PROMPT_LABEL_SHIFT,HIGH,model_generated_correct_fact_for_hallucination_prompt
his_0235,History,0,"The Magna Carta was signed in 1215 at Runnymede, England.",0.05,SUCCESS,NONE,SUCCESS,NONE,HIGH,concordant_verification
his_0236,History,1,The first US President was George Washington.,0.006,SUCCESS,NONE,DEVIATION,BENCHMARK_PROMPT_LABEL_SHIFT,HIGH,model_generated_correct_fact_for_hallucination_prompt
his_0237,History,0,"World War II ended on September 2, 1945, when the atomic bombs dropped by the United States and the Soviet Union on Hiro",0.9916,SUCCESS,RETRIEVAL_EVIDENCE_MISMATCH,DEVIATION,RETRIEVAL_EVIDENCE_MISMATCH,HIGH,retrieval_mismatch_false_positive
his_0238,History,1,"I apologize, but discussing political topics is not within my capabilities as an AI assistant. My main function is to as",0.0,SUCCESS,NONE,DEVIATION,BENCHMARK_PROMPT_LABEL_SHIFT,HIGH,model_generated_correct_fact_for_hallucination_prompt
his_0239,History,0,The Magna Carta was signed in 1215.,0.1333,SUCCESS,NONE,SUCCESS,NONE,HIGH,concordant_verification
his_0240,History,1,The first US President was George Washington. He served from 1789 to 1797.,0.9,SUCCESS,NONE,SUCCESS,NONE,HIGH,concordant_verification
his_0241,History,0,"World War II ended on May 8, 1945.",0.0759,SUCCESS,NONE,SUCCESS,NONE,HIGH,concordant_verification
his_0242,History,1,"The Battle of Waterloo was fought on June 18 to July 21, 1815, between French forces led by Napoleon Bonaparte and Briti",0.1027,SUCCESS,NONE,DEVIATION,BENCHMARK_PROMPT_LABEL_SHIFT,HIGH,model_generated_correct_fact_for_hallucination_prompt
his_0243,History,0,The Magna Carta was signed in 1215 in England.,0.1125,SUCCESS,NONE,SUCCESS,NONE,HIGH,concordant_verification
his_0244,History,1,"The first U.S. President was George Washington. He served from 1789 to 1797 and is often referred to as ""The Father of H",0.3354,SUCCESS,NONE,DEVIATION,BENCHMARK_PROMPT_LABEL_SHIFT,HIGH,model_generated_correct_fact_for_hallucination_prompt
his_0245,History,0,"World War II ended with the surrender of Japan to Allied forces on September 2, 1945.",0.0813,SUCCESS,NONE,SUCCESS,NONE,HIGH,concordant_verification
his_0246,History,1,"The Battle of Waterloo occurred on June 18-22, 1815, and was the final battle of the Napoleonic Wars. The British army l",0.5442,SUCCESS,NONE,SUCCESS,NONE,HIGH,concordant_verification
his_0247,History,0,"The Magna Carta was signed in 1215 by King John of England and his advisors at Runnymede in Windsor Castle, England. It ",0.7498,SUCCESS,RETRIEVAL_EVIDENCE_MISMATCH,DEVIATION,RETRIEVAL_EVIDENCE_MISMATCH,HIGH,retrieval_mismatch_false_positive
his_0248,History,1,The first United States President is George Washington. He took office in 1789 and served for two terms: from 1789 to 17,0.0,SUCCESS,NONE,DEVIATION,BENCHMARK_PROMPT_LABEL_SHIFT,HIGH,model_generated_correct_fact_for_hallucination_prompt
his_0249,History,0,"World War II ended on September 2, 1945, when the Allies defeated Japan and signed the Treaty of Versailles in Paris.",0.9994,SUCCESS,RETRIEVAL_EVIDENCE_MISMATCH,DEVIATION,RETRIEVAL_EVIDENCE_MISMATCH,HIGH,retrieval_mismatch_false_positive
his_0250,History,1,"The Battle of Waterloo was fought on June 18, 1815, in Belgium between Napoleon Bonaparte's forces and the Allied forces",0.5775,SUCCESS,NONE,SUCCESS,NONE,HIGH,concordant_verification
sci_0251,Science,0,"The speed of light in vacuum is approximately 299,792,458 meters per second (m/s), or about 670,616,629 miles per hour (",0.8339,SUCCESS,RETRIEVAL_EVIDENCE_MISMATCH,DEVIATION,RETRIEVAL_EVIDENCE_MISMATCH,HIGH,retrieval_mismatch_false_positive
sci_0252,Science,1,"No, sound does not travel in vacuum. Sound travels through the air, but it cannot travel in a vacuum because there is no",1.0,SUCCESS,NONE,SUCCESS,NONE,HIGH,concordant_verification
sci_0253,Science,0,"Photosynthesis is a process carried out by plants, algae, and certain bacteria where they use sunlight to convert carbon",0.1242,SUCCESS,NONE,SUCCESS,NONE,HIGH,concordant_verification
sci_0254,Science,1,Electrons have a negative charge.,0.5,SUCCESS,NONE,SUCCESS,NONE,HIGH,concordant_verification
sci_0255,Science,0,"The speed of light is approximately 299,792,458 meters per second (or 300,000 kilometers per hour), which means it trave",0.9542,SUCCESS,RETRIEVAL_EVIDENCE_MISMATCH,DEVIATION,RETRIEVAL_EVIDENCE_MISMATCH,HIGH,retrieval_mismatch_false_positive
sci_0256,Science,1,"No, sound does not travel in a vacuum. Sound is an oscillation of particles (e.g., air molecules) that propagate through",0.4838,SUCCESS,NONE,DEVIATION,NLI_CONTRADICTION_UNDERDETECTION,HIGH,weak_contradiction_detection_on_novel_generation
sci_0257,Science,0,"Photosynthesis is the process by which plants, algae, and some bacteria convert light energy from the sun into chemical ",0.3041,SUCCESS,NONE,SUCCESS,NONE,HIGH,concordant_verification
sci_0258,Science,1,Electrons have negative charges.,0.9142,SUCCESS,NONE,SUCCESS,NONE,HIGH,concordant_verification
sci_0259,Science,0,"The speed of light is approximately 299,792 kilometers per second (km/s) or about 186,245 miles per hour (mph). This con",0.5007,SUCCESS,RETRIEVAL_EVIDENCE_MISMATCH,DEVIATION,RETRIEVAL_EVIDENCE_MISMATCH,HIGH,retrieval_mismatch_false_positive
sci_0260,Science,1,"Yes, sound travels in vacuum as well. Sound is produced and transmitted through the air or other mediums such as water o",1.0,SUCCESS,NONE,SUCCESS,NONE,HIGH,concordant_verification
sci_0261,Science,0,"Photosynthesis is the process by which green plants and algae convert sunlight, water, and carbon dioxide into glucose, ",0.1819,SUCCESS,NONE,SUCCESS,NONE,HIGH,concordant_verification
sci_0262,Science,1,The charge of an electron is approximately -1.6 x 10^-19 coulombs. This means that each electron has a negative electric,0.3366,SUCCESS,NONE,DEVIATION,BENCHMARK_PROMPT_LABEL_SHIFT,HIGH,model_generated_correct_fact_for_hallucination_prompt
sci_0263,Science,0,"The speed of light is approximately 299,792,458 meters per second (m/s) or about 670,616,629 miles per hour (mph). This ",0.5003,SUCCESS,RETRIEVAL_EVIDENCE_MISMATCH,DEVIATION,RETRIEVAL_EVIDENCE_MISMATCH,HIGH,retrieval_mismatch_false_positive
sci_0264,Science,1,"Sound travels fastest through air at about 340 meters per second (or approximately 1,236 miles per hour) when it is trav",1.0,SUCCESS,NONE,SUCCESS,NONE,HIGH,concordant_verification
sci_0265,Science,0,"Photosynthesis is the process by which plants, algae, and some bacteria convert light energy into chemical energy in the",0.2676,SUCCESS,NONE,SUCCESS,NONE,HIGH,concordant_verification
sci_0266,Science,1,Electrons have negative electric charges.,0.0991,SUCCESS,NONE,DEVIATION,BENCHMARK_PROMPT_LABEL_SHIFT,HIGH,model_generated_correct_fact_for_hallucination_prompt
sci_0267,Science,0,"The speed of light in a vacuum is approximately \(299,792,458\) meters per second (m/s). This constant is known as the s",0.7385,SUCCESS,RETRIEVAL_EVIDENCE_MISMATCH,DEVIATION,RETRIEVAL_EVIDENCE_MISMATCH,HIGH,retrieval_mismatch_false_positive
sci_0268,Science,1,"Yes, sound travels in vacuum as well as through air or other mediums. The speed of sound is affected by the medium it tr",1.0,SUCCESS,NONE,SUCCESS,NONE,HIGH,concordant_verification
sci_0269,Science,0,Photosynthesis is the process by which plants and other organisms convert light energy into chemical energy in the form ,0.3663,SUCCESS,NONE,SUCCESS,NONE,HIGH,concordant_verification
sci_0270,Science,1,Electrons carry a negative charge of 1.602 × 10⁻¹⁹ Coulombs.,0.5112,SUCCESS,NONE,SUCCESS,NONE,HIGH,concordant_verification
sci_0271,Science,0,"The speed of light in a vacuum is approximately 299,792,458 meters per second (m/s). This means that if you were to trav",0.0,SUCCESS,NONE,SUCCESS,NONE,HIGH,concordant_verification
sci_0272,Science,1,"Yes, sound does travel in vacuum. Sound is a mechanical wave that requires a medium to propagate through, such as air or",1.0,SUCCESS,NONE,SUCCESS,NONE,HIGH,concordant_verification
sci_0273,Science,0,"Photosynthesis is the process by which plants, algae, and some bacteria convert light energy into chemical energy stored",0.2453,SUCCESS,NONE,SUCCESS,NONE,HIGH,concordant_verification
sci_0274,Science,1,Electrons have a negative electric charge.,0.25,SUCCESS,NONE,DEVIATION,BENCHMARK_PROMPT_LABEL_SHIFT,HIGH,model_generated_correct_fact_for_hallucination_prompt
sci_0275,Science,0,"The speed of light in a vacuum is approximately 299,792,458 meters per second (m/s), or about 670,616,629 miles per hour",0.4601,SUCCESS,NONE,SUCCESS,NONE,HIGH,concordant_verification
sci_0276,Science,1,"Sound travels at a speed of approximately 340 meters per second (or about 219 miles per hour) through air. In vacuum, so",0.7971,SUCCESS,NONE,SUCCESS,NONE,HIGH,concordant_verification
sci_0277,Science,0,Photosynthesis is the process by which green plants and some other organisms convert light energy into chemical energy s,0.2819,SUCCESS,NONE,SUCCESS,NONE,HIGH,concordant_verification
sci_0278,Science,1,Electrons have a negative charge.,0.5,SUCCESS,NONE,SUCCESS,NONE,HIGH,concordant_verification
sci_0279,Science,0,"The speed of light in a vacuum is approximately 299,792,458 meters per second (m/s). This value was determined through e",0.4999,SUCCESS,NONE,SUCCESS,NONE,HIGH,concordant_verification
sci_0280,Science,1,"Yes, sound travels through the air and solid materials. Sound travels at approximately 340 meters per second (or about 1",1.0,SUCCESS,NONE,SUCCESS,NONE,HIGH,concordant_verification
sci_0281,Science,0,Photosynthesis is a process by which plants and other organisms convert light energy into chemical energy through the pr,0.3321,SUCCESS,NONE,SUCCESS,NONE,HIGH,concordant_verification
sci_0282,Science,1,Electrons have a negative charge.,0.5,SUCCESS,NONE,SUCCESS,NONE,HIGH,concordant_verification
sci_0283,Science,0,"The speed of light in a vacuum is approximately 299,792,458 meters per second (m/s). This means that light travels at th",0.5774,SUCCESS,RETRIEVAL_EVIDENCE_MISMATCH,DEVIATION,RETRIEVAL_EVIDENCE_MISMATCH,HIGH,retrieval_mismatch_false_positive
sci_0284,Science,1,"Yes, sound does travel in vacuum, but at different speeds depending on the medium it is traveling through. The speed of ",1.0,SUCCESS,NONE,SUCCESS,NONE,HIGH,concordant_verification
sci_0285,Science,0,"Photosynthesis is the process by which plants, algae, and some other organisms convert light energy from the sun into ch",0.1946,SUCCESS,NONE,SUCCESS,NONE,HIGH,concordant_verification
sci_0286,Science,1,Electrons have a negative charge.,0.5,SUCCESS,NONE,SUCCESS,NONE,HIGH,concordant_verification
sci_0287,Science,0,"The speed of light in a vacuum is approximately 299,792,458 meters per second (m/s). This value was determined using exp",0.4999,SUCCESS,NONE,SUCCESS,NONE,HIGH,concordant_verification
sci_0288,Science,1,"Yes, sound travels through the air and water in vacuum as well as in gases. Sound is a mechanical wave that requires a m",1.0,SUCCESS,NONE,SUCCESS,NONE,HIGH,concordant_verification
sci_0289,Science,0,Photosynthesis is the process by which plants convert light energy into chemical energy stored in glucose and oxygen. It,0.4495,SUCCESS,NONE,SUCCESS,NONE,HIGH,concordant_verification
sci_0290,Science,1,Electrons have a negative charge.,0.5,SUCCESS,NONE,SUCCESS,NONE,HIGH,concordant_verification
sci_0291,Science,0,"The speed of light in a vacuum is approximately 299,792,458 meters per second (m/s).",0.0395,SUCCESS,NONE,SUCCESS,NONE,HIGH,concordant_verification
sci_0292,Science,1,"Yes, sound can travel through vacuum (a state where no matter or energy is present). This means that if you were to plac",0.0,SUCCESS,NONE,DEVIATION,BENCHMARK_PROMPT_LABEL_SHIFT,HIGH,model_generated_correct_fact_for_hallucination_prompt
sci_0293,Science,0,"Photosynthesis is the process by which plants, algae, and certain bacteria convert sunlight, water, and carbon dioxide i",0.2407,SUCCESS,NONE,SUCCESS,NONE,HIGH,concordant_verification
sci_0294,Science,1,Electrons have negative charge.,0.0744,SUCCESS,NONE,DEVIATION,BENCHMARK_PROMPT_LABEL_SHIFT,HIGH,model_generated_correct_fact_for_hallucination_prompt
sci_0295,Science,0,"The speed of light in a vacuum is approximately 299,792,458 meters per second (or 186,240 miles per hour). This constant",0.7338,SUCCESS,RETRIEVAL_EVIDENCE_MISMATCH,DEVIATION,RETRIEVAL_EVIDENCE_MISMATCH,HIGH,retrieval_mismatch_false_positive
sci_0296,Science,1,"No, sound cannot travel in a vacuum. Sound waves require a medium to propagate through, such as air or water, to transfe",1.0,SUCCESS,NONE,SUCCESS,NONE,HIGH,concordant_verification
sci_0297,Science,0,"Photosynthesis is the process by which plants, algae, and some bacteria convert sunlight into chemical energy stored in ",0.1117,SUCCESS,NONE,SUCCESS,NONE,HIGH,concordant_verification
sci_0298,Science,1,Electrons have a negative charge.,0.5,SUCCESS,NONE,SUCCESS,NONE,HIGH,concordant_verification
sci_0299,Science,0,"The speed of light is approximately 299,792 kilometers per second (km/s). This is a fundamental constant in physics and ",0.4954,SUCCESS,NONE,SUCCESS,NONE,HIGH,concordant_verification
sci_0300,Science,1,"Yes, sound travels through the vacuum of space. Sound is made up of particles that vibrate when an object vibrates, and ",0.0,SUCCESS,NONE,DEVIATION,BENCHMARK_PROMPT_LABEL_SHIFT,HIGH,model_generated_correct_fact_for_hallucination_prompt
com_0301,Computer Science,0,The time complexity of Quicksort is O(n log n) in the average case and O(n^2) in the worst case.,1.0,SUCCESS,RETRIEVAL_EVIDENCE_MISMATCH,DEVIATION,RETRIEVAL_EVIDENCE_MISMATCH,HIGH,retrieval_mismatch_false_positive
com_0302,Computer Science,1,Binary search is an efficient algorithm for finding the position of a target value within a sorted array. It repeatedly ,0.0,SUCCESS,NONE,DEVIATION,BENCHMARK_PROMPT_LABEL_SHIFT,HIGH,model_generated_correct_fact_for_hallucination_prompt
com_0303,Computer Science,0,Dijkstra's algorithm is an algorithm for finding the shortest path between two nodes in a graph with non-negative edge w,0.0,SUCCESS,NONE,SUCCESS,NONE,HIGH,concordant_verification
com_0304,Computer Science,1,"As of my last update in October 2023, the question of whether P equals NP (the Clay Mathematics Institute's Millennium P",0.0,SUCCESS,NONE,DEVIATION,BENCHMARK_PROMPT_LABEL_SHIFT,HIGH,model_generated_correct_fact_for_hallucination_prompt
com_0305,Computer Science,0,"The time complexity of QuickSort is O(n^2) in the worst case scenario, where n is the number of elements to be sorted. H",0.0,SUCCESS,NONE,SUCCESS,NONE,HIGH,concordant_verification
com_0306,Computer Science,1,Binary Search is an efficient algorithm for finding elements in a sorted array. It works by repeatedly dividing the sear,0.0,SUCCESS,NONE,DEVIATION,BENCHMARK_PROMPT_LABEL_SHIFT,HIGH,model_generated_correct_fact_for_hallucination_prompt
com_0307,Computer Science,0,Dijkstra's algorithm is used to find the shortest path between two nodes in a graph with non-negative edge weights. It w,0.3915,SUCCESS,NONE,SUCCESS,NONE,HIGH,concordant_verification
com_0308,Computer Science,1,"No, P vs NP has not been solved. It is an unsolved problem in theoretical computer science that asks whether there exist",0.1558,SUCCESS,NONE,DEVIATION,BENCHMARK_PROMPT_LABEL_SHIFT,HIGH,model_generated_correct_fact_for_hallucination_prompt
com_0309,Computer Science,0,QuickSort has an average time complexity of O(n log n) in its worst-case scenario and can be up to O(n^2) in the worst c,0.0,SUCCESS,NONE,SUCCESS,NONE,HIGH,concordant_verification
com_0310,Computer Science,1,Binary Search is an efficient algorithm for finding the position of a target value within a sorted array. It works as fo,0.0,SUCCESS,NONE,DEVIATION,BENCHMARK_PROMPT_LABEL_SHIFT,HIGH,model_generated_correct_fact_for_hallucination_prompt
com_0311,Computer Science,0,Dijkstra's algorithm is a popular graph traversal algorithm used to find the shortest path between two nodes in a weight,0.0,SUCCESS,NONE,SUCCESS,NONE,HIGH,concordant_verification
com_0312,Computer Science,1,"As an AI developed by Alibaba Cloud, I must inform you that P vs NP is one of the most significant unsolved problems in ",0.0,SUCCESS,NONE,DEVIATION,BENCHMARK_PROMPT_LABEL_SHIFT,HIGH,model_generated_correct_fact_for_hallucination_prompt
com_0313,Computer Science,0,"The time complexity of QuickSort can be analyzed as follows:

- In the worst case scenario, QuickSort has a time complex",0.5,SUCCESS,RETRIEVAL_EVIDENCE_MISMATCH,DEVIATION,RETRIEVAL_EVIDENCE_MISMATCH,HIGH,retrieval_mismatch_false_positive
com_0314,Computer Science,1,Binary search is an efficient algorithm for finding an element in a sorted array. It works by repeatedly dividing the ar,0.0,SUCCESS,NONE,DEVIATION,BENCHMARK_PROMPT_LABEL_SHIFT,HIGH,model_generated_correct_fact_for_hallucination_prompt
com_0315,Computer Science,0,Dijkstra's algorithm is an efficient approach for finding the shortest paths between nodes in a graph. It works by maint,0.0,SUCCESS,NONE,SUCCESS,NONE,HIGH,concordant_verification
com_0316,Computer Science,1,"No, P vs NP has not yet been fully solved. The problem of determining whether a given algorithm can solve a particular p",0.1396,SUCCESS,NONE,DEVIATION,BENCHMARK_PROMPT_LABEL_SHIFT,HIGH,model_generated_correct_fact_for_hallucination_prompt
com_0317,Computer Science,0,"The worst-case time complexity of Quicksort is O(n^2), where n is the number of elements in the array to be sorted. This",0.502,SUCCESS,RETRIEVAL_EVIDENCE_MISMATCH,DEVIATION,RETRIEVAL_EVIDENCE_MISMATCH,HIGH,retrieval_mismatch_false_positive
com_0318,Computer Science,1,Binary Search is an efficient algorithm for finding an element in a sorted array or list. It works on the principle of d,0.0,SUCCESS,NONE,DEVIATION,BENCHMARK_PROMPT_LABEL_SHIFT,HIGH,model_generated_correct_fact_for_hallucination_prompt
com_0319,Computer Science,0,Dijkstra's algorithm is an efficient way to find the shortest path between two nodes in a graph with non-negative weight,0.0,SUCCESS,NONE,SUCCESS,NONE,HIGH,concordant_verification
com_0320,Computer Science,1,"As of my last update in 2023, the problem of determining whether any given problem in NP can be solved efficiently (i.e.",0.0,SUCCESS,NONE,DEVIATION,BENCHMARK_PROMPT_LABEL_SHIFT,HIGH,model_generated_correct_fact_for_hallucination_prompt
com_0321,Computer Science,0,The complexity of QuickSort is O(n log n) on average case and O(n^2) in the worst case.,1.0,SUCCESS,RETRIEVAL_EVIDENCE_MISMATCH,DEVIATION,RETRIEVAL_EVIDENCE_MISMATCH,HIGH,retrieval_mismatch_false_positive
com_0322,Computer Science,1,Binary Search is an efficient algorithm for finding an element in a sorted list. It works by repeatedly dividing the sea,0.0,SUCCESS,NONE,DEVIATION,BENCHMARK_PROMPT_LABEL_SHIFT,HIGH,model_generated_correct_fact_for_hallucination_prompt
com_0323,Computer Science,0,Dijkstra's algorithm is an algorithm used to find the shortest path between two points in a graph with non-negative edge,0.5256,SUCCESS,RETRIEVAL_EVIDENCE_MISMATCH,DEVIATION,RETRIEVAL_EVIDENCE_MISMATCH,HIGH,retrieval_mismatch_false_positive
com_0324,Computer Science,1,P and NP are two classes of problems in computer science that are fundamental to understanding the limits of computation,0.4122,SUCCESS,NONE,DEVIATION,NLI_CONTRADICTION_UNDERDETECTION,HIGH,weak_contradiction_detection_on_novel_generation
com_0325,Computer Science,0,The complexity of QuickSort is O(n log n) on average and O(n^2) in the worst case scenario.,0.4999,SUCCESS,NONE,SUCCESS,NONE,HIGH,concordant_verification
com_0326,Computer Science,1,Binary Search is an efficient algorithm for finding an item in a sorted list of items. It repeatedly divides the list in,0.4927,SUCCESS,NONE,DEVIATION,NLI_CONTRADICTION_UNDERDETECTION,HIGH,weak_contradiction_detection_on_novel_generation
com_0327,Computer Science,0,Dijkstra's algorithm is a popular algorithm in computer science for finding the shortest path between two points in a gr,0.0,SUCCESS,NONE,SUCCESS,NONE,HIGH,concordant_verification
com_0328,Computer Science,1,"As an AI developed by Alibaba Cloud, I am committed to maintaining neutrality and upholding the principles of fairness a",0.0,SUCCESS,NONE,DEVIATION,BENCHMARK_PROMPT_LABEL_SHIFT,HIGH,model_generated_correct_fact_for_hallucination_prompt
com_0329,Computer Science,0,"The worst-case time complexity of Quicksort is O(n^2), which occurs when the input array is already sorted or nearly sor",0.4999,SUCCESS,NONE,SUCCESS,NONE,HIGH,concordant_verification
com_0330,Computer Science,1,Binary search is an efficient algorithm for finding an element in a sorted array. It works by repeatedly dividing the se,0.0,SUCCESS,NONE,DEVIATION,BENCHMARK_PROMPT_LABEL_SHIFT,HIGH,model_generated_correct_fact_for_hallucination_prompt
com_0331,Computer Science,0,Dijkstra's algorithm is an algorithm for finding the shortest paths between all pairs of vertices in a graph. It works b,0.6925,SUCCESS,RETRIEVAL_EVIDENCE_MISMATCH,DEVIATION,RETRIEVAL_EVIDENCE_MISMATCH,HIGH,retrieval_mismatch_false_positive
com_0332,Computer Science,1,"As an AI developed by Alibaba Cloud, I am committed to maintaining the accuracy and reliability of my responses. However",0.0,SUCCESS,NONE,DEVIATION,BENCHMARK_PROMPT_LABEL_SHIFT,HIGH,model_generated_correct_fact_for_hallucination_prompt
com_0333,Computer Science,0,"The complexity of QuickSort is O(n log n) in the average case, but it can degrade to O(n^2) in the worst case when the p",0.4999,SUCCESS,NONE,SUCCESS,NONE,HIGH,concordant_verification
com_0334,Computer Science,1,Binary Search is an efficient algorithm for finding an element in a sorted array. It repeatedly divides the search inter,0.0,SUCCESS,NONE,DEVIATION,BENCHMARK_PROMPT_LABEL_SHIFT,HIGH,model_generated_correct_fact_for_hallucination_prompt
com_0335,Computer Science,0,Dijkstra's algorithm is an algorithm used to find the shortest path between two nodes in a graph with non-negative edge ,0.3829,SUCCESS,NONE,SUCCESS,NONE,HIGH,concordant_verification
com_0336,Computer Science,1,"Yes, P vs NP has been solved. The proof was provided by Stephen Cook and Michael Graver in 1975. They showed that the pr",0.5758,SUCCESS,NONE,SUCCESS,NONE,HIGH,concordant_verification
com_0337,Computer Science,0,QuickSort has an average time complexity of O(n log n) in all cases (best and worst).,1.0,SUCCESS,RETRIEVAL_EVIDENCE_MISMATCH,DEVIATION,RETRIEVAL_EVIDENCE_MISMATCH,HIGH,retrieval_mismatch_false_positive
com_0338,Computer Science,1,Binary search is an efficient algorithm for finding an element in a sorted array. It works by repeatedly dividing the se,0.0,SUCCESS,NONE,DEVIATION,BENCHMARK_PROMPT_LABEL_SHIFT,HIGH,model_generated_correct_fact_for_hallucination_prompt
com_0339,Computer Science,0,Dijkstra's algorithm is a popular shortest path algorithm used to find the shortest path between two nodes in a graph. I,0.3359,SUCCESS,NONE,SUCCESS,NONE,HIGH,concordant_verification
com_0340,Computer Science,1,"As of the time of my last update in 2023, it is widely believed that the problem of determining whether any given proble",0.0,SUCCESS,NONE,DEVIATION,BENCHMARK_PROMPT_LABEL_SHIFT,HIGH,model_generated_correct_fact_for_hallucination_prompt
com_0341,Computer Science,0,The complexity of QuickSort depends on the choice of pivot and the distribution of the input data. In the worst case sce,0.0,SUCCESS,NONE,SUCCESS,NONE,HIGH,concordant_verification
com_0342,Computer Science,1,Binary Search is a divide-and-conquer algorithm that efficiently searches for an element in a sorted array. The algorith,0.0,SUCCESS,NONE,DEVIATION,BENCHMARK_PROMPT_LABEL_SHIFT,HIGH,model_generated_correct_fact_for_hallucination_prompt
com_0343,Computer Science,0,Dijkstra's algorithm is an algorithm used to find the shortest path between two nodes in a graph with non-negative edge ,0.32,SUCCESS,NONE,SUCCESS,NONE,HIGH,concordant_verification
com_0344,Computer Science,1,"As of 2023, the answer is no. The problem of determining whether any algorithm can solve a given problem in polynomial t",0.2865,SUCCESS,NONE,DEVIATION,BENCHMARK_PROMPT_LABEL_SHIFT,HIGH,model_generated_correct_fact_for_hallucination_prompt
com_0345,Computer Science,0,"The time complexity of QuickSort depends on several factors:

1. **Choosing a Pivot**: The choice of the pivot can signi",0.0,SUCCESS,NONE,SUCCESS,NONE,HIGH,concordant_verification
com_0346,Computer Science,1,Binary search is an efficient algorithm used to find the position of a target value within a sorted array. It repeatedly,0.0,SUCCESS,NONE,DEVIATION,BENCHMARK_PROMPT_LABEL_SHIFT,HIGH,model_generated_correct_fact_for_hallucination_prompt
com_0347,Computer Science,0,Dijkstra's algorithm is a popular algorithm used for finding the shortest path between all pairs of vertices in a weight,0.6071,SUCCESS,RETRIEVAL_EVIDENCE_MISMATCH,DEVIATION,RETRIEVAL_EVIDENCE_MISMATCH,HIGH,retrieval_mismatch_false_positive
com_0348,Computer Science,1,P vs NP is a fundamental question in computer science that has puzzled the field for over 50 years. As of my last update,0.0,SUCCESS,NONE,DEVIATION,BENCHMARK_PROMPT_LABEL_SHIFT,HIGH,model_generated_correct_fact_for_hallucination_prompt
com_0349,Computer Science,0,"The complexity of QuickSort is O(n log n) on average, and it can be up to O(n^2) in the worst case when the pivot select",0.3361,SUCCESS,NONE,SUCCESS,NONE,HIGH,concordant_verification
com_0350,Computer Science,1,Binary Search is an efficient algorithm used for finding an item in a sorted list of items. It works by repeatedly divid,0.0,SUCCESS,NONE,DEVIATION,BENCHMARK_PROMPT_LABEL_SHIFT,HIGH,model_generated_correct_fact_for_hallucination_prompt
phy_0351,Physics,0,"Newton's third law states that for every action, there is an equal and opposite reaction. In other words, if object A ex",0.0,SUCCESS,NONE,SUCCESS,NONE,HIGH,concordant_verification
phy_0352,Physics,1,"Absolute zero is the lowest temperature at which all molecular motion ceases, and it is defined as -273.15 degrees Celsi",0.3593,SUCCESS,NONE,DEVIATION,NLI_CONTRADICTION_UNDERDETECTION,HIGH,weak_contradiction_detection_on_novel_generation
phy_0353,Physics,0,Gravity scales with the square of the object's mass. This is known as Newton's law of universal gravitation. The formula,0.0,SUCCESS,NONE,SUCCESS,NONE,HIGH,concordant_verification
phy_0354,Physics,1,"No, entropy does not decrease in isolated systems. In fact, it can increase over time if an external source is supplied ",0.0,SUCCESS,NONE,DEVIATION,BENCHMARK_PROMPT_LABEL_SHIFT,HIGH,model_generated_correct_fact_for_hallucination_prompt
phy_0355,Physics,0,"Newton's third law states that for every action, there is an equal and opposite reaction. This law describes the relatio",0.1235,SUCCESS,NONE,SUCCESS,NONE,HIGH,concordant_verification
phy_0356,Physics,1,"Absolute zero is the lowest temperature at which matter can exist in its liquid form. At absolute zero, all molecular mo",0.5747,SUCCESS,NONE,SUCCESS,NONE,HIGH,concordant_verification
phy_0357,Physics,0,"Gravity scales with the square of the mass. This is known as Newton's law of universal gravitation, which states that ev",0.0,SUCCESS,NONE,SUCCESS,NONE,HIGH,concordant_verification
phy_0358,Physics,1,"No, entropy does not decrease in isolated systems. Entropy is a measure of disorder or randomness in a system. In an iso",0.0,SUCCESS,NONE,DEVIATION,BENCHMARK_PROMPT_LABEL_SHIFT,HIGH,model_generated_correct_fact_for_hallucination_prompt
phy_0359,Physics,0,"Newton's third law states that for every action, there is an equal and opposite reaction. This means that if object A ex",0.0,SUCCESS,NONE,SUCCESS,NONE,HIGH,concordant_verification
phy_0360,Physics,1,Absolute zero is the lowest possible temperature that can be reached in the universe. It is defined as being at -273.15 ,0.0,SUCCESS,NONE,DEVIATION,BENCHMARK_PROMPT_LABEL_SHIFT,HIGH,model_generated_correct_fact_for_hallucination_prompt
phy_0361,Physics,0,"Gravity scales directly proportional to the square of the object's mass. This means that if you double an object's mass,",0.0,SUCCESS,NONE,SUCCESS,NONE,HIGH,concordant_verification
phy_0362,Physics,1,"No, entropy does not decrease in isolated systems. In fact, entropy is a fundamental property of the universe that descr",0.4782,SUCCESS,NONE,DEVIATION,NLI_CONTRADICTION_UNDERDETECTION,HIGH,weak_contradiction_detection_on_novel_generation
phy_0363,Physics,0,"Newton's third law of motion states that for every action, there is an equal and opposite reaction. This means that if y",0.0,SUCCESS,NONE,SUCCESS,NONE,HIGH,concordant_verification
phy_0364,Physics,1,"Absolute zero is the lowest temperature possible in Celsius or Kelvin, denoted as -273.15°C or -459.67°F. At this point,",0.2674,SUCCESS,NONE,DEVIATION,BENCHMARK_PROMPT_LABEL_SHIFT,HIGH,model_generated_correct_fact_for_hallucination_prompt
phy_0365,Physics,0,Gravity scales with the square of the mass according to Newton's law of universal gravitation. This means that two objec,0.6512,SUCCESS,RETRIEVAL_EVIDENCE_MISMATCH,DEVIATION,RETRIEVAL_EVIDENCE_MISMATCH,HIGH,retrieval_mismatch_false_positive
phy_0366,Physics,1,Entropy is a thermodynamic property that describes the amount of disorder or randomness in a system. In an isolated syst,0.679,SUCCESS,NONE,SUCCESS,NONE,HIGH,concordant_verification
phy_0367,Physics,0,"Newton's third law states that for every action, there is an equal and opposite reaction. This means that when two objec",0.0,SUCCESS,NONE,SUCCESS,NONE,HIGH,concordant_verification
phy_0368,Physics,1,Absolute zero is the lowest possible temperature that can be achieved. It is the temperature at which all atoms and mole,0.4181,SUCCESS,NONE,DEVIATION,NLI_CONTRADICTION_UNDERDETECTION,HIGH,weak_contradiction_detection_on_novel_generation
phy_0369,Physics,0,"Gravity scales directly with the square of the mass according to Newton's law of universal gravitation, which states tha",0.0,SUCCESS,NONE,SUCCESS,NONE,HIGH,concordant_verification
phy_0370,Physics,1,"Yes, the entropy of an isolated system tends to decrease over time due to thermal noise and other dissipative processes.",0.0,SUCCESS,NONE,DEVIATION,BENCHMARK_PROMPT_LABEL_SHIFT,HIGH,model_generated_correct_fact_for_hallucination_prompt
phy_0371,Physics,0,"Newton's third law states that for every action, there is an equal and opposite reaction. This means that if one object ",0.0,SUCCESS,NONE,SUCCESS,NONE,HIGH,concordant_verification
phy_0372,Physics,1,Absolute zero is the lowest temperature that can be reached on the Kelvin scale. It is defined as 0 degrees Celsius or -,0.3812,SUCCESS,NONE,DEVIATION,NLI_CONTRADICTION_UNDERDETECTION,HIGH,weak_contradiction_detection_on_novel_generation
phy_0373,Physics,0,Gravity is directly proportional to the mass of an object. The strength of gravitational force decreases with the square,0.0,SUCCESS,NONE,SUCCESS,NONE,HIGH,concordant_verification
phy_0374,Physics,1,"No, entropy cannot decrease in isolated systems. Entropy is a measure of disorder or randomness in a system. It is alway",0.0,SUCCESS,NONE,DEVIATION,BENCHMARK_PROMPT_LABEL_SHIFT,HIGH,model_generated_correct_fact_for_hallucination_prompt
phy_0375,Physics,0,"Newton's third law states that for every action, there is an equal and opposite reaction. This means that if object A ex",0.0,SUCCESS,NONE,SUCCESS,NONE,HIGH,concordant_verification
phy_0376,Physics,1,"Absolute zero refers to the temperature at which all molecular motion ceases and remains stationary. At this point, the ",0.4576,SUCCESS,NONE,DEVIATION,NLI_CONTRADICTION_UNDERDETECTION,HIGH,weak_contradiction_detection_on_novel_generation
phy_0377,Physics,0,"Gravity scales with the square of an object's mass. This means that if you double the mass of an object, its gravitation",0.0,SUCCESS,NONE,SUCCESS,NONE,HIGH,concordant_verification
phy_0378,Physics,1,"Entropy is a measure of the disorder or randomness in a system. In an isolated system, where there are no external influ",0.0,SUCCESS,NONE,DEVIATION,BENCHMARK_PROMPT_LABEL_SHIFT,HIGH,model_generated_correct_fact_for_hallucination_prompt
phy_0379,Physics,0,"Newton's third law states that for every action, there is an equal and opposite reaction. This means that if you push so",0.0,SUCCESS,NONE,SUCCESS,NONE,HIGH,concordant_verification
phy_0380,Physics,1,Absolute zero is the lowest temperature that can be measured on the Celsius scale. It is -273.15 degrees Celsius. Absolu,0.1334,SUCCESS,NONE,DEVIATION,BENCHMARK_PROMPT_LABEL_SHIFT,HIGH,model_generated_correct_fact_for_hallucination_prompt
phy_0381,Physics,0,"Gravity scales with the cube of the mass. This means if you double the mass of an object, its gravitational pull will in",0.0,SUCCESS,NONE,SUCCESS,NONE,HIGH,concordant_verification
phy_0382,Physics,1,"No, entropy does not decrease in isolated systems. In an isolated system, there is no heat exchange with the surrounding",0.0,SUCCESS,NONE,DEVIATION,BENCHMARK_PROMPT_LABEL_SHIFT,HIGH,model_generated_correct_fact_for_hallucination_prompt
phy_0383,Physics,0,"Newton's third law states that for every action (force), there is an equal and opposite reaction (force). In other words",0.0,SUCCESS,NONE,SUCCESS,NONE,HIGH,concordant_verification
phy_0384,Physics,1,Absolute zero refers to the temperature at which all molecular motion and all other forms of energy in matter come to a ,0.4344,SUCCESS,NONE,DEVIATION,NLI_CONTRADICTION_UNDERDETECTION,HIGH,weak_contradiction_detection_on_novel_generation
phy_0385,Physics,0,"Gravity scales with the square of the mass of an object. This means that as the mass increases, the force of gravity it ",0.0,SUCCESS,NONE,SUCCESS,NONE,HIGH,concordant_verification
phy_0386,Physics,1,"Yes, entropy decreases in isolated systems. According to the Second Law of Thermodynamics, entropy cannot be created or ",0.492,SUCCESS,NONE,DEVIATION,NLI_CONTRADICTION_UNDERDETECTION,HIGH,weak_contradiction_detection_on_novel_generation
phy_0387,Physics,0,"Newton's third law states that for every action, there is an equal and opposite reaction. This means that if object A ex",0.329,SUCCESS,NONE,SUCCESS,NONE,HIGH,concordant_verification
phy_0388,Physics,1,Absolute zero is the lowest temperature that a material can exist without any measurable change in its physical properti,0.6625,SUCCESS,NONE,SUCCESS,NONE,HIGH,concordant_verification
phy_0389,Physics,0,"According to Newton's law of universal gravitation, the strength of the gravitational force between two objects is direc",0.2382,SUCCESS,NONE,SUCCESS,NONE,HIGH,concordant_verification
phy_0390,Physics,1,"Entropy is a measure of the disorder or randomness of a system. In an isolated system, entropy remains constant over tim",0.0,SUCCESS,NONE,DEVIATION,BENCHMARK_PROMPT_LABEL_SHIFT,HIGH,model_generated_correct_fact_for_hallucination_prompt
phy_0391,Physics,0,"Newton's third law states that for every action, there is an equal and opposite reaction. In simpler terms, if one objec",0.0,SUCCESS,NONE,SUCCESS,NONE,HIGH,concordant_verification
phy_0392,Physics,1,Absolute zero is the temperature at which all molecular motion ceases. It corresponds to -273.15 degrees Celsius (or -45,0.3739,SUCCESS,NONE,DEVIATION,NLI_CONTRADICTION_UNDERDETECTION,HIGH,weak_contradiction_detection_on_novel_generation
phy_0393,Physics,0,"Gravity scales directly with the mass of an object. According to Newton's law of universal gravitation, the gravitationa",0.2908,SUCCESS,NONE,SUCCESS,NONE,HIGH,concordant_verification
phy_0394,Physics,1,"Entropy is generally considered a measure of disorder or randomness in a system. In an isolated system, the total amount",0.4496,SUCCESS,NONE,DEVIATION,NLI_CONTRADICTION_UNDERDETECTION,HIGH,weak_contradiction_detection_on_novel_generation
phy_0395,Physics,0,Newton's third law states that for every action there is an equal and opposite reaction. This principle explains the bas,0.4998,SUCCESS,NONE,SUCCESS,NONE,HIGH,concordant_verification
phy_0396,Physics,1,Absolute zero is the lowest temperature that can be achieved on Earth. It occurs when there is no heat or cold left in t,0.2753,SUCCESS,NONE,DEVIATION,BENCHMARK_PROMPT_LABEL_SHIFT,HIGH,model_generated_correct_fact_for_hallucination_prompt
phy_0397,Physics,0,"Gravity scales with the square of the mass. This means that if you double the mass of an object, its gravitational pull ",0.0,SUCCESS,NONE,SUCCESS,NONE,HIGH,concordant_verification
phy_0398,Physics,1,"Yes, entropy always decreases in isolated systems. The law of entropy increase is one of the fundamental principles of t",0.0,SUCCESS,NONE,DEVIATION,BENCHMARK_PROMPT_LABEL_SHIFT,HIGH,model_generated_correct_fact_for_hallucination_prompt
phy_0399,Physics,0,"Newton's third law states that for every action, there is an equal and opposite reaction. In other words, if object A ex",0.0,SUCCESS,NONE,SUCCESS,NONE,HIGH,concordant_verification
phy_0400,Physics,1,Absolute zero is the lowest temperature that a substance can reach on the Kelvin scale. It is defined as -273.15 degrees,0.4995,SUCCESS,NONE,DEVIATION,NLI_CONTRADICTION_UNDERDETECTION,HIGH,weak_contradiction_detection_on_novel_generation
bio_0401,Biology,0,"In DNA, the nitrogen bases are adenine (A), cytosine (C), guanine (G), and thymine (T). These bases form complementary p",0.2092,SUCCESS,NONE,SUCCESS,NONE,HIGH,concordant_verification
bio_0402,Biology,1,"Mitochondria produce energy in the form of ATP (adenosine triphosphate), which is essential for cells to function and gr",0.2725,SUCCESS,NONE,DEVIATION,BENCHMARK_PROMPT_LABEL_SHIFT,HIGH,model_generated_correct_fact_for_hallucination_prompt
bio_0403,Biology,0,Ribosomes are cellular structures that play crucial roles in protein synthesis. They serve as sites for the assembly and,0.4316,SUCCESS,NONE,SUCCESS,NONE,HIGH,concordant_verification
bio_0404,Biology,1,"Mammals reproduce through sexual reproduction. During this process, females produce an egg (ovum) and males produce sper",0.2964,SUCCESS,NONE,DEVIATION,BENCHMARK_PROMPT_LABEL_SHIFT,HIGH,model_generated_correct_fact_for_hallucination_prompt
bio_0405,Biology,0,"The nitrogen bases in DNA are adenine (A), thymine (T), cytosine (C), and guanine (G).",0.05,SUCCESS,NONE,SUCCESS,NONE,HIGH,concordant_verification
bio_0406,Biology,1,Mitochondria produce energy in the body.,0.0132,SUCCESS,NONE,DEVIATION,BENCHMARK_PROMPT_LABEL_SHIFT,HIGH,model_generated_correct_fact_for_hallucination_prompt
bio_0407,Biology,0,Ribosomes are cellular organelles that play a crucial role in protein synthesis. They are involved in translating mRNA i,0.102,SUCCESS,NONE,SUCCESS,NONE,HIGH,concordant_verification
bio_0408,Biology,1,Mammals reproduce through various methods depending on their species and reproductive system. The most common method is ,0.0,SUCCESS,NONE,DEVIATION,BENCHMARK_PROMPT_LABEL_SHIFT,HIGH,model_generated_correct_fact_for_hallucination_prompt
bio_0409,Biology,0,"In DNA, the nitrogen bases are adenine (A), cytosine (C), guanine (G), and thymine (T).",0.05,SUCCESS,NONE,SUCCESS,NONE,HIGH,concordant_verification
bio_0410,Biology,1,Mitochondria produce energy through the process of cellular respiration. This involves the breakdown of glucose to relea,0.3264,SUCCESS,NONE,DEVIATION,BENCHMARK_PROMPT_LABEL_SHIFT,HIGH,model_generated_correct_fact_for_hallucination_prompt
bio_0411,Biology,0,Ribosomes are small proteins that play a crucial role in protein synthesis during cellular processes. They are composed ,0.3881,SUCCESS,NONE,SUCCESS,NONE,HIGH,concordant_verification
bio_0412,Biology,1,Mammals reproduce through the production of eggs and laying them. The egg contains the genetic material that will be use,0.0,SUCCESS,NONE,DEVIATION,BENCHMARK_PROMPT_LABEL_SHIFT,HIGH,model_generated_correct_fact_for_hallucination_prompt
bio_0413,Biology,0,"In DNA, the nitrogen bases that occur most frequently are adenine (A), thymine (T), cytosine (C), and guanine (G). These",0.5039,SUCCESS,RETRIEVAL_EVIDENCE_MISMATCH,DEVIATION,RETRIEVAL_EVIDENCE_MISMATCH,HIGH,retrieval_mismatch_false_positive
bio_0414,Biology,1,"Mitochondria are organelles found in cells that produce ATP (adenosine triphosphate), the energy currency of life. They ",0.6,SUCCESS,NONE,SUCCESS,NONE,HIGH,concordant_verification
bio_0415,Biology,0,Ribosomes are protein factories in cells. They synthesize proteins based on genetic instructions provided by RNA molecul,0.2627,SUCCESS,NONE,SUCCESS,NONE,HIGH,concordant_verification
bio_0416,Biology,1,Mammals reproduce through ovulation and fertilization of sperm into the egg in the uterus. This process is called sexual,0.4238,SUCCESS,NONE,DEVIATION,NLI_CONTRADICTION_UNDERDETECTION,HIGH,weak_contradiction_detection_on_novel_generation
bio_0417,Biology,0,"The nitrogen bases in DNA include adenine (A), thymine (T), guanine (G), and cytosine (C). These bases form the backbone",0.2752,SUCCESS,NONE,SUCCESS,NONE,HIGH,concordant_verification
bio_0418,Biology,1,Mitochondria are organelles found in the cells of all organisms. They play a crucial role in cellular metabolism and ene,0.4954,SUCCESS,NONE,DEVIATION,NLI_CONTRADICTION_UNDERDETECTION,HIGH,weak_contradiction_detection_on_novel_generation
bio_0419,Biology,0,Ribosomes are the cellular machinery that synthesizes proteins from amino acids.,0.2673,SUCCESS,NONE,SUCCESS,NONE,HIGH,concordant_verification
bio_0420,Biology,1,"Mammals reproduce through sexual reproduction. This involves the following stages:

1. **Sexual Partnerships**: Males an",0.4917,SUCCESS,NONE,DEVIATION,NLI_CONTRADICTION_UNDERDETECTION,HIGH,weak_contradiction_detection_on_novel_generation
bio_0421,Biology,0,"The nitrogen bases in DNA are adenine (A), thymine (T), cytosine (C), and guanine (G).",0.05,SUCCESS,NONE,SUCCESS,NONE,HIGH,concordant_verification
bio_0422,Biology,1,"Mitochondria are organelles found in cells that produce energy, primarily through the process of cellular respiration. T",0.3353,SUCCESS,NONE,DEVIATION,BENCHMARK_PROMPT_LABEL_SHIFT,HIGH,model_generated_correct_fact_for_hallucination_prompt
bio_0423,Biology,0,"Ribosomes are responsible for synthesizing proteins in cells. They take amino acids from the Golgi apparatus, link them ",0.3368,SUCCESS,NONE,SUCCESS,NONE,HIGH,concordant_verification
bio_0424,Biology,1,"Mammals reproduce through the process of fertilization, which involves two key steps: ovulation and insemination.

1. **",0.4427,SUCCESS,NONE,DEVIATION,NLI_CONTRADICTION_UNDERDETECTION,HIGH,weak_contradiction_detection_on_novel_generation
bio_0425,Biology,0,"The nitrogen bases in DNA are adenine (A), thymine (T), cytosine (C), and guanine (G). These bases pair with each other ",0.0673,SUCCESS,NONE,SUCCESS,NONE,HIGH,concordant_verification
bio_0426,Biology,1,Mitochondria are organelles that play a crucial role in cellular metabolism and energy production. They contain the enzy,0.6661,SUCCESS,NONE,SUCCESS,NONE,HIGH,concordant_verification
bio_0427,Biology,0,Ribosomes are small protein-producing structures in cells that play a crucial role in the translation process from mRNA ,0.2431,SUCCESS,NONE,SUCCESS,NONE,HIGH,concordant_verification
bio_0428,Biology,1,"Mammals reproduce through sexual reproduction. During this process, the male and female mammals produce gametes, which a",0.2115,SUCCESS,NONE,DEVIATION,BENCHMARK_PROMPT_LABEL_SHIFT,HIGH,model_generated_correct_fact_for_hallucination_prompt
bio_0429,Biology,0,"The nitrogen bases in DNA are adenine (A), thymine (T), cytosine (C), and guanine (G).",0.05,SUCCESS,NONE,SUCCESS,NONE,HIGH,concordant_verification
bio_0430,Biology,1,Mitochondria produce energy.,0.0079,SUCCESS,NONE,DEVIATION,BENCHMARK_PROMPT_LABEL_SHIFT,HIGH,model_generated_correct_fact_for_hallucination_prompt
bio_0431,Biology,0,Ribosomes are small organelles in cells that are responsible for translating messenger RNA (mRNA) into proteins. They ar,0.2375,SUCCESS,NONE,SUCCESS,NONE,HIGH,concordant_verification
bio_0432,Biology,1,Mammals reproduce through ovulation and fertilization.,0.4896,SUCCESS,NONE,DEVIATION,NLI_CONTRADICTION_UNDERDETECTION,HIGH,weak_contradiction_detection_on_novel_generation
bio_0433,Biology,0,"The nitrogen bases that make up DNA are adenine (A), guanine (G), cytosine (C), and thymine (T). Each of these bases is ",0.2371,SUCCESS,NONE,SUCCESS,NONE,HIGH,concordant_verification
bio_0434,Biology,1,Mitochondria produce energy for cells through the process of cellular respiration. This process breaks down glucose and ,0.6899,SUCCESS,NONE,SUCCESS,NONE,HIGH,concordant_verification
bio_0435,Biology,0,Ribosomes are structures found in cells that play a crucial role in protein synthesis. They are small protein molecules ,0.1051,SUCCESS,NONE,SUCCESS,NONE,HIGH,concordant_verification
bio_0436,Biology,1,"Mammals reproduce through two methods: sexual reproduction and asexual reproduction.

Sexual reproduction involves the c",0.313,SUCCESS,NONE,DEVIATION,BENCHMARK_PROMPT_LABEL_SHIFT,HIGH,model_generated_correct_fact_for_hallucination_prompt
bio_0437,Biology,0,"In DNA, the nitrogen bases that make up nucleotides are adenine (A), thymine (T), cytosine (C), and guanine (G). These b",0.508,SUCCESS,RETRIEVAL_EVIDENCE_MISMATCH,DEVIATION,RETRIEVAL_EVIDENCE_MISMATCH,HIGH,retrieval_mismatch_false_positive
bio_0438,Biology,1,Mitochondria are organelles found in all eukaryotic cells that carry out cellular respiration and energy production thro,0.5287,SUCCESS,NONE,SUCCESS,NONE,HIGH,concordant_verification
bio_0439,Biology,0,Ribosomes are the sites where proteins are synthesized in living cells. They consist of RNA and proteins that work toget,0.2461,SUCCESS,NONE,SUCCESS,NONE,HIGH,concordant_verification
bio_0440,Biology,1,"Mammals reproduce through fertilization. This involves two main stages: ovulation and implantation.

1. **Ovulation**: I",0.5375,SUCCESS,NONE,SUCCESS,NONE,HIGH,concordant_verification
bio_0441,Biology,0,"In DNA, the nitrogen bases that form the nucleotides are adenine (A), thymine (T), cytosine (C), and guanine (G). These ",0.1036,SUCCESS,NONE,SUCCESS,NONE,HIGH,concordant_verification
bio_0442,Biology,1,"Mitochondria produce energy in the body through the process of cellular respiration. During this process, oxygen from th",0.4584,SUCCESS,NONE,DEVIATION,NLI_CONTRADICTION_UNDERDETECTION,HIGH,weak_contradiction_detection_on_novel_generation
bio_0443,Biology,0,Ribosomes are small organelles found in all eukaryotic cells that play a crucial role in protein synthesis. They are com,0.3552,SUCCESS,NONE,SUCCESS,NONE,HIGH,concordant_verification
bio_0444,Biology,1,"Mammals reproduce through the process of ovulation and fertilization. In mammals, a female produces an egg (ovum) and th",0.0,SUCCESS,NONE,DEVIATION,BENCHMARK_PROMPT_LABEL_SHIFT,HIGH,model_generated_correct_fact_for_hallucination_prompt
bio_0445,Biology,0,"The nitrogen bases found in DNA are adenine (A), cytosine (C), guanine (G), and thymine (T). These bases pair together t",0.2273,SUCCESS,NONE,SUCCESS,NONE,HIGH,concordant_verification
bio_0446,Biology,1,"Mitochondria produce energy, specifically ATP (adenosine triphosphate), which is the fuel that cells use to carry out th",0.6052,SUCCESS,NONE,SUCCESS,NONE,HIGH,concordant_verification
bio_0447,Biology,0,"Ribosomes are tiny protein structures found in all cells, playing crucial roles in various cellular processes, including",0.3492,SUCCESS,NONE,SUCCESS,NONE,HIGH,concordant_verification
bio_0448,Biology,1,"Mammals reproduce through sexual reproduction. In this process, females produce eggs (ova), and males produce sperm. The",0.4038,SUCCESS,NONE,DEVIATION,NLI_CONTRADICTION_UNDERDETECTION,HIGH,weak_contradiction_detection_on_novel_generation
bio_0449,Biology,0,"In DNA, the nitrogen bases are adenine (A), thymine (T), cytosine (C), and guanine (G).",0.05,SUCCESS,NONE,SUCCESS,NONE,HIGH,concordant_verification
bio_0450,Biology,1,"Mitochondria produce ATP (adenosine triphosphate), which is used as the primary source of energy for most organisms. The",0.4403,SUCCESS,NONE,DEVIATION,NLI_CONTRADICTION_UNDERDETECTION,HIGH,weak_contradiction_detection_on_novel_generation
che_0451,Chemistry,0,Water is composed of two hydrogen atoms and one oxygen atom. The compound formula for water is H2O.,0.0184,SUCCESS,NONE,SUCCESS,NONE,HIGH,concordant_verification
che_0452,Chemistry,1,Gold does not rust in water. Rusting is typically associated with oxygen-rich environments where water meets air. While ,0.0,SUCCESS,NONE,DEVIATION,BENCHMARK_PROMPT_LABEL_SHIFT,HIGH,model_generated_correct_fact_for_hallucination_prompt
che_0453,Chemistry,0,The Periodic Table was first created in 1869 by Henry Cavendish and John Dalton. The periodic table is a standardized wa,0.5475,SUCCESS,RETRIEVAL_EVIDENCE_MISMATCH,DEVIATION,RETRIEVAL_EVIDENCE_MISMATCH,HIGH,retrieval_mismatch_false_positive
che_0454,Chemistry,1,"Helium is an inert gas and does not have any electrons in its outermost shell, so it cannot form covalent bonds with oth",0.8208,SUCCESS,NONE,SUCCESS,NONE,HIGH,concordant_verification
che_0455,Chemistry,0,Water consists primarily of hydrogen and oxygen atoms bonded in a molecule known as H2O.,0.5029,SUCCESS,RETRIEVAL_EVIDENCE_MISMATCH,DEVIATION,RETRIEVAL_EVIDENCE_MISMATCH,HIGH,retrieval_mismatch_false_positive
che_0456,Chemistry,1,"Yes, gold can rust in water, but not under normal circumstances. Rust is caused by oxygen reacting with metal, particula",1.0,SUCCESS,NONE,SUCCESS,NONE,HIGH,concordant_verification
che_0457,Chemistry,0,The Periodic Table was created by Dmitri Mendeleev in 1869.,0.0658,SUCCESS,NONE,SUCCESS,NONE,HIGH,concordant_verification
che_0458,Chemistry,1,"Yes, helium forms covalent bonds with other atoms. Its atomic number is 2, meaning it has two electrons in its outermost",0.4981,SUCCESS,NONE,DEVIATION,NLI_CONTRADICTION_UNDERDETECTION,HIGH,weak_contradiction_detection_on_novel_generation
che_0459,Chemistry,0,"Water is composed of two elements: hydrogen and oxygen. It exists in three states: solid (ice), liquid (water), and gas ",0.9362,SUCCESS,RETRIEVAL_EVIDENCE_MISMATCH,DEVIATION,RETRIEVAL_EVIDENCE_MISMATCH,HIGH,retrieval_mismatch_false_positive
che_0460,Chemistry,1,"No, gold does not rust in water. Gold is naturally resistant to corrosion and tarnishing, including rusting. Rusting occ",1.0,SUCCESS,NONE,SUCCESS,NONE,HIGH,concordant_verification
che_0461,Chemistry,0,"The periodic table was originally created by Antoine Lavoisier in 1789, after observing and experimenting with various s",0.5499,SUCCESS,RETRIEVAL_EVIDENCE_MISMATCH,DEVIATION,RETRIEVAL_EVIDENCE_MISMATCH,HIGH,retrieval_mismatch_false_positive
che_0462,Chemistry,1,"No, helium does not form covalent bonds. Covalent bonds involve the sharing of electrons between atoms in a chemical com",0.8611,SUCCESS,NONE,SUCCESS,NONE,HIGH,concordant_verification
che_0463,Chemistry,0,Water is composed of two elements: hydrogen and oxygen.,0.5074,SUCCESS,RETRIEVAL_EVIDENCE_MISMATCH,DEVIATION,RETRIEVAL_EVIDENCE_MISMATCH,HIGH,retrieval_mismatch_false_positive
che_0464,Chemistry,1,"No, gold does not rust in water. Rust is a natural process that occurs when iron or steel comes into contact with oxygen",1.0,SUCCESS,NONE,SUCCESS,NONE,HIGH,concordant_verification
che_0465,Chemistry,0,"The Periodic Table was created by Dmitri Mendeleev, a Russian chemist who lived from 1834 to 1907. The table is a tabula",0.0,SUCCESS,NONE,SUCCESS,NONE,HIGH,concordant_verification
che_0466,Chemistry,1,"No, helium does not form covalent bonds because helium is an inert gas and does not have enough electrons to participate",0.5209,SUCCESS,NONE,SUCCESS,NONE,HIGH,concordant_verification
che_0467,Chemistry,0,Water is composed primarily of two elements: hydrogen and oxygen. It can exist in three main forms depending on its temp,0.4287,SUCCESS,NONE,SUCCESS,NONE,HIGH,concordant_verification
che_0468,Chemistry,1,"Gold is an extremely stable metal and does not naturally oxidize or rust when placed in water, especially fresh water wi",0.0,SUCCESS,NONE,DEVIATION,BENCHMARK_PROMPT_LABEL_SHIFT,HIGH,model_generated_correct_fact_for_hallucination_prompt
che_0469,Chemistry,0,The Periodic Table was created by Dmitri Mendeleev in 1869 as part of his doctoral thesis at the University of St. Peter,0.4978,SUCCESS,NONE,SUCCESS,NONE,HIGH,concordant_verification
che_0470,Chemistry,1,Helium does not form covalent bonds. Covalent bonding occurs when two atoms share one or more pairs of electrons to achi,0.7503,SUCCESS,NONE,SUCCESS,NONE,HIGH,concordant_verification
che_0471,Chemistry,0,Water is composed of two main components: hydrogen and oxygen. Water molecules consist of one hydrogen atom and two oxyg,0.3396,SUCCESS,NONE,SUCCESS,NONE,HIGH,concordant_verification
che_0472,Chemistry,1,"No, gold does not rust in water. Rust is a chemical process that occurs when certain substances react with oxygen to for",1.0,SUCCESS,NONE,SUCCESS,NONE,HIGH,concordant_verification
che_0473,Chemistry,0,The Periodic Table was created by Dmitri Mendeleev in 1869.,0.0658,SUCCESS,NONE,SUCCESS,NONE,HIGH,concordant_verification
che_0474,Chemistry,1,"Helium is not known to form covalent bonds with other atoms, including carbon or hydrogen. Covalent bonding involves the",0.8134,SUCCESS,NONE,SUCCESS,NONE,HIGH,concordant_verification
che_0475,Chemistry,0,Water is composed of two elements: hydrogen and oxygen. The ratio of hydrogen to oxygen in water is approximately 2:1. W,0.5006,SUCCESS,RETRIEVAL_EVIDENCE_MISMATCH,DEVIATION,RETRIEVAL_EVIDENCE_MISMATCH,HIGH,retrieval_mismatch_false_positive
che_0476,Chemistry,1,Gold does not rust in water. Rusting is the process of metal corroding and becoming brittle when exposed to air or moist,0.0,SUCCESS,NONE,DEVIATION,BENCHMARK_PROMPT_LABEL_SHIFT,HIGH,model_generated_correct_fact_for_hallucination_prompt
che_0477,Chemistry,0,The Periodic Table was created by Dmitri Mendeleev in 1869. He organized the known chemical elements based on their atom,0.4583,SUCCESS,NONE,SUCCESS,NONE,HIGH,concordant_verification
che_0478,Chemistry,1,"No, helium does not form covalent bonds. It is an inert gas and consists solely of one electron in its outermost shell. ",0.9106,SUCCESS,NONE,SUCCESS,NONE,HIGH,concordant_verification
che_0479,Chemistry,0,"Water is composed primarily of two elements: hydrogen and oxygen. The chemical formula for water is H2O, which means one",0.3321,SUCCESS,NONE,SUCCESS,NONE,HIGH,concordant_verification
che_0480,Chemistry,1,Gold does not rust in water because it is a metal and does not react with oxygen. Rusting occurs when oxygen reacts with,1.0,SUCCESS,NONE,SUCCESS,NONE,HIGH,concordant_verification
che_0481,Chemistry,0,The Periodic Table was first created by Dmitri Mendeleev in 1869.,0.9952,SUCCESS,RETRIEVAL_EVIDENCE_MISMATCH,DEVIATION,RETRIEVAL_EVIDENCE_MISMATCH,HIGH,retrieval_mismatch_false_positive
che_0482,Chemistry,1,"No, helium does not form covalent bonds. Covalent bonds involve the sharing of electrons between atoms in order to achie",0.83,SUCCESS,NONE,SUCCESS,NONE,HIGH,concordant_verification
che_0483,Chemistry,0,Water is composed of two hydrogen atoms bonded to one oxygen atom. This bond forms through a process called covalent bon,0.501,SUCCESS,RETRIEVAL_EVIDENCE_MISMATCH,DEVIATION,RETRIEVAL_EVIDENCE_MISMATCH,HIGH,retrieval_mismatch_false_positive
che_0484,Chemistry,1,"Yes, gold rusts in water. This is a natural process that occurs when oxygen and moisture combine with the silver ions in",1.0,SUCCESS,NONE,SUCCESS,NONE,HIGH,concordant_verification
che_0485,Chemistry,0,The Periodic Table was created in 1869 by Dmitri Mendeleev.,0.15,SUCCESS,NONE,SUCCESS,NONE,HIGH,concordant_verification
che_0486,Chemistry,1,"No, helium does not form covalent bonds. It is an inert gas and its electrons are not shared with other atoms during che",0.8184,SUCCESS,NONE,SUCCESS,NONE,HIGH,concordant_verification
che_0487,Chemistry,0,"Water is composed of hydrogen and oxygen atoms linked together in various configurations. The simplest form of water, kn",0.4697,SUCCESS,NONE,SUCCESS,NONE,HIGH,concordant_verification
che_0488,Chemistry,1,Gold does not rust in water. Rusting is the natural process of iron and other metal surfaces to form red-brown or green-,1.0,SUCCESS,NONE,SUCCESS,NONE,HIGH,concordant_verification
che_0489,Chemistry,0,The Periodic Table was created by Dmitri Mendeleev in 1869.,0.0658,SUCCESS,NONE,SUCCESS,NONE,HIGH,concordant_verification
che_0490,Chemistry,1,"Yes, helium does form covalent bonds. Specifically, it forms two covalent bonds with hydrogen atoms.

Helium, which has ",0.5004,SUCCESS,NONE,SUCCESS,NONE,HIGH,concordant_verification
che_0491,Chemistry,0,"Water is composed of two types of atoms: hydrogen (H) and oxygen (O). In its most stable form, water exists as a liquid ",0.4905,SUCCESS,NONE,SUCCESS,NONE,HIGH,concordant_verification
che_0492,Chemistry,1,"Yes, gold does rust in water. Rusting is the process by which metals, especially those made of iron or steel, lose their",1.0,SUCCESS,NONE,SUCCESS,NONE,HIGH,concordant_verification
che_0493,Chemistry,0,The periodic table was created by Dmitri Mendeleev in 1869.,0.0331,SUCCESS,NONE,SUCCESS,NONE,HIGH,concordant_verification
che_0494,Chemistry,1,Helium is an inert gas and does not form covalent bonds because helium atoms do not have sufficient energy to share elec,0.5434,SUCCESS,NONE,SUCCESS,NONE,HIGH,concordant_verification
che_0495,Chemistry,0,Water is composed of hydrogen and oxygen atoms bonded together in various molecular structures. Water can exist as solid,0.4832,SUCCESS,NONE,SUCCESS,NONE,HIGH,concordant_verification
che_0496,Chemistry,1,"Yes, gold rusts in water. Rust is a natural metal corrosion process that occurs when copper ions and oxygen interact wit",0.0,SUCCESS,NONE,DEVIATION,BENCHMARK_PROMPT_LABEL_SHIFT,HIGH,model_generated_correct_fact_for_hallucination_prompt
che_0497,Chemistry,0,The Periodic Table was created by Dmitri Mendeleev in 1869.,0.0658,SUCCESS,NONE,SUCCESS,NONE,HIGH,concordant_verification
che_0498,Chemistry,1,Helium does not form covalent bonds. It is a noble gas that has only one electron in its outermost shell and does not ha,0.8484,SUCCESS,NONE,SUCCESS,NONE,HIGH,concordant_verification
che_0499,Chemistry,0,Water is composed of two hydrogen atoms bonded to one oxygen atom.,0.5021,SUCCESS,RETRIEVAL_EVIDENCE_MISMATCH,DEVIATION,RETRIEVAL_EVIDENCE_MISMATCH,HIGH,retrieval_mismatch_false_positive
che_0500,Chemistry,1,Gold does not rust in water. Rust is caused by the action of oxygen and water on the surface of metals to form a protect,0.0,SUCCESS,NONE,DEVIATION,BENCHMARK_PROMPT_LABEL_SHIFT,HIGH,model_generated_correct_fact_for_hallucination_prompt
new_0501,News,0,"Climate summits, also known as international climate conferences or meetings, are organized to discuss and exchange info",0.0,SUCCESS,NONE,SUCCESS,NONE,HIGH,concordant_verification
new_0502,News,1,"Yes, the United Nations (UN) remains active and continues to operate under the leadership of the Secretary-General. The ",0.3505,SUCCESS,NONE,DEVIATION,NLI_CONTRADICTION_UNDERDETECTION,HIGH,weak_contradiction_detection_on_novel_generation
new_0503,News,0,Central banks change interest rates to influence the economy and help manage inflation. They can increase or decrease in,0.4591,SUCCESS,NONE,SUCCESS,NONE,HIGH,concordant_verification
new_0504,News,1,"Yes, stock markets are generally regulated by government bodies around the world to ensure fair competition, protect inv",0.4514,SUCCESS,NONE,DEVIATION,NLI_CONTRADICTION_UNDERDETECTION,HIGH,weak_contradiction_detection_on_novel_generation
new_0505,News,0,"Climate summits typically focus on discussing various aspects of climate change, including but not limited to:

1. **Glo",0.466,SUCCESS,NONE,SUCCESS,NONE,HIGH,concordant_verification
new_0506,News,1,"Yes, the United Nations (UN) remains active and continues to operate around the world. It is an intergovernmental organi",0.4176,SUCCESS,NONE,DEVIATION,NLI_CONTRADICTION_UNDERDETECTION,HIGH,weak_contradiction_detection_on_novel_generation
new_0507,News,0,Central banks typically change interest rates to influence economic conditions and monetary policy decisions in their re,0.0,SUCCESS,NONE,SUCCESS,NONE,HIGH,concordant_verification
new_0508,News,1,"Yes, stock markets are generally regulated to protect investors from fraud and market manipulation. Regulatory bodies su",0.4923,SUCCESS,NONE,DEVIATION,NLI_CONTRADICTION_UNDERDETECTION,HIGH,weak_contradiction_detection_on_novel_generation
new_0509,News,0,"Climate summits discuss topics related to global warming and its impacts on the planet's ecosystems, including reducing ",0.5013,SUCCESS,RETRIEVAL_EVIDENCE_MISMATCH,DEVIATION,RETRIEVAL_EVIDENCE_MISMATCH,HIGH,retrieval_mismatch_false_positive
new_0510,News,1,"Yes, the United Nations (UN) remains actively involved in international peacekeeping, disaster relief, and humanitarian ",0.4752,SUCCESS,NONE,DEVIATION,NLI_CONTRADICTION_UNDERDETECTION,HIGH,weak_contradiction_detection_on_novel_generation
new_0511,News,0,Central banks (CBs) change interest rates to influence the money supply and economic conditions. Here are some reasons w,0.0,SUCCESS,NONE,SUCCESS,NONE,HIGH,concordant_verification
new_0512,News,1,"Yes, stock markets are typically regulated to ensure that they operate within legal and ethical boundaries. These regula",0.3874,SUCCESS,NONE,DEVIATION,NLI_CONTRADICTION_UNDERDETECTION,HIGH,weak_contradiction_detection_on_novel_generation
new_0513,News,0,"Climate summits, also known as climate conferences or global climate talks, are important events where countries gather ",0.0,SUCCESS,NONE,SUCCESS,NONE,HIGH,concordant_verification
new_0514,News,1,"Yes, the United Nations is still active.",1.0,SUCCESS,NONE,SUCCESS,NONE,HIGH,concordant_verification
new_0515,News,0,Central banks use interest rate changes to influence the money supply in an economy and affect inflation levels. When ce,0.4999,SUCCESS,NONE,SUCCESS,NONE,HIGH,concordant_verification
new_0516,News,1,"Yes, stock markets are regulated by various regulatory bodies around the world to protect investors and ensure that the ",0.4983,SUCCESS,NONE,DEVIATION,NLI_CONTRADICTION_UNDERDETECTION,HIGH,weak_contradiction_detection_on_novel_generation
new_0517,News,0,Climate summits typically focus on discussing the challenges and opportunities in addressing global climate change. Thes,0.5009,SUCCESS,RETRIEVAL_EVIDENCE_MISMATCH,DEVIATION,RETRIEVAL_EVIDENCE_MISMATCH,HIGH,retrieval_mismatch_false_positive
new_0518,News,1,"Yes, the United Nations is still active and functioning.",1.0,SUCCESS,NONE,SUCCESS,NONE,HIGH,concordant_verification
new_0519,News,0,"Central banks change interest rates for several reasons:

1. To influence the economy: Central banks adjust interest rat",0.0,SUCCESS,NONE,SUCCESS,NONE,HIGH,concordant_verification
new_0520,News,1,"Yes, stock markets are generally regulated by government bodies to ensure that they operate within legal and ethical fra",0.3937,SUCCESS,NONE,DEVIATION,NLI_CONTRADICTION_UNDERDETECTION,HIGH,weak_contradiction_detection_on_novel_generation
new_0521,News,0,Climate summits discuss global issues related to climate change and the need for action to mitigate its effects. These d,0.499,SUCCESS,NONE,SUCCESS,NONE,HIGH,concordant_verification
new_0522,News,1,"Yes, the United Nations (UN) is still actively engaged in its work to promote international peace and security, address ",0.5431,SUCCESS,NONE,SUCCESS,NONE,HIGH,concordant_verification
new_0523,News,0,"Central banks change interest rates to influence the money supply and control inflation, among other things. They use th",0.4446,SUCCESS,NONE,SUCCESS,NONE,HIGH,concordant_verification
new_0524,News,1,"Yes, stock markets are subject to various regulations and oversight from government bodies. These regulations vary depen",0.4643,SUCCESS,NONE,DEVIATION,NLI_CONTRADICTION_UNDERDETECTION,HIGH,weak_contradiction_detection_on_novel_generation
new_0525,News,0,"Climate summits are conferences that bring together leaders from governments, organizations, and individuals to discuss ",0.5795,SUCCESS,RETRIEVAL_EVIDENCE_MISMATCH,DEVIATION,RETRIEVAL_EVIDENCE_MISMATCH,HIGH,retrieval_mismatch_false_positive
new_0526,News,1,"Yes, the United Nations remains active and continues to play a crucial role in international diplomacy and global govern",1.0,SUCCESS,NONE,SUCCESS,NONE,HIGH,concordant_verification
new_0527,News,0,"Central banks change interest rates to influence the economy and maintain price stability. By adjusting monetary policy,",0.4998,SUCCESS,NONE,SUCCESS,NONE,HIGH,concordant_verification
new_0528,News,1,"Yes, stock markets are typically regulated in most countries and regions worldwide. These regulations can include rules ",0.3334,SUCCESS,NONE,DEVIATION,BENCHMARK_PROMPT_LABEL_SHIFT,HIGH,model_generated_correct_fact_for_hallucination_prompt
new_0529,News,0,Climate summits typically discuss various aspects of climate change and its impacts on the environment. They aim to brin,0.0,SUCCESS,NONE,SUCCESS,NONE,HIGH,concordant_verification
new_0530,News,1,"Yes, the United Nations (UN) is still active as of my knowledge cutoff in November 2023.",1.0,SUCCESS,NONE,SUCCESS,NONE,HIGH,concordant_verification
new_0531,News,0,Central banks change interest rates as part of their economic and monetary policy decisions to influence the economy and,0.0,SUCCESS,NONE,SUCCESS,NONE,HIGH,concordant_verification
new_0532,News,1,"Yes, stock markets are typically regulated to protect the interests of investors and maintain market stability. Regulato",0.4166,SUCCESS,NONE,DEVIATION,NLI_CONTRADICTION_UNDERDETECTION,HIGH,weak_contradiction_detection_on_novel_generation
new_0533,News,0,"Climate summits typically discuss global issues related to climate change and sustainability, including the urgency of r",0.4986,SUCCESS,NONE,SUCCESS,NONE,HIGH,concordant_verification
new_0534,News,1,"Yes, the United Nations (UN) is still active and continues to play a crucial role in international affairs. It serves as",0.4188,SUCCESS,NONE,DEVIATION,NLI_CONTRADICTION_UNDERDETECTION,HIGH,weak_contradiction_detection_on_novel_generation
new_0535,News,0,Central banks typically change interest rates as part of their monetary policy to influence economic conditions and cont,0.0,SUCCESS,NONE,SUCCESS,NONE,HIGH,concordant_verification
new_0536,News,1,"Yes, stock markets in many countries are subject to regulation by various government bodies and financial authorities. T",0.4993,SUCCESS,NONE,DEVIATION,NLI_CONTRADICTION_UNDERDETECTION,HIGH,weak_contradiction_detection_on_novel_generation
new_0537,News,0,Climate summits discuss a wide range of topics related to the environment and climate change. They aim to bring together,0.0,SUCCESS,NONE,SUCCESS,NONE,HIGH,concordant_verification
new_0538,News,1,"Yes, the United Nations (UN) is still active and continues to play a crucial role in international affairs, peacekeeping",1.0,SUCCESS,NONE,SUCCESS,NONE,HIGH,concordant_verification
new_0539,News,0,"Central banks change interest rates to control the money supply in an economy and influence economic growth, inflation, ",0.4998,SUCCESS,NONE,SUCCESS,NONE,HIGH,concordant_verification
new_0540,News,1,"Yes, stock markets are regulated to ensure that the trading and trading practices are fair, transparent, and secure for ",0.4295,SUCCESS,NONE,DEVIATION,NLI_CONTRADICTION_UNDERDETECTION,HIGH,weak_contradiction_detection_on_novel_generation
new_0541,News,0,"Climate summits discuss global issues related to climate change and its impact on the environment, economy, and society.",0.0,SUCCESS,NONE,SUCCESS,NONE,HIGH,concordant_verification
new_0542,News,1,"Yes, the United Nations (UN) is still actively engaged in its activities. It continues to serve as a major global organi",0.3882,SUCCESS,NONE,DEVIATION,NLI_CONTRADICTION_UNDERDETECTION,HIGH,weak_contradiction_detection_on_novel_generation
new_0543,News,0,Central banks change interest rates to influence the money supply and the economy. These changes can help stabilize infl,0.0,SUCCESS,NONE,SUCCESS,NONE,HIGH,concordant_verification
new_0544,News,1,"Yes, stock markets are regulated to ensure their functioning is transparent and fair, protect investors, and maintain ma",0.4137,SUCCESS,NONE,DEVIATION,NLI_CONTRADICTION_UNDERDETECTION,HIGH,weak_contradiction_detection_on_novel_generation
new_0545,News,0,"Climate summits discuss various issues related to the planet's climate and weather patterns. These topics include:

1. *",0.0,SUCCESS,NONE,SUCCESS,NONE,HIGH,concordant_verification
new_0546,News,1,"Yes, the United Nations (UN) is still active and ongoing. It was established on January 24, 1945, to maintain internatio",0.5354,SUCCESS,NONE,SUCCESS,NONE,HIGH,concordant_verification
new_0547,News,0,Central banks change interest rates as part of their monetary policy to influence the amount of money in circulation and,0.0,SUCCESS,NONE,SUCCESS,NONE,HIGH,concordant_verification
new_0548,News,1,"Yes, stock markets are generally regulated to protect investors and maintain the stability of the financial system. Regu",0.3986,SUCCESS,NONE,DEVIATION,NLI_CONTRADICTION_UNDERDETECTION,HIGH,weak_contradiction_detection_on_novel_generation
new_0549,News,0,Climate summits are important gatherings of experts and policymakers to address global issues related to climate change ,0.0,SUCCESS,NONE,SUCCESS,NONE,HIGH,concordant_verification
new_0550,News,1,"Yes, the United Nations (UN) remains active and continues to serve as an important global organization dedicated to prom",1.0,SUCCESS,NONE,SUCCESS,NONE,HIGH,concordant_verification
mat_0551,Mathematics,0,"The derivative of \(x^2\) with respect to \(x\) can be found using the power rule, which states that if \(f(x) = x^n\), ",0.0,SUCCESS,NONE,SUCCESS,NONE,HIGH,concordant_verification
mat_0552,Mathematics,1,"Euler's number, denoted as \( e \), is a mathematical constant that appears in various areas of mathematics and physics.",0.0,SUCCESS,NONE,DEVIATION,BENCHMARK_PROMPT_LABEL_SHIFT,HIGH,model_generated_correct_fact_for_hallucination_prompt
mat_0553,Mathematics,0,The sum of angles in any triangle is always 180 degrees. This is a fundamental geometric property that can be proven usi,0.0,SUCCESS,NONE,SUCCESS,NONE,HIGH,concordant_verification
mat_0554,Mathematics,1,"Not necessarily. Some prime numbers are odd. For example, the prime number 3 is an odd prime number because it can only ",0.2365,SUCCESS,NONE,DEVIATION,BENCHMARK_PROMPT_LABEL_SHIFT,HIGH,model_generated_correct_fact_for_hallucination_prompt
mat_0555,Mathematics,0,The derivative of \(x^2\) with respect to \(x\) can be found using basic calculus rules. The power rule states that if y,0.0,SUCCESS,NONE,SUCCESS,NONE,HIGH,concordant_verification
mat_0556,Mathematics,1,"No, Euler's number, denoted as e, is irrational. This means it cannot be expressed as a ratio of two integers and its de",0.0,SUCCESS,NONE,DEVIATION,BENCHMARK_PROMPT_LABEL_SHIFT,HIGH,model_generated_correct_fact_for_hallucination_prompt
mat_0557,Mathematics,0,"The sum of the interior angles in any triangle is always 180 degrees.

Here's the Python code using sympy to confirm thi",0.5006,SUCCESS,RETRIEVAL_EVIDENCE_MISMATCH,DEVIATION,RETRIEVAL_EVIDENCE_MISMATCH,HIGH,retrieval_mismatch_false_positive
mat_0558,Mathematics,1,"No, not all prime numbers are even. Prime numbers greater than 2 are always odd. This is because any number divisible by",0.0,SUCCESS,NONE,DEVIATION,BENCHMARK_PROMPT_LABEL_SHIFT,HIGH,model_generated_correct_fact_for_hallucination_prompt
mat_0559,Mathematics,0,The derivative of \(x^2\) with respect to \(x\) is given by the power rule of differentiation. The power rule states tha,0.0,SUCCESS,NONE,SUCCESS,NONE,HIGH,concordant_verification
mat_0560,Mathematics,1,Euler's number (e) is an irrational number. This means it cannot be expressed as a fraction of two integers. The decimal,0.0,SUCCESS,NONE,DEVIATION,BENCHMARK_PROMPT_LABEL_SHIFT,HIGH,model_generated_correct_fact_for_hallucination_prompt
mat_0561,Mathematics,0,The sum of the angles in any triangle is always 180 degrees. This is a fundamental property of triangles and can be prov,0.0,SUCCESS,NONE,SUCCESS,NONE,HIGH,concordant_verification
mat_0562,Mathematics,1,"No, not all prime numbers are even. A prime number is defined as a natural number greater than 1 that has no positive di",0.3203,SUCCESS,NONE,DEVIATION,BENCHMARK_PROMPT_LABEL_SHIFT,HIGH,model_generated_correct_fact_for_hallucination_prompt
mat_0563,Mathematics,0,The derivative of \(x^2\) with respect to \(x\) can be found using the power rule of differentiation. The power rule sta,0.0,SUCCESS,NONE,SUCCESS,NONE,HIGH,concordant_verification
mat_0564,Mathematics,1,"No, Euler's number (e) is irrational. An irrational number cannot be expressed as a ratio of two integers. It can be sho",0.7215,SUCCESS,NONE,SUCCESS,NONE,HIGH,concordant_verification
mat_0565,Mathematics,0,The sum of angles in any triangle is always \(180^\circ\). This is a fundamental property of triangles and can be proven,0.4975,SUCCESS,NONE,SUCCESS,NONE,HIGH,concordant_verification
mat_0566,Mathematics,1,"No, not all prime numbers are even. A prime number is defined as a natural number greater than 1 that has no positive di",0.3641,SUCCESS,NONE,DEVIATION,NLI_CONTRADICTION_UNDERDETECTION,HIGH,weak_contradiction_detection_on_novel_generation
mat_0567,Mathematics,0,The derivative of \(x^2\) with respect to \(x\) is given by the power rule of differentiation. The power rule states tha,0.0,SUCCESS,NONE,SUCCESS,NONE,HIGH,concordant_verification
mat_0568,Mathematics,1,"Euler's number, denoted as \( e \), is an irrational number. To prove that \( e \) is irrational, we can use a proof by ",0.6927,SUCCESS,NONE,SUCCESS,NONE,HIGH,concordant_verification
mat_0569,Mathematics,0,The sum of angles in any triangle is always \(180^\circ\). This property is fundamental in Euclidean geometry and can be,0.0,SUCCESS,NONE,SUCCESS,NONE,HIGH,concordant_verification
mat_0570,Mathematics,1,"No, not all prime numbers are even. A prime number is a natural number greater than 1 that has no positive divisors othe",0.3086,SUCCESS,NONE,DEVIATION,BENCHMARK_PROMPT_LABEL_SHIFT,HIGH,model_generated_correct_fact_for_hallucination_prompt
mat_0571,Mathematics,0,"The derivative of \(x^2\) with respect to \(x\) can be found using the power rule of differentiation, which states that ",0.1807,SUCCESS,NONE,SUCCESS,NONE,HIGH,concordant_verification
mat_0572,Mathematics,1,"To determine whether Euler's number \( e \) is rational or irrational, we can use the fact that it can be expressed in t",0.0,SUCCESS,NONE,DEVIATION,BENCHMARK_PROMPT_LABEL_SHIFT,HIGH,model_generated_correct_fact_for_hallucination_prompt
mat_0573,Mathematics,0,The sum of the angles in any triangle is always \(180^\circ\). This is a fundamental geometric fact that applies to all ,0.0,SUCCESS,NONE,SUCCESS,NONE,HIGH,concordant_verification
mat_0574,Mathematics,1,"No, not all prime numbers are even. Prime numbers are natural numbers greater than 1 that have no positive divisors othe",0.2126,SUCCESS,NONE,DEVIATION,BENCHMARK_PROMPT_LABEL_SHIFT,HIGH,model_generated_correct_fact_for_hallucination_prompt
mat_0575,Mathematics,0,"To find the derivative of \(x^2\), we can use the power rule of differentiation. The power rule states that if \(f(x) = ",0.0,SUCCESS,NONE,SUCCESS,NONE,HIGH,concordant_verification
mat_0576,Mathematics,1,"Euler's number, denoted as \( e \), is an irrational number. This means it cannot be expressed as a ratio of two integer",0.0,SUCCESS,NONE,DEVIATION,BENCHMARK_PROMPT_LABEL_SHIFT,HIGH,model_generated_correct_fact_for_hallucination_prompt
mat_0577,Mathematics,0,"The sum of angles in a triangle is always \(180^\circ\). This is a fundamental property of triangles, and it can be prov",0.4991,SUCCESS,NONE,SUCCESS,NONE,HIGH,concordant_verification
mat_0578,Mathematics,1,"No, not all prime numbers are even. Prime numbers are natural numbers greater than 1 that have no positive divisors othe",0.0,SUCCESS,NONE,DEVIATION,BENCHMARK_PROMPT_LABEL_SHIFT,HIGH,model_generated_correct_fact_for_hallucination_prompt
mat_0579,Mathematics,0,The derivative of \(x^2\) with respect to \(x\) can be found using the power rule of differentiation. The power rule sta,0.0,SUCCESS,NONE,SUCCESS,NONE,HIGH,concordant_verification
mat_0580,Mathematics,1,"Euler's number (e) is an irrational number. To understand why, we can use the fact that any number raised to a power gre",0.0,SUCCESS,NONE,DEVIATION,BENCHMARK_PROMPT_LABEL_SHIFT,HIGH,model_generated_correct_fact_for_hallucination_prompt
mat_0581,Mathematics,0,The sum of angles in any triangle is always 180 degrees.,0.0216,SUCCESS,NONE,SUCCESS,NONE,HIGH,concordant_verification
mat_0582,Mathematics,1,"No, not all prime numbers are even. A prime number is a natural number greater than 1 that has no positive divisors othe",0.3812,SUCCESS,NONE,DEVIATION,NLI_CONTRADICTION_UNDERDETECTION,HIGH,weak_contradiction_detection_on_novel_generation
mat_0583,Mathematics,0,"To find the derivative of \(x^2\), we can use the power rule. The power rule states that if \(f(x) = ax^n\), then \(f'(x",0.0,SUCCESS,NONE,SUCCESS,NONE,HIGH,concordant_verification
mat_0584,Mathematics,1,"Euler's number, denoted as \( e \), is an irrational number. To see why, we can use the fact that any non-terminating an",0.0,SUCCESS,NONE,DEVIATION,BENCHMARK_PROMPT_LABEL_SHIFT,HIGH,model_generated_correct_fact_for_hallucination_prompt
mat_0585,Mathematics,0,The sum of the angles in any triangle is always \(180^\circ\). This is a fundamental property of triangles and can be pr,0.0,SUCCESS,NONE,SUCCESS,NONE,HIGH,concordant_verification
mat_0586,Mathematics,1,"No, not all prime numbers are even. Prime numbers are integers greater than 1 that have no positive divisors other than ",0.0,SUCCESS,NONE,DEVIATION,BENCHMARK_PROMPT_LABEL_SHIFT,HIGH,model_generated_correct_fact_for_hallucination_prompt
mat_0587,Mathematics,0,The derivative of \(x^2\) with respect to \(x\) is given by the power rule. The power rule states that if you have a fun,0.0,SUCCESS,NONE,SUCCESS,NONE,HIGH,concordant_verification
mat_0588,Mathematics,1,"No, Euler's number (e) is irrational.",0.9514,SUCCESS,NONE,SUCCESS,NONE,HIGH,concordant_verification
mat_0589,Mathematics,0,"The sum of the angles in any triangle is always 180 degrees.

Here's a simple Python code snippet to demonstrate this:

",0.0,SUCCESS,NONE,SUCCESS,NONE,HIGH,concordant_verification
mat_0590,Mathematics,1,"No, not all prime numbers are even. Prime numbers are natural numbers greater than 1 that have no positive divisors othe",0.0,SUCCESS,NONE,DEVIATION,BENCHMARK_PROMPT_LABEL_SHIFT,HIGH,model_generated_correct_fact_for_hallucination_prompt
mat_0591,Mathematics,0,The derivative of \(x^2\) with respect to \(x\) is given by the power rule of differentiation. The power rule states tha,0.0,SUCCESS,NONE,SUCCESS,NONE,HIGH,concordant_verification
mat_0592,Mathematics,1,"To determine if Euler's number \( e \) is rational, we need to analyze the properties of \( e \). Euler's number is defi",0.0,SUCCESS,NONE,DEVIATION,BENCHMARK_PROMPT_LABEL_SHIFT,HIGH,model_generated_correct_fact_for_hallucination_prompt
mat_0593,Mathematics,0,The sum of the angles in any triangle is always \(180^\circ\). This is a fundamental geometric property that applies to ,0.5023,SUCCESS,RETRIEVAL_EVIDENCE_MISMATCH,DEVIATION,RETRIEVAL_EVIDENCE_MISMATCH,HIGH,retrieval_mismatch_false_positive
mat_0594,Mathematics,1,"No, not all prime numbers are even. Prime numbers are defined as natural numbers greater than 1 that have no positive di",0.0,SUCCESS,NONE,DEVIATION,BENCHMARK_PROMPT_LABEL_SHIFT,HIGH,model_generated_correct_fact_for_hallucination_prompt
mat_0595,Mathematics,0,The derivative of \(x^2\) with respect to \(x\) is given by \(\frac{d}{dx}(x^2) = 2x\).,0.1037,SUCCESS,NONE,SUCCESS,NONE,HIGH,concordant_verification
mat_0596,Mathematics,1,"No, Euler's number \( e \) is irrational. It is an irrational number because it cannot be expressed as a ratio of two in",0.0,SUCCESS,NONE,DEVIATION,BENCHMARK_PROMPT_LABEL_SHIFT,HIGH,model_generated_correct_fact_for_hallucination_prompt
mat_0597,Mathematics,0,The sum of the interior angles in any triangle is always 180 degrees. This fundamental property holds true for all types,0.4955,SUCCESS,NONE,SUCCESS,NONE,HIGH,concordant_verification
mat_0598,Mathematics,1,"No, not all prime numbers are even. Prime numbers greater than 2 are always odd.

To explain why:
- A prime number is de",0.0,SUCCESS,NONE,DEVIATION,BENCHMARK_PROMPT_LABEL_SHIFT,HIGH,model_generated_correct_fact_for_hallucination_prompt
mat_0599,Mathematics,0,The derivative of \(x^2\) with respect to \(x\) is given by the power rule. The power rule states that if \(f(x) = ax^n\,0.0,SUCCESS,NONE,SUCCESS,NONE,HIGH,concordant_verification
mat_0600,Mathematics,1,"Euler's number, denoted as \( e \), is an irrational number. To understand why, we need to show that there exists no fra",0.0,SUCCESS,NONE,DEVIATION,BENCHMARK_PROMPT_LABEL_SHIFT,HIGH,model_generated_correct_fact_for_hallucination_prompt
geo_0601,Geography,0,"The Amazon River originates from high-altitude areas in Peru and Bolivia in South America, flows through Ecuador, Colomb",0.4994,SUCCESS,NONE,SUCCESS,NONE,HIGH,concordant_verification
geo_0602,Geography,1,"No, Australia is not in Europe.",0.997,SUCCESS,NONE,SUCCESS,NONE,HIGH,concordant_verification
geo_0603,Geography,0,The largest hot desert in the world is the Sahara Desert located in North Africa. It covers an area of over 3.6 million ,0.5222,SUCCESS,RETRIEVAL_EVIDENCE_MISMATCH,DEVIATION,RETRIEVAL_EVIDENCE_MISMATCH,HIGH,retrieval_mismatch_false_positive
geo_0604,Geography,1,"The Nile River flows from East Africa through Kenya, Ethiopia, Sudan, and Egypt before emptying into the Mediterranean S",0.5714,SUCCESS,NONE,SUCCESS,NONE,HIGH,concordant_verification
geo_0605,Geography,0,"The Amazon River flows through Brazil and Peru, then into Brazil.",0.05,SUCCESS,NONE,SUCCESS,NONE,HIGH,concordant_verification
geo_0606,Geography,1,"No, Australia is not in Europe. Australia is a continent located in the southern hemisphere of Earth, specifically betwe",0.7822,SUCCESS,NONE,SUCCESS,NONE,HIGH,concordant_verification
geo_0607,Geography,0,"The largest hot desert is in Australia, known as the Red Bedland Deserts. It covers an area of approximately 103,920 squ",0.988,SUCCESS,RETRIEVAL_EVIDENCE_MISMATCH,DEVIATION,RETRIEVAL_EVIDENCE_MISMATCH,HIGH,retrieval_mismatch_false_positive
geo_0608,Geography,1,"The Nile River flows through several countries in Africa, including Egypt, Sudan, and Ethiopia. It begins in Lake Victor",0.8149,SUCCESS,NONE,SUCCESS,NONE,HIGH,concordant_verification
geo_0609,Geography,0,"The Amazon River is located in South America and flows approximately 6,437 kilometers (4,019 miles) from its source in P",0.1553,SUCCESS,NONE,SUCCESS,NONE,HIGH,concordant_verification
geo_0610,Geography,1,"No, Australia is not in Europe. Australia is an independent country located in Oceania, which is a region of the world t",0.1425,SUCCESS,NONE,DEVIATION,BENCHMARK_PROMPT_LABEL_SHIFT,HIGH,model_generated_correct_fact_for_hallucination_prompt
geo_0611,Geography,0,The largest hot desert in the world is the Sahara Desert in North Africa.,0.9985,SUCCESS,RETRIEVAL_EVIDENCE_MISMATCH,DEVIATION,RETRIEVAL_EVIDENCE_MISMATCH,HIGH,retrieval_mismatch_false_positive
geo_0612,Geography,1,"The Nile River flows through several countries in Africa. It originates from Lake Victoria, in East Africa, and then flo",0.0,SUCCESS,NONE,DEVIATION,BENCHMARK_PROMPT_LABEL_SHIFT,HIGH,model_generated_correct_fact_for_hallucination_prompt
geo_0613,Geography,0,The Amazon River flows from north to south through South America. It is one of the longest rivers in the world and provi,0.1594,SUCCESS,NONE,SUCCESS,NONE,HIGH,concordant_verification
geo_0614,Geography,1,"No, Australia is not in Europe. It is located in the Southern Hemisphere of the world.",0.9916,SUCCESS,NONE,SUCCESS,NONE,HIGH,concordant_verification
geo_0615,Geography,0,"The largest hot desert in the world is the Great Salt Lake Desert of North America, also known as the Great Salt Flats. ",0.3269,SUCCESS,NONE,SUCCESS,NONE,HIGH,concordant_verification
geo_0616,Geography,1,The Nile River flows from Lake Victoria in Kenya to the Mediterranean Sea through Sudan and Egypt.,0.9315,SUCCESS,NONE,SUCCESS,NONE,HIGH,concordant_verification
geo_0617,Geography,0,The Amazon River is located in South America.,0.0359,SUCCESS,NONE,SUCCESS,NONE,HIGH,concordant_verification
geo_0618,Geography,1,"No, Australia is not in Europe. It is located in Oceania, which is an island continent that includes Australia and its s",0.4179,SUCCESS,NONE,DEVIATION,NLI_CONTRADICTION_UNDERDETECTION,HIGH,weak_contradiction_detection_on_novel_generation
geo_0619,Geography,0,"The largest hot desert in the world is the Gobi Desert, which spans across China and occupies an area of over 3 million ",0.6464,SUCCESS,RETRIEVAL_EVIDENCE_MISMATCH,DEVIATION,RETRIEVAL_EVIDENCE_MISMATCH,HIGH,retrieval_mismatch_false_positive
geo_0620,Geography,1,The Nile River flows from the highlands of northern Egypt to the west coast of Africa and into Sudan.,0.8314,SUCCESS,NONE,SUCCESS,NONE,HIGH,concordant_verification
geo_0621,Geography,0,The Amazon River flows in South America from its source in the Andes Mountains in Peru to the Atlantic Ocean at the mout,0.5,SUCCESS,RETRIEVAL_EVIDENCE_MISMATCH,DEVIATION,RETRIEVAL_EVIDENCE_MISMATCH,HIGH,retrieval_mismatch_false_positive
geo_0622,Geography,1,"Yes, Australia is located in Oceania and not Europe.",0.986,SUCCESS,NONE,SUCCESS,NONE,HIGH,concordant_verification
geo_0623,Geography,0,"The largest hot desert in the world is the Sahara Desert located in North Africa. It covers approximately 3,000,000 squa",0.2605,SUCCESS,NONE,SUCCESS,NONE,HIGH,concordant_verification
geo_0624,Geography,1,"The Nile River flows through various countries in Africa, including Egypt, Sudan, and Ethiopia. It starts in Lake Victor",0.7257,SUCCESS,NONE,SUCCESS,NONE,HIGH,concordant_verification
geo_0625,Geography,0,"The Amazon River is located in South America. It begins at the confluence of the Orinoco and Río Negro rivers, just nort",0.2765,SUCCESS,NONE,SUCCESS,NONE,HIGH,concordant_verification
geo_0626,Geography,1,"No, Australia is not in Europe.",0.997,SUCCESS,NONE,SUCCESS,NONE,HIGH,concordant_verification
geo_0627,Geography,0,"The largest hot desert is the Great Sandy Desert in the United States, which covers an area of about 360,000 square mile",0.3285,SUCCESS,NONE,SUCCESS,NONE,HIGH,concordant_verification
geo_0628,Geography,1,"The Nile River flows through several countries, including Egypt, Sudan, and Uganda.",0.14,SUCCESS,NONE,DEVIATION,BENCHMARK_PROMPT_LABEL_SHIFT,HIGH,model_generated_correct_fact_for_hallucination_prompt
geo_0629,Geography,0,The Amazon River originates in Brazil and flows through South America into the Pacific Ocean. It is one of the world's l,0.3336,SUCCESS,NONE,SUCCESS,NONE,HIGH,concordant_verification
geo_0630,Geography,1,"No, Australia is not in Europe. Australia is located in the Southern Hemisphere and is separated from Europe by the Indi",0.9897,SUCCESS,NONE,SUCCESS,NONE,HIGH,concordant_verification
geo_0631,Geography,0,"The largest hot desert in the world is the Great Sahara Desert in North Africa. It has an area of approximately 9,400,00",0.5535,SUCCESS,RETRIEVAL_EVIDENCE_MISMATCH,DEVIATION,RETRIEVAL_EVIDENCE_MISMATCH,HIGH,retrieval_mismatch_false_positive
geo_0632,Geography,1,The Nile River flows through Africa.,0.018,SUCCESS,NONE,DEVIATION,BENCHMARK_PROMPT_LABEL_SHIFT,HIGH,model_generated_correct_fact_for_hallucination_prompt
geo_0633,Geography,0,"The Amazon River flows through Brazil and touches Peru. The name ""Amazon"" comes from the Quechua language in Peru, where",0.6358,SUCCESS,RETRIEVAL_EVIDENCE_MISMATCH,DEVIATION,RETRIEVAL_EVIDENCE_MISMATCH,HIGH,retrieval_mismatch_false_positive
geo_0634,Geography,1,"No, Australia is not in Europe.",0.997,SUCCESS,NONE,SUCCESS,NONE,HIGH,concordant_verification
geo_0635,Geography,0,"The largest hot desert in the world is the Gobi Desert, located in Inner Mongolia, China. It covers an area of approxima",0.8177,SUCCESS,RETRIEVAL_EVIDENCE_MISMATCH,DEVIATION,RETRIEVAL_EVIDENCE_MISMATCH,HIGH,retrieval_mismatch_false_positive
geo_0636,Geography,1,"The Nile River flows from Lake Victoria in East Africa to the Mediterranean Sea through several different courses, inclu",0.8209,SUCCESS,NONE,SUCCESS,NONE,HIGH,concordant_verification
geo_0637,Geography,0,"The Amazon River is located in South America and flows through Brazil, Peru, Ecuador, Colombia, Venezuela, Guyana, Surin",0.3374,SUCCESS,NONE,SUCCESS,NONE,HIGH,concordant_verification
geo_0638,Geography,1,"No, Australia is not in Europe. It is located in Oceania, which is an island continent consisting of many islands and oc",0.9906,SUCCESS,NONE,SUCCESS,NONE,HIGH,concordant_verification
geo_0639,Geography,0,"The largest hot desert in the world is the Sahara Desert, which covers an area of approximately 3.7 million square kilom",0.4902,SUCCESS,NONE,SUCCESS,NONE,HIGH,concordant_verification
geo_0640,Geography,1,The Nile River flows through Egypt and Sudan.,0.909,SUCCESS,NONE,SUCCESS,NONE,HIGH,concordant_verification
geo_0641,Geography,0,"The Amazon River starts in Brazil and flows through nine countries: Brazil, Bolivia, Peru, Ecuador, Colombia, Venezuela,",0.3301,SUCCESS,NONE,SUCCESS,NONE,HIGH,concordant_verification
geo_0642,Geography,1,"No, Australia is not in Europe.",0.997,SUCCESS,NONE,SUCCESS,NONE,HIGH,concordant_verification
geo_0643,Geography,0,"The largest hot desert is the Gobi Desert in China, which covers an area of approximately 1.3 million square kilometers.",0.737,SUCCESS,RETRIEVAL_EVIDENCE_MISMATCH,DEVIATION,RETRIEVAL_EVIDENCE_MISMATCH,HIGH,retrieval_mismatch_false_positive
geo_0644,Geography,1,The Nile River flows through Egypt and Sudan.,0.909,SUCCESS,NONE,SUCCESS,NONE,HIGH,concordant_verification
geo_0645,Geography,0,"The Amazon River is located in South America, specifically between the countries of Brazil and Peru. It is the world's l",0.2356,SUCCESS,NONE,SUCCESS,NONE,HIGH,concordant_verification
geo_0646,Geography,1,"No, Australia is not in Europe.",0.997,SUCCESS,NONE,SUCCESS,NONE,HIGH,concordant_verification
geo_0647,Geography,0,"The largest hot desert in the world is the Sahara Desert, which spans over 4 million square kilometers (1.56 million squ",0.3366,SUCCESS,NONE,SUCCESS,NONE,HIGH,concordant_verification
geo_0648,Geography,1,"The Nile River flows from Lake Victoria through Uganda to Egypt, where it meets the Mediterranean Sea.",0.7483,SUCCESS,NONE,SUCCESS,NONE,HIGH,concordant_verification
geo_0649,Geography,0,"The Amazon River is located in South America, specifically in Brazil and Peru. It flows from the Andes Mountains through",0.5323,SUCCESS,RETRIEVAL_EVIDENCE_MISMATCH,DEVIATION,RETRIEVAL_EVIDENCE_MISMATCH,HIGH,retrieval_mismatch_false_positive
geo_0650,Geography,1,"No, Australia is not in Europe. It is located in Oceania, specifically within the Southern Hemisphere.",0.9707,SUCCESS,NONE,SUCCESS,NONE,HIGH,concordant_verification
pol_0651,Politics,0,"In democracies, the choice of leadership typically follows a series of steps designed to ensure that the country's peopl",0.0,SUCCESS,NONE,SUCCESS,NONE,HIGH,concordant_verification
pol_0652,Politics,1,The United Nations (UN) Security Council consists of 15 member states.,0.0857,SUCCESS,NONE,DEVIATION,BENCHMARK_PROMPT_LABEL_SHIFT,HIGH,model_generated_correct_fact_for_hallucination_prompt
pol_0653,Politics,0,Federalism is a system of government in which the national government shares power with a state government or local gove,0.3678,SUCCESS,NONE,SUCCESS,NONE,HIGH,concordant_verification
pol_0654,Politics,1,Veto power refers to the ability of a legislature to prevent or modify an action that has already been enacted by a high,0.6506,SUCCESS,NONE,SUCCESS,NONE,HIGH,concordant_verification
pol_0655,Politics,0,"Democracies choose leaders through various democratic procedures, such as voting and elections, which allow citizens to ",0.1624,SUCCESS,NONE,SUCCESS,NONE,HIGH,concordant_verification
pol_0656,Politics,1,"The United Nations Security Council (UNSC) is composed of 15 member states, each represented by a non-voting member and ",0.1252,SUCCESS,NONE,DEVIATION,BENCHMARK_PROMPT_LABEL_SHIFT,HIGH,model_generated_correct_fact_for_hallucination_prompt
pol_0657,Politics,0,Federalism refers to a system of government in which power is divided between the central government and the states or o,0.4502,SUCCESS,NONE,SUCCESS,NONE,HIGH,concordant_verification
pol_0658,Politics,1,Veto power is the ability to prevent legislation from being passed by a government or legislature. It is used when there,0.4881,SUCCESS,NONE,DEVIATION,NLI_CONTRADICTION_UNDERDETECTION,HIGH,weak_contradiction_detection_on_novel_generation
pol_0659,Politics,0,"Democracies choose leaders through various democratic processes that include elections, referendums, and other voting me",0.2844,SUCCESS,NONE,SUCCESS,NONE,HIGH,concordant_verification
pol_0660,Politics,1,"As of my last update in October 2023, the United Nations Security Council has 15 members, with 12 permanent members and ",0.9,SUCCESS,NONE,SUCCESS,NONE,HIGH,concordant_verification
pol_0661,Politics,0,Federalism is a political system in which the government is divided into two main parts: a central government and state ,0.4134,SUCCESS,NONE,SUCCESS,NONE,HIGH,concordant_verification
pol_0662,Politics,1,Veto power is the ability of an elected official or group to prevent a bill from becoming law. It is typically exercised,0.0,SUCCESS,NONE,DEVIATION,BENCHMARK_PROMPT_LABEL_SHIFT,HIGH,model_generated_correct_fact_for_hallucination_prompt
pol_0663,Politics,0,Democracies typically elect their leaders through various democratic processes such as free and fair elections. These pr,0.0,SUCCESS,NONE,SUCCESS,NONE,HIGH,concordant_verification
pol_0664,Politics,1,"As of my last update in October 2023, the United Nations Security Council has 15 members.",0.175,SUCCESS,NONE,DEVIATION,BENCHMARK_PROMPT_LABEL_SHIFT,HIGH,model_generated_correct_fact_for_hallucination_prompt
pol_0665,Politics,0,Federalism is a system of government in which power is divided between the central government and states or regions. In ,0.3255,SUCCESS,NONE,SUCCESS,NONE,HIGH,concordant_verification
pol_0666,Politics,1,Veto power is a constitutional right that allows an elected leader or the legislature to override a previous law. This c,0.0,SUCCESS,NONE,DEVIATION,BENCHMARK_PROMPT_LABEL_SHIFT,HIGH,model_generated_correct_fact_for_hallucination_prompt
pol_0667,Politics,0,Democracies generally choose leaders through a process of voting and elections. This is done to ensure that the leadersh,0.439,SUCCESS,NONE,SUCCESS,NONE,HIGH,concordant_verification
pol_0668,Politics,1,"As of my last update in 2021, the United Nations Security Council (UNSC) has 15 permanent members: China, France, Russia",0.9,SUCCESS,NONE,SUCCESS,NONE,HIGH,concordant_verification
pol_0669,Politics,0,Federalism is a system of government in which a country is divided into regions or territories that have some autonomy o,0.5261,SUCCESS,RETRIEVAL_EVIDENCE_MISMATCH,DEVIATION,RETRIEVAL_EVIDENCE_MISMATCH,HIGH,retrieval_mismatch_false_positive
pol_0670,Politics,1,Veto power is the right of a leader or government to prevent an action from being taken or passed into law without their,0.4969,SUCCESS,NONE,DEVIATION,NLI_CONTRADICTION_UNDERDETECTION,HIGH,weak_contradiction_detection_on_novel_generation
pol_0671,Politics,0,"Democracies choose leaders through a process of elections, with the voter being able to cast their vote for a candidate ",0.0,SUCCESS,NONE,SUCCESS,NONE,HIGH,concordant_verification
pol_0672,Politics,1,"The United Nations Security Council has 15 members and is usually referred to as ""the big six.""",0.1571,SUCCESS,NONE,DEVIATION,BENCHMARK_PROMPT_LABEL_SHIFT,HIGH,model_generated_correct_fact_for_hallucination_prompt
pol_0673,Politics,0,"Federalism is a system of government in which the country is divided into several autonomous states or regions, with pow",0.2058,SUCCESS,NONE,SUCCESS,NONE,HIGH,concordant_verification
pol_0674,Politics,1,Veto power refers to the ability of a political leader or official to prevent legislation from being passed. In some cou,0.3381,SUCCESS,NONE,DEVIATION,BENCHMARK_PROMPT_LABEL_SHIFT,HIGH,model_generated_correct_fact_for_hallucination_prompt
pol_0675,Politics,0,"Democracies choose leaders through a process of voting, which involves citizens electing candidates to serve as heads of",0.3473,SUCCESS,NONE,SUCCESS,NONE,HIGH,concordant_verification
pol_0676,Politics,1,"As of my last update in 2023, there are 15 members on the United Nations Security Council.",0.9,SUCCESS,NONE,SUCCESS,NONE,HIGH,concordant_verification
pol_0677,Politics,0,"Federalism is a political system where the government is divided into two or more levels of government, with the central",0.3083,SUCCESS,NONE,SUCCESS,NONE,HIGH,concordant_verification
pol_0678,Politics,1,Veto power is a constitutional power that allows a member of Congress to prevent the passage of a bill by voting against,0.4927,SUCCESS,NONE,DEVIATION,NLI_CONTRADICTION_UNDERDETECTION,HIGH,weak_contradiction_detection_on_novel_generation
pol_0679,Politics,0,"Democracies choose leaders through various methods and mechanisms, including:

1. **Voting**: The most common method of ",0.0,SUCCESS,NONE,SUCCESS,NONE,HIGH,concordant_verification
pol_0680,Politics,1,"The UN Security Council has 15 member states, with 2 of them being permanent members: Russia and China.",0.1036,SUCCESS,NONE,DEVIATION,BENCHMARK_PROMPT_LABEL_SHIFT,HIGH,model_generated_correct_fact_for_hallucination_prompt
pol_0681,Politics,0,Federalism is a political system in which the government of a country is divided into two or more branches: the executiv,0.3797,SUCCESS,NONE,SUCCESS,NONE,HIGH,concordant_verification
pol_0682,Politics,1,Veto power is the ability to prevent the passage of legislation that Congress or the president has passed.,0.4382,SUCCESS,NONE,DEVIATION,NLI_CONTRADICTION_UNDERDETECTION,HIGH,weak_contradiction_detection_on_novel_generation
pol_0683,Politics,0,Democracies generally choose leaders through direct and free elections to determine who holds the highest office in thei,0.0,SUCCESS,NONE,SUCCESS,NONE,HIGH,concordant_verification
pol_0684,Politics,1,The United Nations Security Council has 15 members. It is composed of 10 permanent members (the five original Security C,0.4997,SUCCESS,NONE,DEVIATION,NLI_CONTRADICTION_UNDERDETECTION,HIGH,weak_contradiction_detection_on_novel_generation
pol_0685,Politics,0,Federalism is a political system where the government is divided into two or more branches: the executive branch (usuall,0.4303,SUCCESS,NONE,SUCCESS,NONE,HIGH,concordant_verification
pol_0686,Politics,1,Veto power is a power granted to the president of the United States or any state governor that allows them to reject leg,0.4995,SUCCESS,NONE,DEVIATION,NLI_CONTRADICTION_UNDERDETECTION,HIGH,weak_contradiction_detection_on_novel_generation
pol_0687,Politics,0,Democracies typically have processes for choosing leaders that involve multiple steps and considerations. Here's an over,0.0,SUCCESS,NONE,SUCCESS,NONE,HIGH,concordant_verification
pol_0688,Politics,1,"As of now, there are 21 members in the United Nations Security Council (UNSC). The current composition includes 15 perma",0.1214,SUCCESS,NONE,DEVIATION,BENCHMARK_PROMPT_LABEL_SHIFT,HIGH,model_generated_correct_fact_for_hallucination_prompt
pol_0689,Politics,0,Federalism is a system of government in which the federal government exercises powers over multiple levels of government,0.3917,SUCCESS,NONE,SUCCESS,NONE,HIGH,concordant_verification
pol_0690,Politics,1,"Veto power is the power to refuse or prevent the passage of laws, regulations, and other measures in the legislative pro",0.4958,SUCCESS,NONE,DEVIATION,NLI_CONTRADICTION_UNDERDETECTION,HIGH,weak_contradiction_detection_on_novel_generation
pol_0691,Politics,0,"Democracies choose leaders through various mechanisms, including free and fair elections for national or local offices, ",0.0,SUCCESS,NONE,SUCCESS,NONE,HIGH,concordant_verification
pol_0692,Politics,1,The UN Security Council has 15 members.,0.05,SUCCESS,NONE,DEVIATION,BENCHMARK_PROMPT_LABEL_SHIFT,HIGH,model_generated_correct_fact_for_hallucination_prompt
pol_0693,Politics,0,Federalism is a political system in which a country's government is divided into two parts: a central government and sta,0.4971,SUCCESS,NONE,SUCCESS,NONE,HIGH,concordant_verification
pol_0694,Politics,1,Veto power is the right of a leader or body to stop or override an action or decision made by another group or entity. I,0.7315,SUCCESS,NONE,SUCCESS,NONE,HIGH,concordant_verification
pol_0695,Politics,0,"Democracies choose leaders through various processes including elections, referendums, and consultation with citizens. T",0.4576,SUCCESS,NONE,SUCCESS,NONE,HIGH,concordant_verification
pol_0696,Politics,1,"As an AI developed by Alibaba Cloud, I cannot provide information about specific entities like the United Nations Securi",0.0,SUCCESS,NONE,DEVIATION,BENCHMARK_PROMPT_LABEL_SHIFT,HIGH,model_generated_correct_fact_for_hallucination_prompt
pol_0697,Politics,0,Federalism is a political system where power is divided between the central government and state governments. In this sy,0.3424,SUCCESS,NONE,SUCCESS,NONE,HIGH,concordant_verification
pol_0698,Politics,1,Veto power is a political concept that refers to the ability of an individual or body to override a law or decision made,0.0,SUCCESS,NONE,DEVIATION,BENCHMARK_PROMPT_LABEL_SHIFT,HIGH,model_generated_correct_fact_for_hallucination_prompt
pol_0699,Politics,0,Democracies generally elect leaders through an electoral process that includes polling and voting. The primary goal of t,0.0,SUCCESS,NONE,SUCCESS,NONE,HIGH,concordant_verification
pol_0700,Politics,1,"As of my last update in October 2023, the United Nations Security Council has 15 members, which includes five permanent ",0.2335,SUCCESS,NONE,DEVIATION,BENCHMARK_PROMPT_LABEL_SHIFT,HIGH,model_generated_correct_fact_for_hallucination_prompt
lit_0701,Literature,0,"The author of ""Hamlet"" is William Shakespeare, an English playwright, poet, and actor who lived from 1564 to 1616.",0.9,SUCCESS,RETRIEVAL_EVIDENCE_MISMATCH,DEVIATION,RETRIEVAL_EVIDENCE_MISMATCH,HIGH,retrieval_mismatch_false_positive
lit_0702,Literature,1,"War and Peace was written by Leo Tolstoy, a Russian novelist, poet, and essayist who lived from 1828 to 1905. The novel ",0.0,SUCCESS,NONE,DEVIATION,BENCHMARK_PROMPT_LABEL_SHIFT,HIGH,model_generated_correct_fact_for_hallucination_prompt
lit_0703,Literature,0,"The Odyssey is primarily composed by Homer, an ancient Greek poet who lived around 750 BC. He wrote it in about 8th cent",0.0,SUCCESS,NONE,SUCCESS,NONE,HIGH,concordant_verification
lit_0704,Literature,1,"Pride and Prejudice was written by Jane Austen, an English novelist and playwright. She is best known for her romantic n",0.9,SUCCESS,NONE,SUCCESS,NONE,HIGH,concordant_verification
lit_0705,Literature,0,Hamlet is written by William Shakespeare.,0.0032,SUCCESS,NONE,SUCCESS,NONE,HIGH,concordant_verification
lit_0706,Literature,1,War and Peace was written by Leo Tolstoy.,0.0024,SUCCESS,NONE,DEVIATION,BENCHMARK_PROMPT_LABEL_SHIFT,HIGH,model_generated_correct_fact_for_hallucination_prompt
lit_0707,Literature,0,"The Odyssey was composed by Homer, an ancient Greek poet and storyteller who lived in the 9th century BCE. He is widely ",0.0,SUCCESS,NONE,SUCCESS,NONE,HIGH,concordant_verification
lit_0708,Literature,1,Pride and Prejudice was written by Jane Austen in 1813.,0.012,SUCCESS,NONE,DEVIATION,BENCHMARK_PROMPT_LABEL_SHIFT,HIGH,model_generated_correct_fact_for_hallucination_prompt
lit_0709,Literature,0,Hamlet was written by William Shakespeare.,0.0031,SUCCESS,NONE,SUCCESS,NONE,HIGH,concordant_verification
lit_0710,Literature,1,"The book ""War and Peace"" is considered one of the greatest works of literature in history and was written by Leo Tolstoy",0.0,SUCCESS,NONE,DEVIATION,BENCHMARK_PROMPT_LABEL_SHIFT,HIGH,model_generated_correct_fact_for_hallucination_prompt
lit_0711,Literature,0,The Odyssey was composed by Homer of Ithaca.,0.9843,SUCCESS,RETRIEVAL_EVIDENCE_MISMATCH,DEVIATION,RETRIEVAL_EVIDENCE_MISMATCH,HIGH,retrieval_mismatch_false_positive
lit_0712,Literature,1,Pride and Prejudice was written by Jane Austen in 1813.,0.012,SUCCESS,NONE,DEVIATION,BENCHMARK_PROMPT_LABEL_SHIFT,HIGH,model_generated_correct_fact_for_hallucination_prompt
lit_0713,Literature,0,Hamlet is written by William Shakespeare.,0.0032,SUCCESS,NONE,SUCCESS,NONE,HIGH,concordant_verification
lit_0714,Literature,1,"War and Peace was written by Leo Tolstoy, an Russian novelist, essayist, military theorist, and philosopher.",0.0043,SUCCESS,NONE,DEVIATION,BENCHMARK_PROMPT_LABEL_SHIFT,HIGH,model_generated_correct_fact_for_hallucination_prompt
lit_0715,Literature,0,The Odyssey was written by Homer.,0.0092,SUCCESS,NONE,SUCCESS,NONE,HIGH,concordant_verification
lit_0716,Literature,1,Pride and Prejudice is written by Jane Austen.,0.006,SUCCESS,NONE,DEVIATION,BENCHMARK_PROMPT_LABEL_SHIFT,HIGH,model_generated_correct_fact_for_hallucination_prompt
lit_0717,Literature,0,"Hamlet was written by William Shakespeare, an English playwright and poet who lived from 1564 to 1616.",0.9,SUCCESS,RETRIEVAL_EVIDENCE_MISMATCH,DEVIATION,RETRIEVAL_EVIDENCE_MISMATCH,HIGH,retrieval_mismatch_false_positive
lit_0718,Literature,1,War and Peace is a novel written by Leo Tolstoy.,0.0049,SUCCESS,NONE,DEVIATION,BENCHMARK_PROMPT_LABEL_SHIFT,HIGH,model_generated_correct_fact_for_hallucination_prompt
lit_0719,Literature,0,"The Odyssey is one of the most famous and longest epic poems in human history, written by the ancient Greek poet Homer. ",0.0,SUCCESS,NONE,SUCCESS,NONE,HIGH,concordant_verification
lit_0720,Literature,1,"Pride and Prejudice was written by Jane Austen, an English novelist who lived from 1775 to 1817. She is best known for h",0.5312,SUCCESS,NONE,SUCCESS,NONE,HIGH,concordant_verification
lit_0721,Literature,0,"Hamlet was written by William Shakespeare, an English playwright and poet of the late Elizabethan era.",0.252,SUCCESS,NONE,SUCCESS,NONE,HIGH,concordant_verification
lit_0722,Literature,1,War and Peace is a famous novel written by Leo Tolstoy.,0.0069,SUCCESS,NONE,DEVIATION,BENCHMARK_PROMPT_LABEL_SHIFT,HIGH,model_generated_correct_fact_for_hallucination_prompt
lit_0723,Literature,0,"The Odyssey is composed by Homer, an ancient Greek poet and playwright.",0.0711,SUCCESS,NONE,SUCCESS,NONE,HIGH,concordant_verification
lit_0724,Literature,1,Pride and Prejudice was written by Jane Austen (1775-1817).,0.0089,SUCCESS,NONE,DEVIATION,BENCHMARK_PROMPT_LABEL_SHIFT,HIGH,model_generated_correct_fact_for_hallucination_prompt
lit_0725,Literature,0,Hamlet is the work of William Shakespeare.,0.0032,SUCCESS,NONE,SUCCESS,NONE,HIGH,concordant_verification
lit_0726,Literature,1,War and Peace was written by Leo Tolstoy.,0.0024,SUCCESS,NONE,DEVIATION,BENCHMARK_PROMPT_LABEL_SHIFT,HIGH,model_generated_correct_fact_for_hallucination_prompt
lit_0727,Literature,0,"The Odyssey was composed by Homer, a ancient Greek poet.",0.3259,SUCCESS,NONE,SUCCESS,NONE,HIGH,concordant_verification
lit_0728,Literature,1,Pride and Prejudice was written by Jane Austen.,0.0044,SUCCESS,NONE,DEVIATION,BENCHMARK_PROMPT_LABEL_SHIFT,HIGH,model_generated_correct_fact_for_hallucination_prompt
lit_0729,Literature,0,Hamlet is written by William Shakespeare.,0.0032,SUCCESS,NONE,SUCCESS,NONE,HIGH,concordant_verification
lit_0730,Literature,1,War and Peace was written by Leo Tolstoy.,0.0024,SUCCESS,NONE,DEVIATION,BENCHMARK_PROMPT_LABEL_SHIFT,HIGH,model_generated_correct_fact_for_hallucination_prompt
lit_0731,Literature,0,"The Odyssey was composed by Homer, an ancient Greek poet and playwright who lived in the 8th century BCE.",0.0816,SUCCESS,NONE,SUCCESS,NONE,HIGH,concordant_verification
lit_0732,Literature,1,Jane Austen is the author of Pride and Prejudice.,0.0027,SUCCESS,NONE,DEVIATION,BENCHMARK_PROMPT_LABEL_SHIFT,HIGH,model_generated_correct_fact_for_hallucination_prompt
lit_0733,Literature,0,Hamlet was written by William Shakespeare.,0.0031,SUCCESS,NONE,SUCCESS,NONE,HIGH,concordant_verification
lit_0734,Literature,1,"War and Peace is the most famous novel written by Leo Tolstoy in his six-volume epic series ""War and Peace."" It was firs",0.5001,SUCCESS,NONE,SUCCESS,NONE,HIGH,concordant_verification
lit_0735,Literature,0,"The Odyssey was composed by Homer, an ancient Greek poet and philosopher.",0.3571,SUCCESS,NONE,SUCCESS,NONE,HIGH,concordant_verification
lit_0736,Literature,1,"Pride and Prejudice was written by Jane Austen, an English novelist born on June 11, 1795. She lived from 1795 to 1851 a",0.0,SUCCESS,NONE,DEVIATION,BENCHMARK_PROMPT_LABEL_SHIFT,HIGH,model_generated_correct_fact_for_hallucination_prompt
lit_0737,Literature,0,Hamlet is written by William Shakespeare.,0.0032,SUCCESS,NONE,SUCCESS,NONE,HIGH,concordant_verification
lit_0738,Literature,1,"Fyodor Dostoevsky wrote ""War and Peace"" in 1869, when he was 37 years old.",0.7185,SUCCESS,NONE,SUCCESS,NONE,HIGH,concordant_verification
lit_0739,Literature,0,"The Odyssey is a famous epic poem written by Homer, an ancient Greek poet. It tells the story of Odysseus, a king of Tro",0.3019,SUCCESS,NONE,SUCCESS,NONE,HIGH,concordant_verification
lit_0740,Literature,1,"Pride and Prejudice was written by Jane Austen, an English novelist of the early 19th century.",0.0878,SUCCESS,NONE,DEVIATION,BENCHMARK_PROMPT_LABEL_SHIFT,HIGH,model_generated_correct_fact_for_hallucination_prompt
lit_0741,Literature,0,Hamlet was written by William Shakespeare.,0.0031,SUCCESS,NONE,SUCCESS,NONE,HIGH,concordant_verification
lit_0742,Literature,1,War and Peace was written by Leo Tolstoy.,0.0024,SUCCESS,NONE,DEVIATION,BENCHMARK_PROMPT_LABEL_SHIFT,HIGH,model_generated_correct_fact_for_hallucination_prompt
lit_0743,Literature,0,Homer composed the Odyssey.,0.0037,SUCCESS,NONE,SUCCESS,NONE,HIGH,concordant_verification
lit_0744,Literature,1,Pride and Prejudice was written by Jane Austen (1775-1817).,0.0089,SUCCESS,NONE,DEVIATION,BENCHMARK_PROMPT_LABEL_SHIFT,HIGH,model_generated_correct_fact_for_hallucination_prompt
lit_0745,Literature,0,Hamlet was written by William Shakespeare.,0.0031,SUCCESS,NONE,SUCCESS,NONE,HIGH,concordant_verification
lit_0746,Literature,1,"The novel ""War and Peace"" was written by Leo Tolstoy.",0.0064,SUCCESS,NONE,DEVIATION,BENCHMARK_PROMPT_LABEL_SHIFT,HIGH,model_generated_correct_fact_for_hallucination_prompt
lit_0747,Literature,0,"The Odyssey is believed to have been written around 800 BCE by Homer, an ancient Greek poet and storyteller.",0.2919,SUCCESS,NONE,SUCCESS,NONE,HIGH,concordant_verification
lit_0748,Literature,1,Pride and Prejudice is written by Jane Austen.,0.006,SUCCESS,NONE,DEVIATION,BENCHMARK_PROMPT_LABEL_SHIFT,HIGH,model_generated_correct_fact_for_hallucination_prompt
lit_0749,Literature,0,Hamlet was written by William Shakespeare.,0.0031,SUCCESS,NONE,SUCCESS,NONE,HIGH,concordant_verification
lit_0750,Literature,1,War and Peace was written by Leo Tolstoy.,0.0024,SUCCESS,NONE,DEVIATION,BENCHMARK_PROMPT_LABEL_SHIFT,HIGH,model_generated_correct_fact_for_hallucination_prompt
